dataset,model,seed,alpha,score,axis,method,target_coverage,marginal_coverage,mean_set_size,coverage_gap,worst_group_coverage,set_size_disparity
ACSPublicCoverage-CA,tabpfn,0,0.05,lac,predclass,marginal,0.95,0.9466666666666667,1.66375,0.002358998786476496,0.9460946094609461,0.05148401438081951
ACSPublicCoverage-CA,tabpfn,0,0.05,lac,sex,marginal,0.95,0.9466666666666667,1.66375,0.019096382351383334,0.9358851674641149,0.01929059481982387
ACSPublicCoverage-CA,tabpfn,0,0.05,lac,age,marginal,0.95,0.9466666666666667,1.66375,0.02708784287828203,0.9278350515463918,0.17787173936970335
ACSPublicCoverage-CA,tabpfn,0,0.05,lac,race,marginal,0.95,0.9466666666666667,1.66375,0.04089481096305925,0.919889502762431,0.3151485606799225
ACSPublicCoverage-CA,tabpfn,0,0.05,lac,predclass,mondrian,0.95,0.94875,1.675,0.018537420752384515,0.9347079037800687,0.04502512106880796
ACSPublicCoverage-CA,tabpfn,0,0.05,lac,sex,mondrian,0.95,0.9475,1.6633333333333333,0.008707780857712843,0.9425837320574163,0.06240223167781922
ACSPublicCoverage-CA,tabpfn,0,0.05,lac,age,mondrian,0.95,0.95125,1.6791666666666667,0.032113598055740655,0.9355670103092784,0.1391556583434599
ACSPublicCoverage-CA,tabpfn,0,0.05,lac,race,mondrian,0.95,0.95125,1.6820833333333334,0.03536994908460622,0.925414364640884,0.2681872347130716
ACSPublicCoverage-CA,tabpfn,0,0.05,aps,predclass,marginal,0.95,1.0,2.0,0.0,1.0,0.0
ACSPublicCoverage-CA,tabpfn,0,0.05,aps,sex,marginal,0.95,1.0,2.0,0.0,1.0,0.0
ACSPublicCoverage-CA,tabpfn,0,0.05,aps,age,marginal,0.95,1.0,2.0,0.0,1.0,0.0
ACSPublicCoverage-CA,tabpfn,0,0.05,aps,race,marginal,0.95,1.0,2.0,0.0,1.0,0.0
ACSPublicCoverage-CA,tabpfn,0,0.05,aps,predclass,mondrian,0.95,1.0,2.0,0.0,1.0,0.0
ACSPublicCoverage-CA,tabpfn,0,0.05,aps,sex,mondrian,0.95,1.0,2.0,0.0,1.0,0.0
ACSPublicCoverage-CA,tabpfn,0,0.05,aps,age,mondrian,0.95,1.0,2.0,0.0,1.0,0.0
ACSPublicCoverage-CA,tabpfn,0,0.05,aps,race,mondrian,0.95,1.0,2.0,0.0,1.0,0.0
ACSPublicCoverage-CA,tabpfn,0,0.1,lac,predclass,marginal,0.9,0.8929166666666667,1.45125,0.023414197089812072,0.8872387238723872,0.17550157077563422
ACSPublicCoverage-CA,tabpfn,0,0.1,lac,sex,marginal,0.9,0.8929166666666667,1.45125,0.020505305531524187,0.8813397129186603,0.019396528893518505
ACSPublicCoverage-CA,tabpfn,0,0.1,lac,age,marginal,0.9,0.8929166666666667,1.45125,0.022274705029203146,0.8788659793814433,0.12464231115989177
ACSPublicCoverage-CA,tabpfn,0,0.1,lac,race,marginal,0.9,0.8929166666666667,1.45125,0.04737543682674639,0.8536585365853658,0.2874848583330871
ACSPublicCoverage-CA,tabpfn,0,0.1,lac,predclass,mondrian,0.9,0.8941666666666667,1.4616666666666667,0.019064793077245845,0.8797250859106529,0.03019064793077253
ACSPublicCoverage-CA,tabpfn,0,0.1,lac,sex,mondrian,0.9,0.8945833333333333,1.4533333333333334,0.0014230477233001526,0.8937799043062201,0.0801144087995902
ACSPublicCoverage-CA,tabpfn,0,0.1,lac,age,mondrian,0.9,0.8970833333333333,1.4579166666666667,0.03489169707111983,0.8833592534992224,0.12375053898318367
ACSPublicCoverage-CA,tabpfn,0,0.1,lac,race,mondrian,0.9,0.8916666666666667,1.4525,0.08876439576803452,0.8130081300813008,0.2749445676274944
ACSPublicCoverage-CA,tabpfn,0,0.1,aps,predclass,marginal,0.9,1.0,2.0,0.0,1.0,0.0
ACSPublicCoverage-CA,tabpfn,0,0.1,aps,sex,marginal,0.9,1.0,2.0,0.0,1.0,0.0
ACSPublicCoverage-CA,tabpfn,0,0.1,aps,age,marginal,0.9,1.0,2.0,0.0,1.0,0.0
ACSPublicCoverage-CA,tabpfn,0,0.1,aps,race,marginal,0.9,1.0,2.0,0.0,1.0,0.0
ACSPublicCoverage-CA,tabpfn,0,0.1,aps,predclass,mondrian,0.9,1.0,2.0,0.0,1.0,0.0
ACSPublicCoverage-CA,tabpfn,0,0.1,aps,sex,mondrian,0.9,1.0,2.0,0.0,1.0,0.0
ACSPublicCoverage-CA,tabpfn,0,0.1,aps,age,mondrian,0.9,1.0,2.0,0.0,1.0,0.0
ACSPublicCoverage-CA,tabpfn,0,0.1,aps,race,mondrian,0.9,1.0,2.0,0.0,1.0,0.0
ACSPublicCoverage-CA,tabpfn,0,0.2,lac,predclass,marginal,0.8,0.7954166666666667,1.1720833333333334,0.016030984541753113,0.7915291529152916,0.15162804940287855
ACSPublicCoverage-CA,tabpfn,0,0.2,lac,sex,marginal,0.8,0.7954166666666667,1.1720833333333334,0.032560603117992915,0.7770334928229665,0.009876586804145715
ACSPublicCoverage-CA,tabpfn,0,0.2,lac,age,marginal,0.8,0.7954166666666667,1.1720833333333334,0.028132742787196463,0.776049766718507,0.06291385419505868
ACSPublicCoverage-CA,tabpfn,0,0.2,lac,race,marginal,0.8,0.7954166666666667,1.1720833333333334,0.05395357540303913,0.7664884135472371,0.10581440009454313
ACSPublicCoverage-CA,tabpfn,0,0.2,lac,predclass,mondrian,0.8,0.79625,1.1783333333333332,0.0013212661472333798,0.7959295929592959,0.1274993478729316
ACSPublicCoverage-CA,tabpfn,0,0.2,lac,sex,mondrian,0.8,0.7966666666666666,1.1791666666666667,0.01274033792969509,0.7894736842105263,0.03859531418280682
ACSPublicCoverage-CA,tabpfn,0,0.2,lac,age,mondrian,0.8,0.795,1.1745833333333333,0.05597954177422193,0.7636080870917574,0.02526181338663247
ACSPublicCoverage-CA,tabpfn,0,0.2,lac,race,mondrian,0.8,0.7954166666666667,1.1783333333333332,0.0318367443660692,0.7754010695187166,0.21266286524655054
ACSPublicCoverage-CA,tabpfn,0,0.2,aps,predclass,marginal,0.8,1.0,2.0,0.0,1.0,0.0
ACSPublicCoverage-CA,tabpfn,0,0.2,aps,sex,marginal,0.8,1.0,2.0,0.0,1.0,0.0
ACSPublicCoverage-CA,tabpfn,0,0.2,aps,age,marginal,0.8,1.0,2.0,0.0,1.0,0.0
ACSPublicCoverage-CA,tabpfn,0,0.2,aps,race,marginal,0.8,1.0,2.0,0.0,1.0,0.0
ACSPublicCoverage-CA,tabpfn,0,0.2,aps,predclass,mondrian,0.8,1.0,2.0,0.0,1.0,0.0
ACSPublicCoverage-CA,tabpfn,0,0.2,aps,sex,mondrian,0.8,1.0,2.0,0.0,1.0,0.0
ACSPublicCoverage-CA,tabpfn,0,0.2,aps,age,mondrian,0.8,1.0,2.0,0.0,1.0,0.0
ACSPublicCoverage-CA,tabpfn,0,0.2,aps,race,mondrian,0.8,1.0,2.0,0.0,1.0,0.0
ACSPublicCoverage-CA,tabpfn,1,0.05,lac,predclass,marginal,0.95,0.9541666666666667,1.6566666666666667,0.02321851020707233,0.9489521762493284,0.00731348178956992
ACSPublicCoverage-CA,tabpfn,1,0.05,lac,sex,marginal,0.95,0.9541666666666667,1.6566666666666667,0.01787848151059368,0.946441672780631,0.14778790050593216
ACSPublicCoverage-CA,tabpfn,1,0.05,lac,age,marginal,0.95,0.9541666666666667,1.6566666666666667,0.027921597633136064,0.9408284023668639,0.24468911595067633
ACSPublicCoverage-CA,tabpfn,1,0.05,lac,race,marginal,0.95,0.9541666666666667,1.6566666666666667,0.042691629586096846,0.9302325581395349,0.23177105196876835
ACSPublicCoverage-CA,tabpfn,1,0.05,lac,predclass,mondrian,0.95,0.9541666666666667,1.655,0.020825877124334258,0.9494895217624932,0.024033999316105614
ACSPublicCoverage-CA,tabpfn,1,0.05,lac,sex,mondrian,0.95,0.955,1.66375,0.014713134210301071,0.9486426999266324,0.13022142573638185
ACSPublicCoverage-CA,tabpfn,1,0.05,lac,age,mondrian,0.95,0.9545833333333333,1.66,0.018728639173699824,0.9478584729981379,0.13162925743501597
ACSPublicCoverage-CA,tabpfn,1,0.05,lac,race,mondrian,0.95,0.9595833333333333,1.6704166666666667,0.021977253066001734,0.9518599562363238,0.11254092242973224
ACSPublicCoverage-CA,tabpfn,1,0.05,aps,predclass,marginal,0.95,1.0,2.0,0.0,1.0,0.0
ACSPublicCoverage-CA,tabpfn,1,0.05,aps,sex,marginal,0.95,1.0,2.0,0.0,1.0,0.0
ACSPublicCoverage-CA,tabpfn,1,0.05,aps,age,marginal,0.95,1.0,2.0,0.0,1.0,0.0
ACSPublicCoverage-CA,tabpfn,1,0.05,aps,race,marginal,0.95,1.0,2.0,0.0,1.0,0.0
ACSPublicCoverage-CA,tabpfn,1,0.05,aps,predclass,mondrian,0.95,1.0,2.0,0.0,1.0,0.0
ACSPublicCoverage-CA,tabpfn,1,0.05,aps,sex,mondrian,0.95,1.0,2.0,0.0,1.0,0.0
ACSPublicCoverage-CA,tabpfn,1,0.05,aps,age,mondrian,0.95,1.0,2.0,0.0,1.0,0.0
ACSPublicCoverage-CA,tabpfn,1,0.05,aps,race,mondrian,0.95,1.0,2.0,0.0,1.0,0.0
ACSPublicCoverage-CA,tabpfn,1,0.1,lac,predclass,marginal,0.9,0.9129166666666667,1.4929166666666667,0.04052621976933024,0.9038151531434713,0.10603651357470345
ACSPublicCoverage-CA,tabpfn,1,0.1,lac,sex,marginal,0.9,0.9129166666666667,1.4929166666666667,0.007310579717014765,0.9097578870139399,0.09991927444636506
ACSPublicCoverage-CA,tabpfn,1,0.1,lac,age,marginal,0.9,0.9129166666666667,1.4929166666666667,0.03343054045275451,0.8949704142011834,0.1177126839697693
ACSPublicCoverage-CA,tabpfn,1,0.1,lac,race,marginal,0.9,0.9129166666666667,1.4929166666666667,0.05703000177525297,0.8895348837209303,0.26769372848627326
ACSPublicCoverage-CA,tabpfn,1,0.1,lac,predclass,mondrian,0.9,0.91,1.4891666666666667,0.0012202428721964642,0.9097259537882859,0.008759030943724211
ACSPublicCoverage-CA,tabpfn,1,0.1,lac,sex,mondrian,0.9,0.91125,1.4858333333333333,0.023829249535350483,0.900953778429934,0.1412576913906658
ACSPublicCoverage-CA,tabpfn,1,0.1,lac,age,mondrian,0.9,0.9129166666666667,1.4970833333333333,0.03134624871668379,0.8994413407821229,0.12574271579156715
ACSPublicCoverage-CA,tabpfn,1,0.1,lac,race,mondrian,0.9,0.9170833333333334,1.5125,0.020047818794155403,0.9095550692924872,0.19567613745969648
ACSPublicCoverage-CA,tabpfn,1,0.1,aps,predclass,marginal,0.9,1.0,2.0,0.0,1.0,0.0
ACSPublicCoverage-CA,tabpfn,1,0.1,aps,sex,marginal,0.9,1.0,2.0,0.0,1.0,0.0
ACSPublicCoverage-CA,tabpfn,1,0.1,aps,age,marginal,0.9,1.0,2.0,0.0,1.0,0.0
ACSPublicCoverage-CA,tabpfn,1,0.1,aps,race,marginal,0.9,1.0,2.0,0.0,1.0,0.0
ACSPublicCoverage-CA,tabpfn,1,0.1,aps,predclass,mondrian,0.9,1.0,2.0,0.0,1.0,0.0
ACSPublicCoverage-CA,tabpfn,1,0.1,aps,sex,mondrian,0.9,1.0,2.0,0.0,1.0,0.0
ACSPublicCoverage-CA,tabpfn,1,0.1,aps,age,mondrian,0.9,1.0,2.0,0.0,1.0,0.0
ACSPublicCoverage-CA,tabpfn,1,0.1,aps,race,mondrian,0.9,1.0,2.0,0.0,1.0,0.0
ACSPublicCoverage-CA,tabpfn,1,0.2,lac,predclass,marginal,0.8,0.8016666666666666,1.1608333333333334,0.06436581764746341,0.7872111767866738,0.17779855823918145
ACSPublicCoverage-CA,tabpfn,1,0.2,lac,sex,marginal,0.8,0.8016666666666666,1.1608333333333334,0.02432945081861082,0.7878495660559306,0.005460471717402493
ACSPublicCoverage-CA,tabpfn,1,0.2,lac,age,marginal,0.8,0.8016666666666666,1.1608333333333334,0.07533437748607796,0.7838541666666666,0.049494575936883445
ACSPublicCoverage-CA,tabpfn,1,0.2,lac,race,marginal,0.8,0.8016666666666666,1.1608333333333334,0.07198170143577587,0.7906137184115524,0.1285996138023675
ACSPublicCoverage-CA,tabpfn,1,0.2,lac,predclass,mondrian,0.8,0.8016666666666666,1.1679166666666667,0.00454999057900729,0.800644814615798,0.046639397295726415
ACSPublicCoverage-CA,tabpfn,1,0.2,lac,sex,mondrian,0.8,0.8075,1.1775,0.009546981776966779,0.8033749082905356,0.10006714158667807
ACSPublicCoverage-CA,tabpfn,1,0.2,lac,age,mondrian,0.8,0.80125,1.17125,0.006048138560157734,0.7973372781065089,0.16585699961870337
ACSPublicCoverage-CA,tabpfn,1,0.2,lac,race,mondrian,0.8,0.8025,1.1720833333333334,0.035562162794193886,0.7964989059080962,0.20511501972966162
ACSPublicCoverage-CA,tabpfn,1,0.2,aps,predclass,marginal,0.8,1.0,2.0,0.0,1.0,0.0
ACSPublicCoverage-CA,tabpfn,1,0.2,aps,sex,marginal,0.8,1.0,2.0,0.0,1.0,0.0
ACSPublicCoverage-CA,tabpfn,1,0.2,aps,age,marginal,0.8,1.0,2.0,0.0,1.0,0.0
ACSPublicCoverage-CA,tabpfn,1,0.2,aps,race,marginal,0.8,1.0,2.0,0.0,1.0,0.0
ACSPublicCoverage-CA,tabpfn,1,0.2,aps,predclass,mondrian,0.8,1.0,2.0,0.0,1.0,0.0
ACSPublicCoverage-CA,tabpfn,1,0.2,aps,sex,mondrian,0.8,1.0,2.0,0.0,1.0,0.0
ACSPublicCoverage-CA,tabpfn,1,0.2,aps,age,mondrian,0.8,1.0,2.0,0.0,1.0,0.0
ACSPublicCoverage-CA,tabpfn,1,0.2,aps,race,mondrian,0.8,1.0,2.0,0.0,1.0,0.0
ACSPublicCoverage-CA,tabpfn,2,0.05,lac,predclass,marginal,0.95,0.9595833333333333,1.6683333333333332,0.027874494565232943,0.952928297755884,0.09639009963978373
ACSPublicCoverage-CA,tabpfn,2,0.05,lac,sex,marginal,0.95,0.9595833333333333,1.6683333333333332,0.002272727272727204,0.9583333333333334,0.07272727272727275
ACSPublicCoverage-CA,tabpfn,2,0.05,lac,age,marginal,0.95,0.9595833333333333,1.6683333333333332,0.0257806594791673,0.9469578783151326,0.2247238075291902
ACSPublicCoverage-CA,tabpfn,2,0.05,lac,race,marginal,0.95,0.9595833333333333,1.6683333333333332,0.034437350359138086,0.9441340782122905,0.20223463687150844
ACSPublicCoverage-CA,tabpfn,2,0.05,lac,predclass,mondrian,0.95,0.9616666666666667,1.6766666666666667,8.02391125553914e-05,0.9616055846422339,0.008551196852334186
ACSPublicCoverage-CA,tabpfn,2,0.05,lac,sex,mondrian,0.95,0.9633333333333334,1.6870833333333333,0.017508417508417473,0.9537037037037037,0.015067340067340007
ACSPublicCoverage-CA,tabpfn,2,0.05,lac,age,mondrian,0.95,0.96625,1.6945833333333333,0.00781890849433653,0.9624413145539906,0.17353439098033063
ACSPublicCoverage-CA,tabpfn,2,0.05,lac,race,mondrian,0.95,0.965,1.6983333333333333,0.04716285924834196,0.952837140751658,0.20302069459749972
ACSPublicCoverage-CA,tabpfn,2,0.05,aps,predclass,marginal,0.95,1.0,2.0,0.0,1.0,0.0
ACSPublicCoverage-CA,tabpfn,2,0.05,aps,sex,marginal,0.95,1.0,2.0,0.0,1.0,0.0
ACSPublicCoverage-CA,tabpfn,2,0.05,aps,age,marginal,0.95,1.0,2.0,0.0,1.0,0.0
ACSPublicCoverage-CA,tabpfn,2,0.05,aps,race,marginal,0.95,1.0,2.0,0.0,1.0,0.0
ACSPublicCoverage-CA,tabpfn,2,0.05,aps,predclass,mondrian,0.95,1.0,2.0,0.0,1.0,0.0
ACSPublicCoverage-CA,tabpfn,2,0.05,aps,sex,mondrian,0.95,1.0,2.0,0.0,1.0,0.0
ACSPublicCoverage-CA,tabpfn,2,0.05,aps,age,mondrian,0.95,1.0,2.0,0.0,1.0,0.0
ACSPublicCoverage-CA,tabpfn,2,0.05,aps,race,mondrian,0.95,1.0,2.0,0.0,1.0,0.0
ACSPublicCoverage-CA,tabpfn,2,0.1,lac,predclass,marginal,0.9,0.8983333333333333,1.4566666666666668,0.06706843536596208,0.8823207443897099,0.21167077892118513
ACSPublicCoverage-CA,tabpfn,2,0.1,lac,sex,marginal,0.9,0.8983333333333333,1.4566666666666668,0.0037037037037037646,0.8962962962962963,0.046801346801346844
ACSPublicCoverage-CA,tabpfn,2,0.1,lac,age,marginal,0.9,0.8983333333333333,1.4566666666666668,0.025554178060658517,0.890795631825273,0.1385325584236523
ACSPublicCoverage-CA,tabpfn,2,0.1,lac,race,marginal,0.9,0.8983333333333333,1.4566666666666668,0.08407821229050272,0.8659217877094972,0.27134949515657825
ACSPublicCoverage-CA,tabpfn,2,0.1,lac,predclass,mondrian,0.9,0.895,1.44375,0.00037827010204694034,0.8949096880131363,0.0016764243158899905
ACSPublicCoverage-CA,tabpfn,2,0.1,lac,sex,mondrian,0.9,0.8975,1.4554166666666666,0.008922558922558887,0.8925925925925926,0.025505050505050697
ACSPublicCoverage-CA,tabpfn,2,0.1,lac,age,mondrian,0.9,0.9,1.46,0.010087788191353808,0.892018779342723,0.19409393161945654
ACSPublicCoverage-CA,tabpfn,2,0.1,lac,race,mondrian,0.9,0.9045833333333333,1.4733333333333334,0.08174018317717646,0.8968312453942521,0.3005895357406043
ACSPublicCoverage-CA,tabpfn,2,0.1,aps,predclass,marginal,0.9,1.0,2.0,0.0,1.0,0.0
ACSPublicCoverage-CA,tabpfn,2,0.1,aps,sex,marginal,0.9,1.0,2.0,0.0,1.0,0.0
ACSPublicCoverage-CA,tabpfn,2,0.1,aps,age,marginal,0.9,1.0,2.0,0.0,1.0,0.0
ACSPublicCoverage-CA,tabpfn,2,0.1,aps,race,marginal,0.9,1.0,2.0,0.0,1.0,0.0
ACSPublicCoverage-CA,tabpfn,2,0.1,aps,predclass,mondrian,0.9,1.0,2.0,0.0,1.0,0.0
ACSPublicCoverage-CA,tabpfn,2,0.1,aps,sex,mondrian,0.9,1.0,2.0,0.0,1.0,0.0
ACSPublicCoverage-CA,tabpfn,2,0.1,aps,age,mondrian,0.9,1.0,2.0,0.0,1.0,0.0
ACSPublicCoverage-CA,tabpfn,2,0.1,aps,race,mondrian,0.9,1.0,2.0,0.0,1.0,0.0
ACSPublicCoverage-CA,tabpfn,2,0.2,lac,predclass,marginal,0.8,0.7970833333333334,1.1541666666666666,0.04876532065555361,0.7854406130268199,0.1665821290302243
ACSPublicCoverage-CA,tabpfn,2,0.2,lac,sex,marginal,0.8,0.7970833333333334,1.1541666666666666,0.0036195286195286336,0.7954545454545454,0.007575757575757569
ACSPublicCoverage-CA,tabpfn,2,0.2,lac,age,marginal,0.8,0.7970833333333334,1.1541666666666666,0.059380609778506455,0.7695167286245354,0.02286351677115417
ACSPublicCoverage-CA,tabpfn,2,0.2,lac,race,marginal,0.8,0.7970833333333334,1.1541666666666666,0.020493127716968762,0.7834862385321101,0.10486392291527857
ACSPublicCoverage-CA,tabpfn,2,0.2,lac,predclass,mondrian,0.8,0.8020833333333334,1.1720833333333334,0.012823929595910166,0.7923211169284468,0.03758915854962086
ACSPublicCoverage-CA,tabpfn,2,0.2,lac,sex,mondrian,0.8,0.8,1.16,0.0033670033670033517,0.7984848484848485,0.010437710437710468
ACSPublicCoverage-CA,tabpfn,2,0.2,lac,age,mondrian,0.8,0.8016666666666666,1.1716666666666666,0.05304598801052407,0.7831474597273854,0.20496135434771
ACSPublicCoverage-CA,tabpfn,2,0.2,lac,race,mondrian,0.8,0.8,1.17125,0.04521149241819633,0.7905027932960894,0.20099760574620906
ACSPublicCoverage-CA,tabpfn,2,0.2,aps,predclass,marginal,0.8,1.0,2.0,0.0,1.0,0.0
ACSPublicCoverage-CA,tabpfn,2,0.2,aps,sex,marginal,0.8,1.0,2.0,0.0,1.0,0.0
ACSPublicCoverage-CA,tabpfn,2,0.2,aps,age,marginal,0.8,1.0,2.0,0.0,1.0,0.0
ACSPublicCoverage-CA,tabpfn,2,0.2,aps,race,marginal,0.8,1.0,2.0,0.0,1.0,0.0
ACSPublicCoverage-CA,tabpfn,2,0.2,aps,predclass,mondrian,0.8,1.0,2.0,0.0,1.0,0.0
ACSPublicCoverage-CA,tabpfn,2,0.2,aps,sex,mondrian,0.8,1.0,2.0,0.0,1.0,0.0
ACSPublicCoverage-CA,tabpfn,2,0.2,aps,age,mondrian,0.8,1.0,2.0,0.0,1.0,0.0
ACSPublicCoverage-CA,tabpfn,2,0.2,aps,race,mondrian,0.8,1.0,2.0,0.0,1.0,0.0
ACSPublicCoverage-CA,tabpfn,3,0.05,lac,predclass,marginal,0.95,0.9545833333333333,1.6595833333333334,0.041186813186813276,0.9434285714285714,0.18202197802197806
ACSPublicCoverage-CA,tabpfn,3,0.05,lac,sex,marginal,0.95,0.9545833333333333,1.6595833333333334,0.018460508465617753,0.9464684014869889,0.11355732130587226
ACSPublicCoverage-CA,tabpfn,3,0.05,lac,age,marginal,0.95,0.9545833333333333,1.6595833333333334,0.035685749588138305,0.94125,0.1351639924709127
ACSPublicCoverage-CA,tabpfn,3,0.05,lac,race,marginal,0.95,0.9545833333333333,1.6595833333333334,0.07404684827322972,0.9133858267716536,0.2905212913490791
ACSPublicCoverage-CA,tabpfn,3,0.05,lac,predclass,mondrian,0.95,0.9508333333333333,1.6504166666666666,0.004131868131868166,0.9497142857142857,0.03635164835164839
ACSPublicCoverage-CA,tabpfn,3,0.05,lac,sex,mondrian,0.95,0.9579166666666666,1.66875,0.009129829630543096,0.9539033457249071,0.07690410331401187
ACSPublicCoverage-CA,tabpfn,3,0.05,lac,age,mondrian,0.95,0.96125,1.685,0.025288303130148293,0.95,0.07966816245509878
ACSPublicCoverage-CA,tabpfn,3,0.05,lac,race,mondrian,0.95,0.9566666666666667,1.66375,0.01140089659101906,0.9491017964071856,0.13996034504370014
ACSPublicCoverage-CA,tabpfn,3,0.05,aps,predclass,marginal,0.95,1.0,2.0,0.0,1.0,0.0
ACSPublicCoverage-CA,tabpfn,3,0.05,aps,sex,marginal,0.95,1.0,2.0,0.0,1.0,0.0
ACSPublicCoverage-CA,tabpfn,3,0.05,aps,age,marginal,0.95,1.0,2.0,0.0,1.0,0.0
ACSPublicCoverage-CA,tabpfn,3,0.05,aps,race,marginal,0.95,1.0,2.0,0.0,1.0,0.0
ACSPublicCoverage-CA,tabpfn,3,0.05,aps,predclass,mondrian,0.95,1.0,2.0,0.0,1.0,0.0
ACSPublicCoverage-CA,tabpfn,3,0.05,aps,sex,mondrian,0.95,1.0,2.0,0.0,1.0,0.0
ACSPublicCoverage-CA,tabpfn,3,0.05,aps,age,mondrian,0.95,1.0,2.0,0.0,1.0,0.0
ACSPublicCoverage-CA,tabpfn,3,0.05,aps,race,mondrian,0.95,1.0,2.0,0.0,1.0,0.0
ACSPublicCoverage-CA,tabpfn,3,0.1,lac,predclass,marginal,0.9,0.91125,1.4775,0.06263736263736264,0.8942857142857142,0.2819340659340659
ACSPublicCoverage-CA,tabpfn,3,0.1,lac,sex,marginal,0.9,0.91125,1.4775,0.00569777480223399,0.9080568720379147,0.03930301802357339
ACSPublicCoverage-CA,tabpfn,3,0.1,lac,age,marginal,0.9,0.91125,1.4775,0.05444192751235588,0.88625,0.14831136738056006
ACSPublicCoverage-CA,tabpfn,3,0.1,lac,race,marginal,0.9,0.91125,1.4775,0.06494295932936567,0.8740157480314961,0.22837269805093574
ACSPublicCoverage-CA,tabpfn,3,0.1,lac,predclass,mondrian,0.9,0.9008333333333334,1.4745833333333334,0.04334065934065934,0.8692307692307693,0.011560439560439617
ACSPublicCoverage-CA,tabpfn,3,0.1,lac,sex,mondrian,0.9,0.9120833333333334,1.4808333333333332,0.0071847636498175715,0.9080568720379147,0.03335506263323862
ACSPublicCoverage-CA,tabpfn,3,0.1,lac,age,mondrian,0.9,0.9166666666666666,1.4958333333333333,0.03864703459637553,0.89875,0.12806052622888853
ACSPublicCoverage-CA,tabpfn,3,0.1,lac,race,mondrian,0.9,0.9158333333333334,1.4954166666666666,0.05058030223780374,0.8740157480314961,0.14444339667122463
ACSPublicCoverage-CA,tabpfn,3,0.1,aps,predclass,marginal,0.9,1.0,2.0,0.0,1.0,0.0
ACSPublicCoverage-CA,tabpfn,3,0.1,aps,sex,marginal,0.9,1.0,2.0,0.0,1.0,0.0
ACSPublicCoverage-CA,tabpfn,3,0.1,aps,age,marginal,0.9,1.0,2.0,0.0,1.0,0.0
ACSPublicCoverage-CA,tabpfn,3,0.1,aps,race,marginal,0.9,1.0,2.0,0.0,1.0,0.0
ACSPublicCoverage-CA,tabpfn,3,0.1,aps,predclass,mondrian,0.9,1.0,2.0,0.0,1.0,0.0
ACSPublicCoverage-CA,tabpfn,3,0.1,aps,sex,mondrian,0.9,1.0,2.0,0.0,1.0,0.0
ACSPublicCoverage-CA,tabpfn,3,0.1,aps,age,mondrian,0.9,1.0,2.0,0.0,1.0,0.0
ACSPublicCoverage-CA,tabpfn,3,0.1,aps,race,mondrian,0.9,1.0,2.0,0.0,1.0,0.0
ACSPublicCoverage-CA,tabpfn,3,0.2,lac,predclass,marginal,0.8,0.80875,1.1904166666666667,0.015428571428571347,0.8045714285714286,0.2051428571428573
ACSPublicCoverage-CA,tabpfn,3,0.2,lac,sex,marginal,0.8,0.80875,1.1904166666666667,0.012230659454888215,0.8018957345971564,0.03232262724854196
ACSPublicCoverage-CA,tabpfn,3,0.2,lac,age,marginal,0.8,0.80875,1.1904166666666667,0.027463556209478823,0.799554565701559,0.08535226281616426
ACSPublicCoverage-CA,tabpfn,3,0.2,lac,race,marginal,0.8,0.80875,1.1904166666666667,0.07396560958100207,0.7480314960629921,0.1333759769509455
ACSPublicCoverage-CA,tabpfn,3,0.2,lac,predclass,mondrian,0.8,0.8125,1.1941666666666666,0.044571428571428595,0.78,0.07762637362637381
ACSPublicCoverage-CA,tabpfn,3,0.2,lac,sex,mondrian,0.8,0.8083333333333333,1.1879166666666667,0.00472171814161626,0.8056872037914692,0.0452404024031432
ACSPublicCoverage-CA,tabpfn,3,0.2,lac,age,mondrian,0.8,0.8075,1.18875,0.07654264378357134,0.7616926503340757,0.1801183666430619
ACSPublicCoverage-CA,tabpfn,3,0.2,lac,race,mondrian,0.8,0.8095833333333333,1.18625,0.0632827010950694,0.7637795275590551,0.054599633077703214
ACSPublicCoverage-CA,tabpfn,3,0.2,aps,predclass,marginal,0.8,1.0,2.0,0.0,1.0,0.0
ACSPublicCoverage-CA,tabpfn,3,0.2,aps,sex,marginal,0.8,1.0,2.0,0.0,1.0,0.0
ACSPublicCoverage-CA,tabpfn,3,0.2,aps,age,marginal,0.8,1.0,2.0,0.0,1.0,0.0
ACSPublicCoverage-CA,tabpfn,3,0.2,aps,race,marginal,0.8,1.0,2.0,0.0,1.0,0.0
ACSPublicCoverage-CA,tabpfn,3,0.2,aps,predclass,mondrian,0.8,1.0,2.0,0.0,1.0,0.0
ACSPublicCoverage-CA,tabpfn,3,0.2,aps,sex,mondrian,0.8,1.0,2.0,0.0,1.0,0.0
ACSPublicCoverage-CA,tabpfn,3,0.2,aps,age,mondrian,0.8,1.0,2.0,0.0,1.0,0.0
ACSPublicCoverage-CA,tabpfn,3,0.2,aps,race,mondrian,0.8,1.0,2.0,0.0,1.0,0.0
ACSPublicCoverage-CA,tabpfn,4,0.05,lac,predclass,marginal,0.95,0.9466666666666667,1.6304166666666666,0.02532233459921185,0.9399773499433749,0.1121410019613378
ACSPublicCoverage-CA,tabpfn,4,0.05,lac,sex,marginal,0.95,0.9466666666666667,1.6304166666666666,0.0021423915150020623,0.945724907063197,0.06242886590672847
ACSPublicCoverage-CA,tabpfn,4,0.05,lac,age,marginal,0.95,0.9466666666666667,1.6304166666666666,0.019841017488076318,0.9388235294117647,0.1517329093799682
ACSPublicCoverage-CA,tabpfn,4,0.05,lac,race,marginal,0.95,0.9466666666666667,1.6304166666666666,0.07017240185557017,0.9158415841584159,0.4133663366336635
ACSPublicCoverage-CA,tabpfn,4,0.05,lac,predclass,mondrian,0.95,0.945,1.635,0.0002786600026436492,0.944794952681388,0.039462543451311394
ACSPublicCoverage-CA,tabpfn,4,0.05,lac,sex,mondrian,0.95,0.9466666666666667,1.63125,0.0021423915150020623,0.945724907063197,0.06432460050388489
ACSPublicCoverage-CA,tabpfn,4,0.05,lac,age,mondrian,0.95,0.9491666666666667,1.6391666666666667,0.02513533637882115,0.9367088607594937,0.13468998410174882
ACSPublicCoverage-CA,tabpfn,4,0.05,lac,race,mondrian,0.95,0.9458333333333333,1.6433333333333333,0.04684484654811072,0.9391691394658753,0.16494990745365334
ACSPublicCoverage-CA,tabpfn,4,0.05,aps,predclass,marginal,0.95,1.0,2.0,0.0,1.0,0.0
ACSPublicCoverage-CA,tabpfn,4,0.05,aps,sex,marginal,0.95,1.0,2.0,0.0,1.0,0.0
ACSPublicCoverage-CA,tabpfn,4,0.05,aps,age,marginal,0.95,1.0,2.0,0.0,1.0,0.0
ACSPublicCoverage-CA,tabpfn,4,0.05,aps,race,marginal,0.95,1.0,2.0,0.0,1.0,0.0
ACSPublicCoverage-CA,tabpfn,4,0.05,aps,predclass,mondrian,0.95,1.0,2.0,0.0,1.0,0.0
ACSPublicCoverage-CA,tabpfn,4,0.05,aps,sex,mondrian,0.95,1.0,2.0,0.0,1.0,0.0
ACSPublicCoverage-CA,tabpfn,4,0.05,aps,age,mondrian,0.95,1.0,2.0,0.0,1.0,0.0
ACSPublicCoverage-CA,tabpfn,4,0.05,aps,race,mondrian,0.95,1.0,2.0,0.0,1.0,0.0
ACSPublicCoverage-CA,tabpfn,4,0.1,lac,predclass,marginal,0.9,0.8895833333333333,1.4408333333333334,0.0514538549753315,0.8759909399773499,0.2175941638592267
ACSPublicCoverage-CA,tabpfn,4,0.1,lac,sex,marginal,0.9,0.8895833333333333,1.4408333333333334,0.016085554713789918,0.8805687203791469,0.0052079846367976135
ACSPublicCoverage-CA,tabpfn,4,0.1,lac,age,marginal,0.9,0.8895833333333333,1.4408333333333334,0.03921370818188563,0.8713745271122321,0.09011128775834676
ACSPublicCoverage-CA,tabpfn,4,0.1,lac,race,marginal,0.9,0.8895833333333333,1.4408333333333334,0.0970885550093471,0.8539603960396039,0.4019801980198019
ACSPublicCoverage-CA,tabpfn,4,0.1,lac,predclass,mondrian,0.9,0.8870833333333333,1.4370833333333333,0.009837055349736112,0.8844847112117781,0.10479581009678074
ACSPublicCoverage-CA,tabpfn,4,0.1,lac,sex,mondrian,0.9,0.8870833333333333,1.4404166666666667,0.0019063056079211549,0.8862453531598513,0.047967723180464716
ACSPublicCoverage-CA,tabpfn,4,0.1,lac,age,mondrian,0.9,0.89125,1.4504166666666667,0.046272531711297304,0.8713745271122321,0.1133863275039746
ACSPublicCoverage-CA,tabpfn,4,0.1,lac,race,mondrian,0.9,0.8970833333333333,1.4658333333333333,0.04357141374945528,0.8864985163204748,0.17541058260128684
ACSPublicCoverage-CA,tabpfn,4,0.1,aps,predclass,marginal,0.9,1.0,2.0,0.0,1.0,0.0
ACSPublicCoverage-CA,tabpfn,4,0.1,aps,sex,marginal,0.9,1.0,2.0,0.0,1.0,0.0
ACSPublicCoverage-CA,tabpfn,4,0.1,aps,age,marginal,0.9,1.0,2.0,0.0,1.0,0.0
ACSPublicCoverage-CA,tabpfn,4,0.1,aps,race,marginal,0.9,1.0,2.0,0.0,1.0,0.0
ACSPublicCoverage-CA,tabpfn,4,0.1,aps,predclass,mondrian,0.9,1.0,2.0,0.0,1.0,0.0
ACSPublicCoverage-CA,tabpfn,4,0.1,aps,sex,mondrian,0.9,1.0,2.0,0.0,1.0,0.0
ACSPublicCoverage-CA,tabpfn,4,0.1,aps,age,mondrian,0.9,1.0,2.0,0.0,1.0,0.0
ACSPublicCoverage-CA,tabpfn,4,0.1,aps,race,mondrian,0.9,1.0,2.0,0.0,1.0,0.0
ACSPublicCoverage-CA,tabpfn,4,0.2,lac,predclass,marginal,0.8,0.7875,1.1675,0.020845911736230405,0.7819932049830125,0.1667780115822528
ACSPublicCoverage-CA,tabpfn,4,0.2,lac,sex,marginal,0.8,0.7875,1.1675,0.01997921034549588,0.776303317535545,0.019810074173258974
ACSPublicCoverage-CA,tabpfn,4,0.2,lac,age,marginal,0.8,0.7875,1.1675,0.05160744751873014,0.7742749054224464,0.04489666136724946
ACSPublicCoverage-CA,tabpfn,4,0.2,lac,race,marginal,0.8,0.7875,1.1675,0.030990791386830918,0.7801980198019802,0.15990099009900982
ACSPublicCoverage-CA,tabpfn,4,0.2,lac,predclass,mondrian,0.8,0.79125,1.1804166666666667,0.009972812786921526,0.7839116719242902,0.0999228326146524
ACSPublicCoverage-CA,tabpfn,4,0.2,lac,sex,mondrian,0.8,0.7958333333333333,1.185,0.010817667682658239,0.7910780669144981,0.0639757571486459
ACSPublicCoverage-CA,tabpfn,4,0.2,lac,age,mondrian,0.8,0.7904166666666667,1.1758333333333333,0.05665158371040724,0.7692307692307693,0.09685503320990296
ACSPublicCoverage-CA,tabpfn,4,0.2,lac,race,mondrian,0.8,0.7945833333333333,1.1895833333333334,0.04977671357640212,0.7744807121661721,0.21078385286599888
ACSPublicCoverage-CA,tabpfn,4,0.2,aps,predclass,marginal,0.8,1.0,2.0,0.0,1.0,0.0
ACSPublicCoverage-CA,tabpfn,4,0.2,aps,sex,marginal,0.8,1.0,2.0,0.0,1.0,0.0
ACSPublicCoverage-CA,tabpfn,4,0.2,aps,age,marginal,0.8,1.0,2.0,0.0,1.0,0.0
ACSPublicCoverage-CA,tabpfn,4,0.2,aps,race,marginal,0.8,1.0,2.0,0.0,1.0,0.0
ACSPublicCoverage-CA,tabpfn,4,0.2,aps,predclass,mondrian,0.8,1.0,2.0,0.0,1.0,0.0
ACSPublicCoverage-CA,tabpfn,4,0.2,aps,sex,mondrian,0.8,1.0,2.0,0.0,1.0,0.0
ACSPublicCoverage-CA,tabpfn,4,0.2,aps,age,mondrian,0.8,1.0,2.0,0.0,1.0,0.0
ACSPublicCoverage-CA,tabpfn,4,0.2,aps,race,mondrian,0.8,1.0,2.0,0.0,1.0,0.0
ACSPublicCoverage-CA,tabpfn_temp,0,0.05,lac,predclass,marginal,0.95,0.9466666666666667,1.66375,0.002358998786476496,0.9460946094609461,0.05148401438081951
ACSPublicCoverage-CA,tabpfn_temp,0,0.05,lac,sex,marginal,0.95,0.9466666666666667,1.66375,0.019096382351383334,0.9358851674641149,0.01929059481982387
ACSPublicCoverage-CA,tabpfn_temp,0,0.05,lac,age,marginal,0.95,0.9466666666666667,1.66375,0.02708784287828203,0.9278350515463918,0.17787173936970335
ACSPublicCoverage-CA,tabpfn_temp,0,0.05,lac,race,marginal,0.95,0.9466666666666667,1.66375,0.04089481096305925,0.919889502762431,0.3151485606799225
ACSPublicCoverage-CA,tabpfn_temp,0,0.05,lac,predclass,mondrian,0.95,0.94875,1.675,0.018537420752384515,0.9347079037800687,0.04502512106880796
ACSPublicCoverage-CA,tabpfn_temp,0,0.05,lac,sex,mondrian,0.95,0.9475,1.6633333333333333,0.008707780857712843,0.9425837320574163,0.06240223167781922
ACSPublicCoverage-CA,tabpfn_temp,0,0.05,lac,age,mondrian,0.95,0.95125,1.6791666666666667,0.032113598055740655,0.9355670103092784,0.1391556583434599
ACSPublicCoverage-CA,tabpfn_temp,0,0.05,lac,race,mondrian,0.95,0.95125,1.6820833333333334,0.03536994908460622,0.925414364640884,0.2681872347130716
ACSPublicCoverage-CA,tabpfn_temp,0,0.05,aps,predclass,marginal,0.95,1.0,2.0,0.0,1.0,0.0
ACSPublicCoverage-CA,tabpfn_temp,0,0.05,aps,sex,marginal,0.95,1.0,2.0,0.0,1.0,0.0
ACSPublicCoverage-CA,tabpfn_temp,0,0.05,aps,age,marginal,0.95,1.0,2.0,0.0,1.0,0.0
ACSPublicCoverage-CA,tabpfn_temp,0,0.05,aps,race,marginal,0.95,1.0,2.0,0.0,1.0,0.0
ACSPublicCoverage-CA,tabpfn_temp,0,0.05,aps,predclass,mondrian,0.95,1.0,2.0,0.0,1.0,0.0
ACSPublicCoverage-CA,tabpfn_temp,0,0.05,aps,sex,mondrian,0.95,1.0,2.0,0.0,1.0,0.0
ACSPublicCoverage-CA,tabpfn_temp,0,0.05,aps,age,mondrian,0.95,1.0,2.0,0.0,1.0,0.0
ACSPublicCoverage-CA,tabpfn_temp,0,0.05,aps,race,mondrian,0.95,1.0,2.0,0.0,1.0,0.0
ACSPublicCoverage-CA,tabpfn_temp,0,0.1,lac,predclass,marginal,0.9,0.8929166666666667,1.45125,0.023414197089812072,0.8872387238723872,0.17550157077563422
ACSPublicCoverage-CA,tabpfn_temp,0,0.1,lac,sex,marginal,0.9,0.8929166666666667,1.45125,0.020505305531524187,0.8813397129186603,0.019396528893518505
ACSPublicCoverage-CA,tabpfn_temp,0,0.1,lac,age,marginal,0.9,0.8929166666666667,1.45125,0.022274705029203146,0.8788659793814433,0.12464231115989177
ACSPublicCoverage-CA,tabpfn_temp,0,0.1,lac,race,marginal,0.9,0.8929166666666667,1.45125,0.04737543682674639,0.8536585365853658,0.2874848583330871
ACSPublicCoverage-CA,tabpfn_temp,0,0.1,lac,predclass,mondrian,0.9,0.8941666666666667,1.4616666666666667,0.019064793077245845,0.8797250859106529,0.03019064793077253
ACSPublicCoverage-CA,tabpfn_temp,0,0.1,lac,sex,mondrian,0.9,0.8945833333333333,1.4533333333333334,0.0014230477233001526,0.8937799043062201,0.0801144087995902
ACSPublicCoverage-CA,tabpfn_temp,0,0.1,lac,age,mondrian,0.9,0.89625,1.4566666666666668,0.03489169707111983,0.8833592534992224,0.12375053898318367
ACSPublicCoverage-CA,tabpfn_temp,0,0.1,lac,race,mondrian,0.9,0.8916666666666667,1.4525,0.08876439576803452,0.8130081300813008,0.2749445676274944
ACSPublicCoverage-CA,tabpfn_temp,0,0.1,aps,predclass,marginal,0.9,1.0,2.0,0.0,1.0,0.0
ACSPublicCoverage-CA,tabpfn_temp,0,0.1,aps,sex,marginal,0.9,1.0,2.0,0.0,1.0,0.0
ACSPublicCoverage-CA,tabpfn_temp,0,0.1,aps,age,marginal,0.9,1.0,2.0,0.0,1.0,0.0
ACSPublicCoverage-CA,tabpfn_temp,0,0.1,aps,race,marginal,0.9,1.0,2.0,0.0,1.0,0.0
ACSPublicCoverage-CA,tabpfn_temp,0,0.1,aps,predclass,mondrian,0.9,1.0,2.0,0.0,1.0,0.0
ACSPublicCoverage-CA,tabpfn_temp,0,0.1,aps,sex,mondrian,0.9,1.0,2.0,0.0,1.0,0.0
ACSPublicCoverage-CA,tabpfn_temp,0,0.1,aps,age,mondrian,0.9,1.0,2.0,0.0,1.0,0.0
ACSPublicCoverage-CA,tabpfn_temp,0,0.1,aps,race,mondrian,0.9,1.0,2.0,0.0,1.0,0.0
ACSPublicCoverage-CA,tabpfn_temp,0,0.2,lac,predclass,marginal,0.8,0.7954166666666667,1.1720833333333334,0.016030984541753113,0.7915291529152916,0.15162804940287855
ACSPublicCoverage-CA,tabpfn_temp,0,0.2,lac,sex,marginal,0.8,0.7954166666666667,1.1720833333333334,0.032560603117992915,0.7770334928229665,0.009876586804145715
ACSPublicCoverage-CA,tabpfn_temp,0,0.2,lac,age,marginal,0.8,0.7954166666666667,1.1720833333333334,0.028132742787196463,0.776049766718507,0.06291385419505868
ACSPublicCoverage-CA,tabpfn_temp,0,0.2,lac,race,marginal,0.8,0.7954166666666667,1.1720833333333334,0.05395357540303913,0.7664884135472371,0.10581440009454313
ACSPublicCoverage-CA,tabpfn_temp,0,0.2,lac,predclass,mondrian,0.8,0.79625,1.1783333333333332,0.0013212661472333798,0.7959295929592959,0.1274993478729316
ACSPublicCoverage-CA,tabpfn_temp,0,0.2,lac,sex,mondrian,0.8,0.7966666666666666,1.1791666666666667,0.01274033792969509,0.7894736842105263,0.03859531418280682
ACSPublicCoverage-CA,tabpfn_temp,0,0.2,lac,age,mondrian,0.8,0.795,1.1745833333333333,0.05597954177422193,0.7636080870917574,0.02526181338663247
ACSPublicCoverage-CA,tabpfn_temp,0,0.2,lac,race,mondrian,0.8,0.7954166666666667,1.1783333333333332,0.0318367443660692,0.7754010695187166,0.21266286524655054
ACSPublicCoverage-CA,tabpfn_temp,0,0.2,aps,predclass,marginal,0.8,1.0,2.0,0.0,1.0,0.0
ACSPublicCoverage-CA,tabpfn_temp,0,0.2,aps,sex,marginal,0.8,1.0,2.0,0.0,1.0,0.0
ACSPublicCoverage-CA,tabpfn_temp,0,0.2,aps,age,marginal,0.8,1.0,2.0,0.0,1.0,0.0
ACSPublicCoverage-CA,tabpfn_temp,0,0.2,aps,race,marginal,0.8,1.0,2.0,0.0,1.0,0.0
ACSPublicCoverage-CA,tabpfn_temp,0,0.2,aps,predclass,mondrian,0.8,1.0,2.0,0.0,1.0,0.0
ACSPublicCoverage-CA,tabpfn_temp,0,0.2,aps,sex,mondrian,0.8,1.0,2.0,0.0,1.0,0.0
ACSPublicCoverage-CA,tabpfn_temp,0,0.2,aps,age,mondrian,0.8,1.0,2.0,0.0,1.0,0.0
ACSPublicCoverage-CA,tabpfn_temp,0,0.2,aps,race,mondrian,0.8,1.0,2.0,0.0,1.0,0.0
ACSPublicCoverage-CA,tabpfn_temp,1,0.05,lac,predclass,marginal,0.95,0.9541666666666667,1.6566666666666667,0.02321851020707233,0.9489521762493284,0.00731348178956992
ACSPublicCoverage-CA,tabpfn_temp,1,0.05,lac,sex,marginal,0.95,0.9541666666666667,1.6566666666666667,0.01787848151059368,0.946441672780631,0.14778790050593216
ACSPublicCoverage-CA,tabpfn_temp,1,0.05,lac,age,marginal,0.95,0.9541666666666667,1.6566666666666667,0.027921597633136064,0.9408284023668639,0.24468911595067633
ACSPublicCoverage-CA,tabpfn_temp,1,0.05,lac,race,marginal,0.95,0.9541666666666667,1.6566666666666667,0.042691629586096846,0.9302325581395349,0.23177105196876835
ACSPublicCoverage-CA,tabpfn_temp,1,0.05,lac,predclass,mondrian,0.95,0.9541666666666667,1.655,0.020825877124334258,0.9494895217624932,0.024033999316105614
ACSPublicCoverage-CA,tabpfn_temp,1,0.05,lac,sex,mondrian,0.95,0.955,1.66375,0.014713134210301071,0.9486426999266324,0.13022142573638185
ACSPublicCoverage-CA,tabpfn_temp,1,0.05,lac,age,mondrian,0.95,0.9545833333333333,1.66,0.018728639173699824,0.9478584729981379,0.13162925743501597
ACSPublicCoverage-CA,tabpfn_temp,1,0.05,lac,race,mondrian,0.95,0.9595833333333333,1.6704166666666667,0.021977253066001734,0.9518599562363238,0.11254092242973224
ACSPublicCoverage-CA,tabpfn_temp,1,0.05,aps,predclass,marginal,0.95,1.0,2.0,0.0,1.0,0.0
ACSPublicCoverage-CA,tabpfn_temp,1,0.05,aps,sex,marginal,0.95,1.0,2.0,0.0,1.0,0.0
ACSPublicCoverage-CA,tabpfn_temp,1,0.05,aps,age,marginal,0.95,1.0,2.0,0.0,1.0,0.0
ACSPublicCoverage-CA,tabpfn_temp,1,0.05,aps,race,marginal,0.95,1.0,2.0,0.0,1.0,0.0
ACSPublicCoverage-CA,tabpfn_temp,1,0.05,aps,predclass,mondrian,0.95,1.0,2.0,0.0,1.0,0.0
ACSPublicCoverage-CA,tabpfn_temp,1,0.05,aps,sex,mondrian,0.95,1.0,2.0,0.0,1.0,0.0
ACSPublicCoverage-CA,tabpfn_temp,1,0.05,aps,age,mondrian,0.95,1.0,2.0,0.0,1.0,0.0
ACSPublicCoverage-CA,tabpfn_temp,1,0.05,aps,race,mondrian,0.95,1.0,2.0,0.0,1.0,0.0
ACSPublicCoverage-CA,tabpfn_temp,1,0.1,lac,predclass,marginal,0.9,0.9129166666666667,1.4929166666666667,0.04052621976933024,0.9038151531434713,0.10603651357470345
ACSPublicCoverage-CA,tabpfn_temp,1,0.1,lac,sex,marginal,0.9,0.9129166666666667,1.4929166666666667,0.007310579717014765,0.9097578870139399,0.09991927444636506
ACSPublicCoverage-CA,tabpfn_temp,1,0.1,lac,age,marginal,0.9,0.9129166666666667,1.4929166666666667,0.03343054045275451,0.8949704142011834,0.1177126839697693
ACSPublicCoverage-CA,tabpfn_temp,1,0.1,lac,race,marginal,0.9,0.9129166666666667,1.4929166666666667,0.05703000177525297,0.8895348837209303,0.26769372848627326
ACSPublicCoverage-CA,tabpfn_temp,1,0.1,lac,predclass,mondrian,0.9,0.91,1.4891666666666667,0.0012202428721964642,0.9097259537882859,0.008759030943724211
ACSPublicCoverage-CA,tabpfn_temp,1,0.1,lac,sex,mondrian,0.9,0.91125,1.4858333333333333,0.023829249535350483,0.900953778429934,0.1412576913906658
ACSPublicCoverage-CA,tabpfn_temp,1,0.1,lac,age,mondrian,0.9,0.9129166666666667,1.4970833333333333,0.03134624871668379,0.8994413407821229,0.12574271579156715
ACSPublicCoverage-CA,tabpfn_temp,1,0.1,lac,race,mondrian,0.9,0.9170833333333334,1.5125,0.020047818794155403,0.9095550692924872,0.19567613745969648
ACSPublicCoverage-CA,tabpfn_temp,1,0.1,aps,predclass,marginal,0.9,1.0,2.0,0.0,1.0,0.0
ACSPublicCoverage-CA,tabpfn_temp,1,0.1,aps,sex,marginal,0.9,1.0,2.0,0.0,1.0,0.0
ACSPublicCoverage-CA,tabpfn_temp,1,0.1,aps,age,marginal,0.9,1.0,2.0,0.0,1.0,0.0
ACSPublicCoverage-CA,tabpfn_temp,1,0.1,aps,race,marginal,0.9,1.0,2.0,0.0,1.0,0.0
ACSPublicCoverage-CA,tabpfn_temp,1,0.1,aps,predclass,mondrian,0.9,1.0,2.0,0.0,1.0,0.0
ACSPublicCoverage-CA,tabpfn_temp,1,0.1,aps,sex,mondrian,0.9,1.0,2.0,0.0,1.0,0.0
ACSPublicCoverage-CA,tabpfn_temp,1,0.1,aps,age,mondrian,0.9,1.0,2.0,0.0,1.0,0.0
ACSPublicCoverage-CA,tabpfn_temp,1,0.1,aps,race,mondrian,0.9,1.0,2.0,0.0,1.0,0.0
ACSPublicCoverage-CA,tabpfn_temp,1,0.2,lac,predclass,marginal,0.8,0.8016666666666666,1.1608333333333334,0.06436581764746341,0.7872111767866738,0.17779855823918145
ACSPublicCoverage-CA,tabpfn_temp,1,0.2,lac,sex,marginal,0.8,0.8016666666666666,1.1608333333333334,0.02432945081861082,0.7878495660559306,0.005460471717402493
ACSPublicCoverage-CA,tabpfn_temp,1,0.2,lac,age,marginal,0.8,0.8016666666666666,1.1608333333333334,0.07533437748607796,0.7838541666666666,0.049494575936883445
ACSPublicCoverage-CA,tabpfn_temp,1,0.2,lac,race,marginal,0.8,0.8016666666666666,1.1608333333333334,0.07198170143577587,0.7906137184115524,0.1285996138023675
ACSPublicCoverage-CA,tabpfn_temp,1,0.2,lac,predclass,mondrian,0.8,0.8016666666666666,1.1679166666666667,0.00454999057900729,0.800644814615798,0.046639397295726415
ACSPublicCoverage-CA,tabpfn_temp,1,0.2,lac,sex,mondrian,0.8,0.8075,1.1775,0.009546981776966779,0.8033749082905356,0.10006714158667807
ACSPublicCoverage-CA,tabpfn_temp,1,0.2,lac,age,mondrian,0.8,0.80125,1.17125,0.006048138560157734,0.7973372781065089,0.16585699961870337
ACSPublicCoverage-CA,tabpfn_temp,1,0.2,lac,race,mondrian,0.8,0.8025,1.1720833333333334,0.035562162794193886,0.7964989059080962,0.20511501972966162
ACSPublicCoverage-CA,tabpfn_temp,1,0.2,aps,predclass,marginal,0.8,1.0,2.0,0.0,1.0,0.0
ACSPublicCoverage-CA,tabpfn_temp,1,0.2,aps,sex,marginal,0.8,1.0,2.0,0.0,1.0,0.0
ACSPublicCoverage-CA,tabpfn_temp,1,0.2,aps,age,marginal,0.8,1.0,2.0,0.0,1.0,0.0
ACSPublicCoverage-CA,tabpfn_temp,1,0.2,aps,race,marginal,0.8,1.0,2.0,0.0,1.0,0.0
ACSPublicCoverage-CA,tabpfn_temp,1,0.2,aps,predclass,mondrian,0.8,1.0,2.0,0.0,1.0,0.0
ACSPublicCoverage-CA,tabpfn_temp,1,0.2,aps,sex,mondrian,0.8,1.0,2.0,0.0,1.0,0.0
ACSPublicCoverage-CA,tabpfn_temp,1,0.2,aps,age,mondrian,0.8,1.0,2.0,0.0,1.0,0.0
ACSPublicCoverage-CA,tabpfn_temp,1,0.2,aps,race,mondrian,0.8,1.0,2.0,0.0,1.0,0.0
ACSPublicCoverage-CA,tabpfn_temp,2,0.05,lac,predclass,marginal,0.95,0.9595833333333333,1.6683333333333332,0.027874494565232943,0.952928297755884,0.09639009963978373
ACSPublicCoverage-CA,tabpfn_temp,2,0.05,lac,sex,marginal,0.95,0.9595833333333333,1.6683333333333332,0.002272727272727204,0.9583333333333334,0.07272727272727275
ACSPublicCoverage-CA,tabpfn_temp,2,0.05,lac,age,marginal,0.95,0.9595833333333333,1.6683333333333332,0.0257806594791673,0.9469578783151326,0.2247238075291902
ACSPublicCoverage-CA,tabpfn_temp,2,0.05,lac,race,marginal,0.95,0.9595833333333333,1.6683333333333332,0.034437350359138086,0.9441340782122905,0.20223463687150844
ACSPublicCoverage-CA,tabpfn_temp,2,0.05,lac,predclass,mondrian,0.95,0.9616666666666667,1.6766666666666667,8.02391125553914e-05,0.9616055846422339,0.008551196852334186
ACSPublicCoverage-CA,tabpfn_temp,2,0.05,lac,sex,mondrian,0.95,0.9633333333333334,1.6870833333333333,0.017508417508417473,0.9537037037037037,0.015067340067340007
ACSPublicCoverage-CA,tabpfn_temp,2,0.05,lac,age,mondrian,0.95,0.96625,1.6945833333333333,0.00781890849433653,0.9624413145539906,0.17353439098033063
ACSPublicCoverage-CA,tabpfn_temp,2,0.05,lac,race,mondrian,0.95,0.965,1.6983333333333333,0.04716285924834196,0.952837140751658,0.20302069459749972
ACSPublicCoverage-CA,tabpfn_temp,2,0.05,aps,predclass,marginal,0.95,1.0,2.0,0.0,1.0,0.0
ACSPublicCoverage-CA,tabpfn_temp,2,0.05,aps,sex,marginal,0.95,1.0,2.0,0.0,1.0,0.0
ACSPublicCoverage-CA,tabpfn_temp,2,0.05,aps,age,marginal,0.95,1.0,2.0,0.0,1.0,0.0
ACSPublicCoverage-CA,tabpfn_temp,2,0.05,aps,race,marginal,0.95,1.0,2.0,0.0,1.0,0.0
ACSPublicCoverage-CA,tabpfn_temp,2,0.05,aps,predclass,mondrian,0.95,1.0,2.0,0.0,1.0,0.0
ACSPublicCoverage-CA,tabpfn_temp,2,0.05,aps,sex,mondrian,0.95,1.0,2.0,0.0,1.0,0.0
ACSPublicCoverage-CA,tabpfn_temp,2,0.05,aps,age,mondrian,0.95,1.0,2.0,0.0,1.0,0.0
ACSPublicCoverage-CA,tabpfn_temp,2,0.05,aps,race,mondrian,0.95,1.0,2.0,0.0,1.0,0.0
ACSPublicCoverage-CA,tabpfn_temp,2,0.1,lac,predclass,marginal,0.9,0.8983333333333333,1.4566666666666668,0.06706843536596208,0.8823207443897099,0.21167077892118513
ACSPublicCoverage-CA,tabpfn_temp,2,0.1,lac,sex,marginal,0.9,0.8983333333333333,1.4566666666666668,0.0037037037037037646,0.8962962962962963,0.046801346801346844
ACSPublicCoverage-CA,tabpfn_temp,2,0.1,lac,age,marginal,0.9,0.8983333333333333,1.4566666666666668,0.025554178060658517,0.890795631825273,0.1385325584236523
ACSPublicCoverage-CA,tabpfn_temp,2,0.1,lac,race,marginal,0.9,0.8983333333333333,1.4566666666666668,0.08407821229050272,0.8659217877094972,0.27134949515657825
ACSPublicCoverage-CA,tabpfn_temp,2,0.1,lac,predclass,mondrian,0.9,0.895,1.44375,0.00037827010204694034,0.8949096880131363,0.0016764243158899905
ACSPublicCoverage-CA,tabpfn_temp,2,0.1,lac,sex,mondrian,0.9,0.8975,1.4554166666666666,0.008922558922558887,0.8925925925925926,0.025505050505050697
ACSPublicCoverage-CA,tabpfn_temp,2,0.1,lac,age,mondrian,0.9,0.9,1.46,0.010087788191353808,0.892018779342723,0.19409393161945654
ACSPublicCoverage-CA,tabpfn_temp,2,0.1,lac,race,mondrian,0.9,0.9045833333333333,1.4733333333333334,0.08174018317717646,0.8968312453942521,0.3005895357406043
ACSPublicCoverage-CA,tabpfn_temp,2,0.1,aps,predclass,marginal,0.9,1.0,2.0,0.0,1.0,0.0
ACSPublicCoverage-CA,tabpfn_temp,2,0.1,aps,sex,marginal,0.9,1.0,2.0,0.0,1.0,0.0
ACSPublicCoverage-CA,tabpfn_temp,2,0.1,aps,age,marginal,0.9,1.0,2.0,0.0,1.0,0.0
ACSPublicCoverage-CA,tabpfn_temp,2,0.1,aps,race,marginal,0.9,1.0,2.0,0.0,1.0,0.0
ACSPublicCoverage-CA,tabpfn_temp,2,0.1,aps,predclass,mondrian,0.9,1.0,2.0,0.0,1.0,0.0
ACSPublicCoverage-CA,tabpfn_temp,2,0.1,aps,sex,mondrian,0.9,1.0,2.0,0.0,1.0,0.0
ACSPublicCoverage-CA,tabpfn_temp,2,0.1,aps,age,mondrian,0.9,1.0,2.0,0.0,1.0,0.0
ACSPublicCoverage-CA,tabpfn_temp,2,0.1,aps,race,mondrian,0.9,1.0,2.0,0.0,1.0,0.0
ACSPublicCoverage-CA,tabpfn_temp,2,0.2,lac,predclass,marginal,0.8,0.7970833333333334,1.1541666666666666,0.04876532065555361,0.7854406130268199,0.1665821290302243
ACSPublicCoverage-CA,tabpfn_temp,2,0.2,lac,sex,marginal,0.8,0.7970833333333334,1.1541666666666666,0.0036195286195286336,0.7954545454545454,0.007575757575757569
ACSPublicCoverage-CA,tabpfn_temp,2,0.2,lac,age,marginal,0.8,0.7970833333333334,1.1541666666666666,0.059380609778506455,0.7695167286245354,0.02286351677115417
ACSPublicCoverage-CA,tabpfn_temp,2,0.2,lac,race,marginal,0.8,0.7970833333333334,1.1541666666666666,0.020493127716968762,0.7834862385321101,0.10486392291527857
ACSPublicCoverage-CA,tabpfn_temp,2,0.2,lac,predclass,mondrian,0.8,0.8020833333333334,1.1720833333333334,0.012823929595910166,0.7923211169284468,0.03758915854962086
ACSPublicCoverage-CA,tabpfn_temp,2,0.2,lac,sex,mondrian,0.8,0.8,1.16,0.0033670033670033517,0.7984848484848485,0.010437710437710468
ACSPublicCoverage-CA,tabpfn_temp,2,0.2,lac,age,mondrian,0.8,0.8016666666666666,1.1716666666666666,0.05304598801052407,0.7831474597273854,0.20496135434771
ACSPublicCoverage-CA,tabpfn_temp,2,0.2,lac,race,mondrian,0.8,0.8,1.17125,0.04521149241819633,0.7905027932960894,0.20099760574620906
ACSPublicCoverage-CA,tabpfn_temp,2,0.2,aps,predclass,marginal,0.8,1.0,2.0,0.0,1.0,0.0
ACSPublicCoverage-CA,tabpfn_temp,2,0.2,aps,sex,marginal,0.8,1.0,2.0,0.0,1.0,0.0
ACSPublicCoverage-CA,tabpfn_temp,2,0.2,aps,age,marginal,0.8,1.0,2.0,0.0,1.0,0.0
ACSPublicCoverage-CA,tabpfn_temp,2,0.2,aps,race,marginal,0.8,1.0,2.0,0.0,1.0,0.0
ACSPublicCoverage-CA,tabpfn_temp,2,0.2,aps,predclass,mondrian,0.8,1.0,2.0,0.0,1.0,0.0
ACSPublicCoverage-CA,tabpfn_temp,2,0.2,aps,sex,mondrian,0.8,1.0,2.0,0.0,1.0,0.0
ACSPublicCoverage-CA,tabpfn_temp,2,0.2,aps,age,mondrian,0.8,1.0,2.0,0.0,1.0,0.0
ACSPublicCoverage-CA,tabpfn_temp,2,0.2,aps,race,mondrian,0.8,1.0,2.0,0.0,1.0,0.0
ACSPublicCoverage-CA,tabpfn_temp,3,0.05,lac,predclass,marginal,0.95,0.9545833333333333,1.6595833333333334,0.041186813186813276,0.9434285714285714,0.18202197802197806
ACSPublicCoverage-CA,tabpfn_temp,3,0.05,lac,sex,marginal,0.95,0.9545833333333333,1.6595833333333334,0.018460508465617753,0.9464684014869889,0.11355732130587226
ACSPublicCoverage-CA,tabpfn_temp,3,0.05,lac,age,marginal,0.95,0.9545833333333333,1.6595833333333334,0.035685749588138305,0.94125,0.1351639924709127
ACSPublicCoverage-CA,tabpfn_temp,3,0.05,lac,race,marginal,0.95,0.9545833333333333,1.6595833333333334,0.07404684827322972,0.9133858267716536,0.2905212913490791
ACSPublicCoverage-CA,tabpfn_temp,3,0.05,lac,predclass,mondrian,0.95,0.9508333333333333,1.6504166666666666,0.004131868131868166,0.9497142857142857,0.03635164835164839
ACSPublicCoverage-CA,tabpfn_temp,3,0.05,lac,sex,mondrian,0.95,0.9579166666666666,1.66875,0.009129829630543096,0.9539033457249071,0.07690410331401187
ACSPublicCoverage-CA,tabpfn_temp,3,0.05,lac,age,mondrian,0.95,0.96125,1.685,0.025288303130148293,0.95,0.07966816245509878
ACSPublicCoverage-CA,tabpfn_temp,3,0.05,lac,race,mondrian,0.95,0.9566666666666667,1.66375,0.01140089659101906,0.9491017964071856,0.13996034504370014
ACSPublicCoverage-CA,tabpfn_temp,3,0.05,aps,predclass,marginal,0.95,1.0,2.0,0.0,1.0,0.0
ACSPublicCoverage-CA,tabpfn_temp,3,0.05,aps,sex,marginal,0.95,1.0,2.0,0.0,1.0,0.0
ACSPublicCoverage-CA,tabpfn_temp,3,0.05,aps,age,marginal,0.95,1.0,2.0,0.0,1.0,0.0
ACSPublicCoverage-CA,tabpfn_temp,3,0.05,aps,race,marginal,0.95,1.0,2.0,0.0,1.0,0.0
ACSPublicCoverage-CA,tabpfn_temp,3,0.05,aps,predclass,mondrian,0.95,1.0,2.0,0.0,1.0,0.0
ACSPublicCoverage-CA,tabpfn_temp,3,0.05,aps,sex,mondrian,0.95,1.0,2.0,0.0,1.0,0.0
ACSPublicCoverage-CA,tabpfn_temp,3,0.05,aps,age,mondrian,0.95,1.0,2.0,0.0,1.0,0.0
ACSPublicCoverage-CA,tabpfn_temp,3,0.05,aps,race,mondrian,0.95,1.0,2.0,0.0,1.0,0.0
ACSPublicCoverage-CA,tabpfn_temp,3,0.1,lac,predclass,marginal,0.9,0.91125,1.4775,0.06263736263736264,0.8942857142857142,0.2819340659340659
ACSPublicCoverage-CA,tabpfn_temp,3,0.1,lac,sex,marginal,0.9,0.91125,1.4775,0.00569777480223399,0.9080568720379147,0.03930301802357339
ACSPublicCoverage-CA,tabpfn_temp,3,0.1,lac,age,marginal,0.9,0.91125,1.4775,0.05444192751235588,0.88625,0.14831136738056006
ACSPublicCoverage-CA,tabpfn_temp,3,0.1,lac,race,marginal,0.9,0.91125,1.4775,0.06494295932936567,0.8740157480314961,0.22837269805093574
ACSPublicCoverage-CA,tabpfn_temp,3,0.1,lac,predclass,mondrian,0.9,0.9008333333333334,1.4745833333333334,0.04334065934065934,0.8692307692307693,0.011560439560439617
ACSPublicCoverage-CA,tabpfn_temp,3,0.1,lac,sex,mondrian,0.9,0.9120833333333334,1.4808333333333332,0.0071847636498175715,0.9080568720379147,0.03335506263323862
ACSPublicCoverage-CA,tabpfn_temp,3,0.1,lac,age,mondrian,0.9,0.9166666666666666,1.4958333333333333,0.03864703459637553,0.89875,0.12806052622888853
ACSPublicCoverage-CA,tabpfn_temp,3,0.1,lac,race,mondrian,0.9,0.9158333333333334,1.4954166666666666,0.05058030223780374,0.8740157480314961,0.14444339667122463
ACSPublicCoverage-CA,tabpfn_temp,3,0.1,aps,predclass,marginal,0.9,1.0,2.0,0.0,1.0,0.0
ACSPublicCoverage-CA,tabpfn_temp,3,0.1,aps,sex,marginal,0.9,1.0,2.0,0.0,1.0,0.0
ACSPublicCoverage-CA,tabpfn_temp,3,0.1,aps,age,marginal,0.9,1.0,2.0,0.0,1.0,0.0
ACSPublicCoverage-CA,tabpfn_temp,3,0.1,aps,race,marginal,0.9,1.0,2.0,0.0,1.0,0.0
ACSPublicCoverage-CA,tabpfn_temp,3,0.1,aps,predclass,mondrian,0.9,1.0,2.0,0.0,1.0,0.0
ACSPublicCoverage-CA,tabpfn_temp,3,0.1,aps,sex,mondrian,0.9,1.0,2.0,0.0,1.0,0.0
ACSPublicCoverage-CA,tabpfn_temp,3,0.1,aps,age,mondrian,0.9,1.0,2.0,0.0,1.0,0.0
ACSPublicCoverage-CA,tabpfn_temp,3,0.1,aps,race,mondrian,0.9,1.0,2.0,0.0,1.0,0.0
ACSPublicCoverage-CA,tabpfn_temp,3,0.2,lac,predclass,marginal,0.8,0.80875,1.1904166666666667,0.015428571428571347,0.8045714285714286,0.2051428571428573
ACSPublicCoverage-CA,tabpfn_temp,3,0.2,lac,sex,marginal,0.8,0.80875,1.1904166666666667,0.012230659454888215,0.8018957345971564,0.03232262724854196
ACSPublicCoverage-CA,tabpfn_temp,3,0.2,lac,age,marginal,0.8,0.80875,1.1904166666666667,0.027463556209478823,0.799554565701559,0.08535226281616426
ACSPublicCoverage-CA,tabpfn_temp,3,0.2,lac,race,marginal,0.8,0.80875,1.1904166666666667,0.07396560958100207,0.7480314960629921,0.1333759769509455
ACSPublicCoverage-CA,tabpfn_temp,3,0.2,lac,predclass,mondrian,0.8,0.8125,1.1941666666666666,0.044571428571428595,0.78,0.07762637362637381
ACSPublicCoverage-CA,tabpfn_temp,3,0.2,lac,sex,mondrian,0.8,0.8083333333333333,1.1879166666666667,0.00472171814161626,0.8056872037914692,0.0452404024031432
ACSPublicCoverage-CA,tabpfn_temp,3,0.2,lac,age,mondrian,0.8,0.8075,1.18875,0.07654264378357134,0.7616926503340757,0.1801183666430619
ACSPublicCoverage-CA,tabpfn_temp,3,0.2,lac,race,mondrian,0.8,0.8095833333333333,1.18625,0.0632827010950694,0.7637795275590551,0.054599633077703214
ACSPublicCoverage-CA,tabpfn_temp,3,0.2,aps,predclass,marginal,0.8,1.0,2.0,0.0,1.0,0.0
ACSPublicCoverage-CA,tabpfn_temp,3,0.2,aps,sex,marginal,0.8,1.0,2.0,0.0,1.0,0.0
ACSPublicCoverage-CA,tabpfn_temp,3,0.2,aps,age,marginal,0.8,1.0,2.0,0.0,1.0,0.0
ACSPublicCoverage-CA,tabpfn_temp,3,0.2,aps,race,marginal,0.8,1.0,2.0,0.0,1.0,0.0
ACSPublicCoverage-CA,tabpfn_temp,3,0.2,aps,predclass,mondrian,0.8,1.0,2.0,0.0,1.0,0.0
ACSPublicCoverage-CA,tabpfn_temp,3,0.2,aps,sex,mondrian,0.8,1.0,2.0,0.0,1.0,0.0
ACSPublicCoverage-CA,tabpfn_temp,3,0.2,aps,age,mondrian,0.8,1.0,2.0,0.0,1.0,0.0
ACSPublicCoverage-CA,tabpfn_temp,3,0.2,aps,race,mondrian,0.8,1.0,2.0,0.0,1.0,0.0
ACSPublicCoverage-CA,tabpfn_temp,4,0.05,lac,predclass,marginal,0.95,0.9466666666666667,1.6304166666666666,0.02532233459921185,0.9399773499433749,0.1121410019613378
ACSPublicCoverage-CA,tabpfn_temp,4,0.05,lac,sex,marginal,0.95,0.9466666666666667,1.6304166666666666,0.0021423915150020623,0.945724907063197,0.06242886590672847
ACSPublicCoverage-CA,tabpfn_temp,4,0.05,lac,age,marginal,0.95,0.9466666666666667,1.6304166666666666,0.019841017488076318,0.9388235294117647,0.1517329093799682
ACSPublicCoverage-CA,tabpfn_temp,4,0.05,lac,race,marginal,0.95,0.9466666666666667,1.6304166666666666,0.07017240185557017,0.9158415841584159,0.4133663366336635
ACSPublicCoverage-CA,tabpfn_temp,4,0.05,lac,predclass,mondrian,0.95,0.945,1.635,0.0002786600026436492,0.944794952681388,0.039462543451311394
ACSPublicCoverage-CA,tabpfn_temp,4,0.05,lac,sex,mondrian,0.95,0.9466666666666667,1.63125,0.0021423915150020623,0.945724907063197,0.06432460050388489
ACSPublicCoverage-CA,tabpfn_temp,4,0.05,lac,age,mondrian,0.95,0.9491666666666667,1.6391666666666667,0.02513533637882115,0.9367088607594937,0.13468998410174882
ACSPublicCoverage-CA,tabpfn_temp,4,0.05,lac,race,mondrian,0.95,0.9458333333333333,1.6433333333333333,0.04684484654811072,0.9391691394658753,0.16494990745365334
ACSPublicCoverage-CA,tabpfn_temp,4,0.05,aps,predclass,marginal,0.95,1.0,2.0,0.0,1.0,0.0
ACSPublicCoverage-CA,tabpfn_temp,4,0.05,aps,sex,marginal,0.95,1.0,2.0,0.0,1.0,0.0
ACSPublicCoverage-CA,tabpfn_temp,4,0.05,aps,age,marginal,0.95,1.0,2.0,0.0,1.0,0.0
ACSPublicCoverage-CA,tabpfn_temp,4,0.05,aps,race,marginal,0.95,1.0,2.0,0.0,1.0,0.0
ACSPublicCoverage-CA,tabpfn_temp,4,0.05,aps,predclass,mondrian,0.95,1.0,2.0,0.0,1.0,0.0
ACSPublicCoverage-CA,tabpfn_temp,4,0.05,aps,sex,mondrian,0.95,1.0,2.0,0.0,1.0,0.0
ACSPublicCoverage-CA,tabpfn_temp,4,0.05,aps,age,mondrian,0.95,1.0,2.0,0.0,1.0,0.0
ACSPublicCoverage-CA,tabpfn_temp,4,0.05,aps,race,mondrian,0.95,1.0,2.0,0.0,1.0,0.0
ACSPublicCoverage-CA,tabpfn_temp,4,0.1,lac,predclass,marginal,0.9,0.8895833333333333,1.4408333333333334,0.0514538549753315,0.8759909399773499,0.2175941638592267
ACSPublicCoverage-CA,tabpfn_temp,4,0.1,lac,sex,marginal,0.9,0.8895833333333333,1.4408333333333334,0.016085554713789918,0.8805687203791469,0.0052079846367976135
ACSPublicCoverage-CA,tabpfn_temp,4,0.1,lac,age,marginal,0.9,0.8895833333333333,1.4408333333333334,0.03921370818188563,0.8713745271122321,0.09011128775834676
ACSPublicCoverage-CA,tabpfn_temp,4,0.1,lac,race,marginal,0.9,0.8895833333333333,1.4408333333333334,0.0970885550093471,0.8539603960396039,0.4019801980198019
ACSPublicCoverage-CA,tabpfn_temp,4,0.1,lac,predclass,mondrian,0.9,0.8870833333333333,1.4370833333333333,0.009837055349736112,0.8844847112117781,0.10479581009678074
ACSPublicCoverage-CA,tabpfn_temp,4,0.1,lac,sex,mondrian,0.9,0.8870833333333333,1.4404166666666667,0.0019063056079211549,0.8862453531598513,0.047967723180464716
ACSPublicCoverage-CA,tabpfn_temp,4,0.1,lac,age,mondrian,0.9,0.89125,1.4504166666666667,0.046272531711297304,0.8713745271122321,0.1133863275039746
ACSPublicCoverage-CA,tabpfn_temp,4,0.1,lac,race,mondrian,0.9,0.8970833333333333,1.4658333333333333,0.04357141374945528,0.8864985163204748,0.17541058260128684
ACSPublicCoverage-CA,tabpfn_temp,4,0.1,aps,predclass,marginal,0.9,1.0,2.0,0.0,1.0,0.0
ACSPublicCoverage-CA,tabpfn_temp,4,0.1,aps,sex,marginal,0.9,1.0,2.0,0.0,1.0,0.0
ACSPublicCoverage-CA,tabpfn_temp,4,0.1,aps,age,marginal,0.9,1.0,2.0,0.0,1.0,0.0
ACSPublicCoverage-CA,tabpfn_temp,4,0.1,aps,race,marginal,0.9,1.0,2.0,0.0,1.0,0.0
ACSPublicCoverage-CA,tabpfn_temp,4,0.1,aps,predclass,mondrian,0.9,1.0,2.0,0.0,1.0,0.0
ACSPublicCoverage-CA,tabpfn_temp,4,0.1,aps,sex,mondrian,0.9,1.0,2.0,0.0,1.0,0.0
ACSPublicCoverage-CA,tabpfn_temp,4,0.1,aps,age,mondrian,0.9,1.0,2.0,0.0,1.0,0.0
ACSPublicCoverage-CA,tabpfn_temp,4,0.1,aps,race,mondrian,0.9,1.0,2.0,0.0,1.0,0.0
ACSPublicCoverage-CA,tabpfn_temp,4,0.2,lac,predclass,marginal,0.8,0.7875,1.1675,0.020845911736230405,0.7819932049830125,0.1667780115822528
ACSPublicCoverage-CA,tabpfn_temp,4,0.2,lac,sex,marginal,0.8,0.7875,1.1675,0.01997921034549588,0.776303317535545,0.019810074173258974
ACSPublicCoverage-CA,tabpfn_temp,4,0.2,lac,age,marginal,0.8,0.7875,1.1675,0.05160744751873014,0.7742749054224464,0.04489666136724946
ACSPublicCoverage-CA,tabpfn_temp,4,0.2,lac,race,marginal,0.8,0.7875,1.1675,0.030990791386830918,0.7801980198019802,0.15990099009900982
ACSPublicCoverage-CA,tabpfn_temp,4,0.2,lac,predclass,mondrian,0.8,0.79125,1.1804166666666667,0.009972812786921526,0.7839116719242902,0.0999228326146524
ACSPublicCoverage-CA,tabpfn_temp,4,0.2,lac,sex,mondrian,0.8,0.7958333333333333,1.185,0.010817667682658239,0.7910780669144981,0.0639757571486459
ACSPublicCoverage-CA,tabpfn_temp,4,0.2,lac,age,mondrian,0.8,0.7904166666666667,1.1758333333333333,0.05665158371040724,0.7692307692307693,0.09685503320990296
ACSPublicCoverage-CA,tabpfn_temp,4,0.2,lac,race,mondrian,0.8,0.7945833333333333,1.1895833333333334,0.04977671357640212,0.7744807121661721,0.21078385286599888
ACSPublicCoverage-CA,tabpfn_temp,4,0.2,aps,predclass,marginal,0.8,1.0,2.0,0.0,1.0,0.0
ACSPublicCoverage-CA,tabpfn_temp,4,0.2,aps,sex,marginal,0.8,1.0,2.0,0.0,1.0,0.0
ACSPublicCoverage-CA,tabpfn_temp,4,0.2,aps,age,marginal,0.8,1.0,2.0,0.0,1.0,0.0
ACSPublicCoverage-CA,tabpfn_temp,4,0.2,aps,race,marginal,0.8,1.0,2.0,0.0,1.0,0.0
ACSPublicCoverage-CA,tabpfn_temp,4,0.2,aps,predclass,mondrian,0.8,1.0,2.0,0.0,1.0,0.0
ACSPublicCoverage-CA,tabpfn_temp,4,0.2,aps,sex,mondrian,0.8,1.0,2.0,0.0,1.0,0.0
ACSPublicCoverage-CA,tabpfn_temp,4,0.2,aps,age,mondrian,0.8,1.0,2.0,0.0,1.0,0.0
ACSPublicCoverage-CA,tabpfn_temp,4,0.2,aps,race,mondrian,0.8,1.0,2.0,0.0,1.0,0.0
ACSPublicCoverage-CA,xgboost,0,0.05,lac,predclass,marginal,0.95,0.9545833333333333,1.7404166666666667,0.00560344408388469,0.9528415961305925,0.0518346943472805
ACSPublicCoverage-CA,xgboost,0,0.05,lac,sex,marginal,0.95,0.9545833333333333,1.7404166666666667,0.002609509348682093,0.9531100478468899,0.006331326471159304
ACSPublicCoverage-CA,xgboost,0,0.05,lac,age,marginal,0.95,0.9545833333333333,1.7404166666666667,0.047663597118782874,0.9226804123711341,0.20756136038448836
ACSPublicCoverage-CA,xgboost,0,0.05,lac,race,marginal,0.95,0.9545833333333333,1.7404166666666667,0.0177672899328698,0.943089430894309,0.06527904984193578
ACSPublicCoverage-CA,xgboost,0,0.05,lac,predclass,mondrian,0.95,0.9529166666666666,1.73375,0.017264183667184296,0.9410187667560321,0.026020274191090875
ACSPublicCoverage-CA,xgboost,0,0.05,lac,sex,mondrian,0.95,0.9575,1.7420833333333334,0.00578400042373628,0.9549815498154982,0.022920602411765634
ACSPublicCoverage-CA,xgboost,0,0.05,lac,age,mondrian,0.95,0.955,1.7345833333333334,0.039220266218829236,0.9284603421461898,0.08549811068600732
ACSPublicCoverage-CA,xgboost,0,0.05,lac,race,mondrian,0.95,0.96,1.7541666666666667,0.01980865112518526,0.9558011049723757,0.10918567088181952
ACSPublicCoverage-CA,xgboost,0,0.05,aps,predclass,marginal,0.95,1.0,2.0,0.0,1.0,0.0
ACSPublicCoverage-CA,xgboost,0,0.05,aps,sex,marginal,0.95,1.0,2.0,0.0,1.0,0.0
ACSPublicCoverage-CA,xgboost,0,0.05,aps,age,marginal,0.95,1.0,2.0,0.0,1.0,0.0
ACSPublicCoverage-CA,xgboost,0,0.05,aps,race,marginal,0.95,1.0,2.0,0.0,1.0,0.0
ACSPublicCoverage-CA,xgboost,0,0.05,aps,predclass,mondrian,0.95,1.0,2.0,0.0,1.0,0.0
ACSPublicCoverage-CA,xgboost,0,0.05,aps,sex,mondrian,0.95,1.0,2.0,0.0,1.0,0.0
ACSPublicCoverage-CA,xgboost,0,0.05,aps,age,mondrian,0.95,1.0,2.0,0.0,1.0,0.0
ACSPublicCoverage-CA,xgboost,0,0.05,aps,race,mondrian,0.95,1.0,2.0,0.0,1.0,0.0
ACSPublicCoverage-CA,xgboost,0,0.1,lac,predclass,marginal,0.9,0.905,1.54125,0.005582372411020886,0.9032648125755743,0.1327077747989276
ACSPublicCoverage-CA,xgboost,0,0.1,lac,sex,marginal,0.9,0.905,1.54125,0.023263122583379037,0.8918660287081339,0.004417450873073214
ACSPublicCoverage-CA,xgboost,0,0.1,lac,age,marginal,0.9,0.905,1.54125,0.04423328563916307,0.8762886597938144,0.1757575163654892
ACSPublicCoverage-CA,xgboost,0,0.1,lac,race,marginal,0.9,0.905,1.54125,0.03345208098010255,0.8823529411764706,0.11862203444913866
ACSPublicCoverage-CA,xgboost,0,0.1,lac,predclass,mondrian,0.9,0.905,1.5475,0.006088092559754399,0.900804289544236,0.09640776604607892
ACSPublicCoverage-CA,xgboost,0,0.1,lac,sex,mondrian,0.9,0.9033333333333333,1.535,0.005056586451031908,0.9004784688995215,0.05750101520153961
ACSPublicCoverage-CA,xgboost,0,0.1,lac,age,mondrian,0.9,0.9070833333333334,1.5479166666666666,0.029362718719878944,0.8926905132192846,0.10578769942377808
ACSPublicCoverage-CA,xgboost,0,0.1,lac,race,mondrian,0.9,0.90625,1.5445833333333334,0.0511386605578763,0.8756906077348067,0.2965009208103131
ACSPublicCoverage-CA,xgboost,0,0.1,aps,predclass,marginal,0.9,1.0,2.0,0.0,1.0,0.0
ACSPublicCoverage-CA,xgboost,0,0.1,aps,sex,marginal,0.9,1.0,2.0,0.0,1.0,0.0
ACSPublicCoverage-CA,xgboost,0,0.1,aps,age,marginal,0.9,1.0,2.0,0.0,1.0,0.0
ACSPublicCoverage-CA,xgboost,0,0.1,aps,race,marginal,0.9,1.0,2.0,0.0,1.0,0.0
ACSPublicCoverage-CA,xgboost,0,0.1,aps,predclass,mondrian,0.9,1.0,2.0,0.0,1.0,0.0
ACSPublicCoverage-CA,xgboost,0,0.1,aps,sex,mondrian,0.9,1.0,2.0,0.0,1.0,0.0
ACSPublicCoverage-CA,xgboost,0,0.1,aps,age,mondrian,0.9,1.0,2.0,0.0,1.0,0.0
ACSPublicCoverage-CA,xgboost,0,0.1,aps,race,mondrian,0.9,1.0,2.0,0.0,1.0,0.0
ACSPublicCoverage-CA,xgboost,0,0.2,lac,predclass,marginal,0.8,0.7916666666666666,1.23,0.041981255936538675,0.7627345844504021,0.13113712472161088
ACSPublicCoverage-CA,xgboost,0,0.2,lac,sex,marginal,0.8,0.7916666666666666,1.23,0.03608820777202992,0.7712918660287081,0.005678066350041533
ACSPublicCoverage-CA,xgboost,0,0.2,lac,age,marginal,0.8,0.7916666666666666,1.23,0.03721062479363091,0.770618556701031,0.08952134619853003
ACSPublicCoverage-CA,xgboost,0,0.2,lac,race,marginal,0.8,0.7916666666666666,1.23,0.05544277600928915,0.7540106951871658,0.09308290943872022
ACSPublicCoverage-CA,xgboost,0,0.2,lac,predclass,mondrian,0.8,0.79125,1.2283333333333333,0.01998080856871476,0.7774798927613941,0.18412751928058047
ACSPublicCoverage-CA,xgboost,0,0.2,lac,sex,mondrian,0.8,0.7920833333333334,1.2291666666666667,0.02157170854005197,0.7799043062200957,0.024612016455092922
ACSPublicCoverage-CA,xgboost,0,0.2,lac,age,mondrian,0.8,0.7954166666666667,1.2391666666666667,0.02104855448261178,0.7869362363919129,0.07898553565128785
ACSPublicCoverage-CA,xgboost,0,0.2,lac,race,mondrian,0.8,0.7916666666666666,1.2345833333333334,0.0526173577836222,0.7560975609756098,0.1548389320570016
ACSPublicCoverage-CA,xgboost,0,0.2,aps,predclass,marginal,0.8,1.0,2.0,0.0,1.0,0.0
ACSPublicCoverage-CA,xgboost,0,0.2,aps,sex,marginal,0.8,1.0,2.0,0.0,1.0,0.0
ACSPublicCoverage-CA,xgboost,0,0.2,aps,age,marginal,0.8,1.0,2.0,0.0,1.0,0.0
ACSPublicCoverage-CA,xgboost,0,0.2,aps,race,marginal,0.8,1.0,2.0,0.0,1.0,0.0
ACSPublicCoverage-CA,xgboost,0,0.2,aps,predclass,mondrian,0.8,1.0,2.0,0.0,1.0,0.0
ACSPublicCoverage-CA,xgboost,0,0.2,aps,sex,mondrian,0.8,1.0,2.0,0.0,1.0,0.0
ACSPublicCoverage-CA,xgboost,0,0.2,aps,age,mondrian,0.8,1.0,2.0,0.0,1.0,0.0
ACSPublicCoverage-CA,xgboost,0,0.2,aps,race,mondrian,0.8,1.0,2.0,0.0,1.0,0.0
ACSPublicCoverage-CA,xgboost,1,0.05,lac,predclass,marginal,0.95,0.9520833333333333,1.6783333333333332,0.01670149940878185,0.9470868014268727,0.07741811545480748
ACSPublicCoverage-CA,xgboost,1,0.05,lac,sex,marginal,0.95,0.9520833333333333,1.6783333333333332,0.007962893130262438,0.9486426999266324,0.06039488308944696
ACSPublicCoverage-CA,xgboost,1,0.05,lac,age,marginal,0.95,0.9520833333333333,1.6783333333333332,0.010806805284673815,0.9482248520710059,0.15095154634049313
ACSPublicCoverage-CA,xgboost,1,0.05,lac,race,marginal,0.95,0.9520833333333333,1.6783333333333332,0.027605183738682704,0.9418604651162791,0.13312274368231036
ACSPublicCoverage-CA,xgboost,1,0.05,lac,predclass,mondrian,0.95,0.95,1.6720833333333334,0.004173304760548335,0.947075208913649,0.011041040808958735
ACSPublicCoverage-CA,xgboost,1,0.05,lac,sex,mondrian,0.95,0.95,1.6658333333333333,0.01502726344618166,0.9435069699192957,0.10278110498496207
ACSPublicCoverage-CA,xgboost,1,0.05,lac,age,mondrian,0.95,0.9504166666666667,1.68625,0.04689715248241133,0.9292364990689013,0.21778980446927387
ACSPublicCoverage-CA,xgboost,1,0.05,lac,race,mondrian,0.95,0.9508333333333333,1.6766666666666667,0.03870802501099657,0.9460247994164843,0.12865520174212075
ACSPublicCoverage-CA,xgboost,1,0.05,aps,predclass,marginal,0.95,1.0,2.0,0.0,1.0,0.0
ACSPublicCoverage-CA,xgboost,1,0.05,aps,sex,marginal,0.95,1.0,2.0,0.0,1.0,0.0
ACSPublicCoverage-CA,xgboost,1,0.05,aps,age,marginal,0.95,1.0,2.0,0.0,1.0,0.0
ACSPublicCoverage-CA,xgboost,1,0.05,aps,race,marginal,0.95,1.0,2.0,0.0,1.0,0.0
ACSPublicCoverage-CA,xgboost,1,0.05,aps,predclass,mondrian,0.95,1.0,2.0,0.0,1.0,0.0
ACSPublicCoverage-CA,xgboost,1,0.05,aps,sex,mondrian,0.95,1.0,2.0,0.0,1.0,0.0
ACSPublicCoverage-CA,xgboost,1,0.05,aps,age,mondrian,0.95,1.0,2.0,0.0,1.0,0.0
ACSPublicCoverage-CA,xgboost,1,0.05,aps,race,mondrian,0.95,1.0,2.0,0.0,1.0,0.0
ACSPublicCoverage-CA,xgboost,1,0.1,lac,predclass,marginal,0.9,0.8891666666666667,1.4633333333333334,0.015060330750962914,0.8846611177170036,0.14174662740668853
ACSPublicCoverage-CA,xgboost,1,0.1,lac,sex,marginal,0.9,0.8891666666666667,1.4633333333333334,0.0069037682065838935,0.8852459016393442,0.050130498057563644
ACSPublicCoverage-CA,xgboost,1,0.1,lac,age,marginal,0.9,0.8891666666666667,1.4633333333333334,0.05165511008176693,0.8624260355029586,0.08026361731843568
ACSPublicCoverage-CA,xgboost,1,0.1,lac,race,marginal,0.9,0.8891666666666667,1.4633333333333334,0.05811734422155157,0.8808139534883721,0.1385484006380655
ACSPublicCoverage-CA,xgboost,1,0.1,lac,predclass,mondrian,0.9,0.8904166666666666,1.4733333333333334,0.0105707159867382,0.883008356545961,0.055935532377889396
ACSPublicCoverage-CA,xgboost,1,0.1,lac,sex,mondrian,0.9,0.8904166666666666,1.4675,0.00401080774371021,0.8881388621022179,0.061471695470100896
ACSPublicCoverage-CA,xgboost,1,0.1,lac,age,mondrian,0.9,0.8945833333333333,1.4770833333333333,0.027986471028512483,0.886094674556213,0.1358439941379348
ACSPublicCoverage-CA,xgboost,1,0.1,lac,race,mondrian,0.9,0.8954166666666666,1.4783333333333333,0.06579584746187384,0.888402625820569,0.1374461182777862
ACSPublicCoverage-CA,xgboost,1,0.1,aps,predclass,marginal,0.9,1.0,2.0,0.0,1.0,0.0
ACSPublicCoverage-CA,xgboost,1,0.1,aps,sex,marginal,0.9,1.0,2.0,0.0,1.0,0.0
ACSPublicCoverage-CA,xgboost,1,0.1,aps,age,marginal,0.9,1.0,2.0,0.0,1.0,0.0
ACSPublicCoverage-CA,xgboost,1,0.1,aps,race,marginal,0.9,1.0,2.0,0.0,1.0,0.0
ACSPublicCoverage-CA,xgboost,1,0.1,aps,predclass,mondrian,0.9,1.0,2.0,0.0,1.0,0.0
ACSPublicCoverage-CA,xgboost,1,0.1,aps,sex,mondrian,0.9,1.0,2.0,0.0,1.0,0.0
ACSPublicCoverage-CA,xgboost,1,0.1,aps,age,mondrian,0.9,1.0,2.0,0.0,1.0,0.0
ACSPublicCoverage-CA,xgboost,1,0.1,aps,race,mondrian,0.9,1.0,2.0,0.0,1.0,0.0
ACSPublicCoverage-CA,xgboost,1,0.2,lac,predclass,marginal,0.8,0.7854166666666667,1.2054166666666666,0.013770249636491871,0.775766016713092,0.1440999075911089
ACSPublicCoverage-CA,xgboost,1,0.2,lac,sex,marginal,0.8,0.7854166666666667,1.2054166666666666,0.004206077268717023,0.7830279652844745,0.0390248975719365
ACSPublicCoverage-CA,xgboost,1,0.2,lac,age,marginal,0.8,0.7854166666666667,1.2054166666666666,0.0700950417308045,0.7485207100591716,0.07511046466783466
ACSPublicCoverage-CA,xgboost,1,0.2,lac,race,marginal,0.8,0.7854166666666667,1.2054166666666666,0.07074158789649176,0.7689530685920578,0.10365258299307656
ACSPublicCoverage-CA,xgboost,1,0.2,lac,predclass,mondrian,0.8,0.7866666666666666,1.20875,0.009591976655990542,0.7799442896935933,0.15126739291001878
ACSPublicCoverage-CA,xgboost,1,0.2,lac,sex,mondrian,0.8,0.7879166666666667,1.2075,0.011767818874780511,0.7828319882611886,0.07101443225739335
ACSPublicCoverage-CA,xgboost,1,0.2,lac,age,mondrian,0.8,0.7891666666666667,1.2141666666666666,0.06969742047094862,0.7440828402366864,0.11483194112967388
ACSPublicCoverage-CA,xgboost,1,0.2,lac,race,mondrian,0.8,0.7866666666666666,1.2058333333333333,0.08643262914965377,0.7761627906976745,0.1923264690218356
ACSPublicCoverage-CA,xgboost,1,0.2,aps,predclass,marginal,0.8,1.0,2.0,0.0,1.0,0.0
ACSPublicCoverage-CA,xgboost,1,0.2,aps,sex,marginal,0.8,1.0,2.0,0.0,1.0,0.0
ACSPublicCoverage-CA,xgboost,1,0.2,aps,age,marginal,0.8,1.0,2.0,0.0,1.0,0.0
ACSPublicCoverage-CA,xgboost,1,0.2,aps,race,marginal,0.8,1.0,2.0,0.0,1.0,0.0
ACSPublicCoverage-CA,xgboost,1,0.2,aps,predclass,mondrian,0.8,1.0,2.0,0.0,1.0,0.0
ACSPublicCoverage-CA,xgboost,1,0.2,aps,sex,mondrian,0.8,1.0,2.0,0.0,1.0,0.0
ACSPublicCoverage-CA,xgboost,1,0.2,aps,age,mondrian,0.8,1.0,2.0,0.0,1.0,0.0
ACSPublicCoverage-CA,xgboost,1,0.2,aps,race,mondrian,0.8,1.0,2.0,0.0,1.0,0.0
ACSPublicCoverage-CA,xgboost,2,0.05,lac,predclass,marginal,0.95,0.9570833333333333,1.7108333333333334,0.022033630538029425,0.9504181600955794,0.08281248457201551
ACSPublicCoverage-CA,xgboost,2,0.05,lac,sex,marginal,0.95,0.9570833333333333,1.7108333333333334,0.004461279461279499,0.9546296296296296,0.024074074074074137
ACSPublicCoverage-CA,xgboost,2,0.05,lac,age,marginal,0.95,0.9570833333333333,1.7108333333333334,0.02384285485487858,0.9438377535101404,0.18494860114840206
ACSPublicCoverage-CA,xgboost,2,0.05,lac,race,marginal,0.95,0.9570833333333333,1.7108333333333334,0.027208127171281182,0.9513633014001474,0.13418563615098056
ACSPublicCoverage-CA,xgboost,2,0.05,lac,predclass,mondrian,0.95,0.9608333333333333,1.7291666666666667,0.008758158318275644,0.9581839904420549,0.030855969272391537
ACSPublicCoverage-CA,xgboost,2,0.05,lac,sex,mondrian,0.95,0.9533333333333334,1.7025,0.02794612794612794,0.937962962962963,0.09545454545454546
ACSPublicCoverage-CA,xgboost,2,0.05,lac,age,mondrian,0.95,0.9595833333333333,1.7295833333333333,0.029567943281111564,0.9469578783151326,0.08551363779854038
ACSPublicCoverage-CA,xgboost,2,0.05,lac,race,mondrian,0.95,0.96125,1.7354166666666666,0.04642593957258656,0.9535740604274134,0.18853037161806507
ACSPublicCoverage-CA,xgboost,2,0.05,aps,predclass,marginal,0.95,1.0,2.0,0.0,1.0,0.0
ACSPublicCoverage-CA,xgboost,2,0.05,aps,sex,marginal,0.95,1.0,2.0,0.0,1.0,0.0
ACSPublicCoverage-CA,xgboost,2,0.05,aps,age,marginal,0.95,1.0,2.0,0.0,1.0,0.0
ACSPublicCoverage-CA,xgboost,2,0.05,aps,race,marginal,0.95,1.0,2.0,0.0,1.0,0.0
ACSPublicCoverage-CA,xgboost,2,0.05,aps,predclass,mondrian,0.95,1.0,2.0,0.0,1.0,0.0
ACSPublicCoverage-CA,xgboost,2,0.05,aps,sex,mondrian,0.95,1.0,2.0,0.0,1.0,0.0
ACSPublicCoverage-CA,xgboost,2,0.05,aps,age,mondrian,0.95,1.0,2.0,0.0,1.0,0.0
ACSPublicCoverage-CA,xgboost,2,0.05,aps,race,mondrian,0.95,1.0,2.0,0.0,1.0,0.0
ACSPublicCoverage-CA,xgboost,2,0.1,lac,predclass,marginal,0.9,0.89375,1.5045833333333334,0.029893263031092965,0.8847072879330944,0.169184513759294
ACSPublicCoverage-CA,xgboost,2,0.1,lac,sex,marginal,0.9,0.89375,1.5045833333333334,0.002946127946127919,0.8924242424242425,0.0354377104377106
ACSPublicCoverage-CA,xgboost,2,0.1,lac,age,marginal,0.9,0.89375,1.5045833333333334,0.03233125522739533,0.8783151326053042,0.15836780285180718
ACSPublicCoverage-CA,xgboost,2,0.1,lac,race,marginal,0.9,0.89375,1.5045833333333334,0.01870739582799441,0.8807339449541285,0.13389086828067853
ACSPublicCoverage-CA,xgboost,2,0.1,lac,predclass,mondrian,0.9,0.8933333333333333,1.5070833333333333,0.007030224039021649,0.8884297520661157,0.060936836596660715
ACSPublicCoverage-CA,xgboost,2,0.1,lac,sex,mondrian,0.9,0.9,1.5191666666666668,0.02020202020202022,0.8888888888888888,0.02474747474747474
ACSPublicCoverage-CA,xgboost,2,0.1,lac,age,mondrian,0.9,0.9,1.5154166666666666,0.016280190649600956,0.8943661971830986,0.18014904794317332
ACSPublicCoverage-CA,xgboost,2,0.1,lac,race,mondrian,0.9,0.8995833333333333,1.5141666666666667,0.0440414780503211,0.8916728076639646,0.22139698915675332
ACSPublicCoverage-CA,xgboost,2,0.1,aps,predclass,marginal,0.9,1.0,2.0,0.0,1.0,0.0
ACSPublicCoverage-CA,xgboost,2,0.1,aps,sex,marginal,0.9,1.0,2.0,0.0,1.0,0.0
ACSPublicCoverage-CA,xgboost,2,0.1,aps,age,marginal,0.9,1.0,2.0,0.0,1.0,0.0
ACSPublicCoverage-CA,xgboost,2,0.1,aps,race,marginal,0.9,1.0,2.0,0.0,1.0,0.0
ACSPublicCoverage-CA,xgboost,2,0.1,aps,predclass,mondrian,0.9,1.0,2.0,0.0,1.0,0.0
ACSPublicCoverage-CA,xgboost,2,0.1,aps,sex,mondrian,0.9,1.0,2.0,0.0,1.0,0.0
ACSPublicCoverage-CA,xgboost,2,0.1,aps,age,mondrian,0.9,1.0,2.0,0.0,1.0,0.0
ACSPublicCoverage-CA,xgboost,2,0.1,aps,race,mondrian,0.9,1.0,2.0,0.0,1.0,0.0
ACSPublicCoverage-CA,xgboost,2,0.2,lac,predclass,marginal,0.8,0.7904166666666667,1.2225,0.04510895859869468,0.7589531680440771,0.12335475971839616
ACSPublicCoverage-CA,xgboost,2,0.2,lac,sex,marginal,0.8,0.7904166666666667,1.2225,0.007828282828282851,0.7861111111111111,0.031481481481481666
ACSPublicCoverage-CA,xgboost,2,0.2,lac,age,marginal,0.8,0.7904166666666667,1.2225,0.0669851725161491,0.7695167286245354,0.07849451105642546
ACSPublicCoverage-CA,xgboost,2,0.2,lac,race,marginal,0.8,0.7904166666666667,1.2225,0.06566186107470506,0.7486238532110092,0.08011369617854514
ACSPublicCoverage-CA,xgboost,2,0.2,lac,predclass,mondrian,0.8,0.7895833333333333,1.21625,0.028115959201003182,0.7699724517906336,0.16193706369659444
ACSPublicCoverage-CA,xgboost,2,0.2,lac,sex,mondrian,0.8,0.79125,1.22375,0.00934343434343432,0.7861111111111111,0.02920875420875424
ACSPublicCoverage-CA,xgboost,2,0.2,lac,age,mondrian,0.8,0.7854166666666667,1.21,0.0508596359798531,0.7571251548946716,0.17522525996096894
ACSPublicCoverage-CA,xgboost,2,0.2,lac,race,mondrian,0.8,0.79,1.2179166666666668,0.06834862385321094,0.781651376146789,0.2073218233498264
ACSPublicCoverage-CA,xgboost,2,0.2,aps,predclass,marginal,0.8,1.0,2.0,0.0,1.0,0.0
ACSPublicCoverage-CA,xgboost,2,0.2,aps,sex,marginal,0.8,1.0,2.0,0.0,1.0,0.0
ACSPublicCoverage-CA,xgboost,2,0.2,aps,age,marginal,0.8,1.0,2.0,0.0,1.0,0.0
ACSPublicCoverage-CA,xgboost,2,0.2,aps,race,marginal,0.8,1.0,2.0,0.0,1.0,0.0
ACSPublicCoverage-CA,xgboost,2,0.2,aps,predclass,mondrian,0.8,1.0,2.0,0.0,1.0,0.0
ACSPublicCoverage-CA,xgboost,2,0.2,aps,sex,mondrian,0.8,1.0,2.0,0.0,1.0,0.0
ACSPublicCoverage-CA,xgboost,2,0.2,aps,age,mondrian,0.8,1.0,2.0,0.0,1.0,0.0
ACSPublicCoverage-CA,xgboost,2,0.2,aps,race,mondrian,0.8,1.0,2.0,0.0,1.0,0.0
ACSPublicCoverage-CA,xgboost,3,0.05,lac,predclass,marginal,0.95,0.9595833333333333,1.7133333333333334,0.018840665172779825,0.9538369304556354,0.08813932460588902
ACSPublicCoverage-CA,xgboost,3,0.05,lac,sex,marginal,0.95,0.9595833333333333,1.7133333333333334,0.012921298824855931,0.9539033457249071,0.06500466886308787
ACSPublicCoverage-CA,xgboost,3,0.05,lac,age,marginal,0.95,0.9595833333333333,1.7133333333333334,0.030479594045710212,0.9398663697104677,0.13818763919821841
ACSPublicCoverage-CA,xgboost,3,0.05,lac,race,marginal,0.95,0.9595833333333333,1.7133333333333334,0.02818812818954186,0.9448818897637795,0.12134748865548017
ACSPublicCoverage-CA,xgboost,3,0.05,lac,predclass,mondrian,0.95,0.9595833333333333,1.7158333333333333,0.0008157408499430696,0.9590163934426229,0.025572984235562313
ACSPublicCoverage-CA,xgboost,3,0.05,lac,sex,mondrian,0.95,0.9595833333333333,1.715,0.01630402226959604,0.9524163568773234,0.08570975528110081
ACSPublicCoverage-CA,xgboost,3,0.05,lac,age,mondrian,0.95,0.96125,1.7158333333333333,0.03102941176470586,0.94875,0.09248081954040277
ACSPublicCoverage-CA,xgboost,3,0.05,lac,race,mondrian,0.95,0.9625,1.72375,0.03925220425291154,0.937125748502994,0.14779103210901035
ACSPublicCoverage-CA,xgboost,3,0.05,aps,predclass,marginal,0.95,1.0,2.0,0.0,1.0,0.0
ACSPublicCoverage-CA,xgboost,3,0.05,aps,sex,marginal,0.95,1.0,2.0,0.0,1.0,0.0
ACSPublicCoverage-CA,xgboost,3,0.05,aps,age,marginal,0.95,1.0,2.0,0.0,1.0,0.0
ACSPublicCoverage-CA,xgboost,3,0.05,aps,race,marginal,0.95,1.0,2.0,0.0,1.0,0.0
ACSPublicCoverage-CA,xgboost,3,0.05,aps,predclass,mondrian,0.95,1.0,2.0,0.0,1.0,0.0
ACSPublicCoverage-CA,xgboost,3,0.05,aps,sex,mondrian,0.95,1.0,2.0,0.0,1.0,0.0
ACSPublicCoverage-CA,xgboost,3,0.05,aps,age,mondrian,0.95,1.0,2.0,0.0,1.0,0.0
ACSPublicCoverage-CA,xgboost,3,0.05,aps,race,mondrian,0.95,1.0,2.0,0.0,1.0,0.0
ACSPublicCoverage-CA,xgboost,3,0.1,lac,predclass,marginal,0.9,0.9183333333333333,1.5566666666666666,0.04281165231749029,0.9052757793764988,0.16810158430632538
ACSPublicCoverage-CA,xgboost,3,0.1,lac,sex,marginal,0.9,0.9183333333333333,1.5566666666666666,0.004806286227734824,0.9156398104265403,0.036730738737469126
ACSPublicCoverage-CA,xgboost,3,0.1,lac,age,marginal,0.9,0.9183333333333333,1.5566666666666666,0.044301266222210756,0.8930957683741648,0.13129304366650407
ACSPublicCoverage-CA,xgboost,3,0.1,lac,race,marginal,0.9,0.9183333333333333,1.5566666666666666,0.06065960785422475,0.8818897637795275,0.13494017351293808
ACSPublicCoverage-CA,xgboost,3,0.1,lac,predclass,mondrian,0.9,0.9158333333333334,1.56625,0.01256044344851992,0.907103825136612,0.022614695129142603
ACSPublicCoverage-CA,xgboost,3,0.1,lac,sex,mondrian,0.9,0.9220833333333334,1.5654166666666667,0.012181328071319109,0.916728624535316,0.0938459098997515
ACSPublicCoverage-CA,xgboost,3,0.1,lac,age,mondrian,0.9,0.9195833333333333,1.5566666666666666,0.014558823529411846,0.91375,0.03260036031011615
ACSPublicCoverage-CA,xgboost,3,0.1,lac,race,mondrian,0.9,0.92,1.5691666666666666,0.08676967443701489,0.8503937007874016,0.11655522413378772
ACSPublicCoverage-CA,xgboost,3,0.1,aps,predclass,marginal,0.9,1.0,2.0,0.0,1.0,0.0
ACSPublicCoverage-CA,xgboost,3,0.1,aps,sex,marginal,0.9,1.0,2.0,0.0,1.0,0.0
ACSPublicCoverage-CA,xgboost,3,0.1,aps,age,marginal,0.9,1.0,2.0,0.0,1.0,0.0
ACSPublicCoverage-CA,xgboost,3,0.1,aps,race,marginal,0.9,1.0,2.0,0.0,1.0,0.0
ACSPublicCoverage-CA,xgboost,3,0.1,aps,predclass,mondrian,0.9,1.0,2.0,0.0,1.0,0.0
ACSPublicCoverage-CA,xgboost,3,0.1,aps,sex,mondrian,0.9,1.0,2.0,0.0,1.0,0.0
ACSPublicCoverage-CA,xgboost,3,0.1,aps,age,mondrian,0.9,1.0,2.0,0.0,1.0,0.0
ACSPublicCoverage-CA,xgboost,3,0.1,aps,race,mondrian,0.9,1.0,2.0,0.0,1.0,0.0
ACSPublicCoverage-CA,xgboost,3,0.2,lac,predclass,marginal,0.8,0.8270833333333333,1.2766666666666666,0.008697959665054822,0.8210382513661202,0.17391988048905138
ACSPublicCoverage-CA,xgboost,3,0.2,lac,sex,marginal,0.8,0.8270833333333333,1.2766666666666666,0.009179161014112314,0.8230483271375465,0.0543209006501173
ACSPublicCoverage-CA,xgboost,3,0.2,lac,age,marginal,0.8,0.8270833333333333,1.2766666666666666,0.03343492586490948,0.815,0.1183042675834638
ACSPublicCoverage-CA,xgboost,3,0.2,lac,race,marginal,0.8,0.8270833333333333,1.2766666666666666,0.1020146541016671,0.7322834645669292,0.09660866000367552
ACSPublicCoverage-CA,xgboost,3,0.2,lac,predclass,mondrian,0.8,0.8275,1.27875,0.015194401855564754,0.8169398907103825,0.15716279435468028
ACSPublicCoverage-CA,xgboost,3,0.2,lac,sex,mondrian,0.8,0.8208333333333333,1.27,0.006730210186930763,0.8170616113744076,0.02562413009390596
ACSPublicCoverage-CA,xgboost,3,0.2,lac,age,mondrian,0.8,0.8308333333333333,1.2895833333333333,0.04172981878088955,0.81,0.09386120263591446
ACSPublicCoverage-CA,xgboost,3,0.2,lac,race,mondrian,0.8,0.82875,1.28,0.10490901010745579,0.7322834645669292,0.10268734361526177
ACSPublicCoverage-CA,xgboost,3,0.2,aps,predclass,marginal,0.8,1.0,2.0,0.0,1.0,0.0
ACSPublicCoverage-CA,xgboost,3,0.2,aps,sex,marginal,0.8,1.0,2.0,0.0,1.0,0.0
ACSPublicCoverage-CA,xgboost,3,0.2,aps,age,marginal,0.8,1.0,2.0,0.0,1.0,0.0
ACSPublicCoverage-CA,xgboost,3,0.2,aps,race,marginal,0.8,1.0,2.0,0.0,1.0,0.0
ACSPublicCoverage-CA,xgboost,3,0.2,aps,predclass,mondrian,0.8,1.0,2.0,0.0,1.0,0.0
ACSPublicCoverage-CA,xgboost,3,0.2,aps,sex,mondrian,0.8,1.0,2.0,0.0,1.0,0.0
ACSPublicCoverage-CA,xgboost,3,0.2,aps,age,mondrian,0.8,1.0,2.0,0.0,1.0,0.0
ACSPublicCoverage-CA,xgboost,3,0.2,aps,race,mondrian,0.8,1.0,2.0,0.0,1.0,0.0
ACSPublicCoverage-CA,xgboost,4,0.05,lac,predclass,marginal,0.95,0.9533333333333334,1.7041666666666666,0.007605343805012765,0.950890116635973,0.06895925742798936
ACSPublicCoverage-CA,xgboost,4,0.05,lac,sex,marginal,0.95,0.9533333333333334,1.7041666666666666,0.006370795820927033,0.9497630331753555,0.030620694515407276
ACSPublicCoverage-CA,xgboost,4,0.05,lac,age,marginal,0.95,0.9533333333333334,1.7041666666666666,0.021166927627872756,0.9470365699873896,0.1588042430086789
ACSPublicCoverage-CA,xgboost,4,0.05,lac,race,marginal,0.95,0.9533333333333334,1.7041666666666666,0.034341895728034255,0.9306930693069307,0.23267326732673266
ACSPublicCoverage-CA,xgboost,4,0.05,lac,predclass,mondrian,0.95,0.9545833333333333,1.7083333333333333,0.0037907288374859904,0.9520103761348897,0.045622508378060145
ACSPublicCoverage-CA,xgboost,4,0.05,lac,sex,mondrian,0.95,0.9554166666666667,1.7070833333333333,5.9902394333954945e-05,0.9553903345724907,0.0558607445515249
ACSPublicCoverage-CA,xgboost,4,0.05,lac,age,mondrian,0.95,0.9545833333333333,1.7120833333333334,0.014066933649956814,0.9493670886075949,0.11695868259031217
ACSPublicCoverage-CA,xgboost,4,0.05,lac,race,mondrian,0.95,0.9583333333333334,1.7191666666666667,0.028525929516028614,0.9504950495049505,0.18415841584158432
ACSPublicCoverage-CA,xgboost,4,0.05,aps,predclass,marginal,0.95,1.0,2.0,0.0,1.0,0.0
ACSPublicCoverage-CA,xgboost,4,0.05,aps,sex,marginal,0.95,1.0,2.0,0.0,1.0,0.0
ACSPublicCoverage-CA,xgboost,4,0.05,aps,age,marginal,0.95,1.0,2.0,0.0,1.0,0.0
ACSPublicCoverage-CA,xgboost,4,0.05,aps,race,marginal,0.95,1.0,2.0,0.0,1.0,0.0
ACSPublicCoverage-CA,xgboost,4,0.05,aps,predclass,mondrian,0.95,1.0,2.0,0.0,1.0,0.0
ACSPublicCoverage-CA,xgboost,4,0.05,aps,sex,mondrian,0.95,1.0,2.0,0.0,1.0,0.0
ACSPublicCoverage-CA,xgboost,4,0.05,aps,age,mondrian,0.95,1.0,2.0,0.0,1.0,0.0
ACSPublicCoverage-CA,xgboost,4,0.05,aps,race,mondrian,0.95,1.0,2.0,0.0,1.0,0.0
ACSPublicCoverage-CA,xgboost,4,0.1,lac,predclass,marginal,0.9,0.8929166666666667,1.50625,0.010392855180782257,0.8858625162127107,0.12168788949320786
ACSPublicCoverage-CA,xgboost,4,0.1,lac,sex,marginal,0.9,0.8929166666666667,1.50625,0.025416233548864575,0.8786729857819905,0.005232650328582222
ACSPublicCoverage-CA,xgboost,4,0.1,lac,age,marginal,0.9,0.8929166666666667,1.50625,0.04362480127186019,0.8752941176470588,0.15885532591414941
ACSPublicCoverage-CA,xgboost,4,0.1,lac,race,marginal,0.9,0.8929166666666667,1.50625,0.04281658935124277,0.8732673267326733,0.20148514851485166
ACSPublicCoverage-CA,xgboost,4,0.1,lac,predclass,mondrian,0.9,0.8941666666666667,1.5108333333333333,0.006501804597124683,0.8897535667963683,0.13595507496661918
ACSPublicCoverage-CA,xgboost,4,0.1,lac,sex,mondrian,0.9,0.8925,1.5091666666666668,0.019598653957962564,0.8815165876777251,0.02339012315227529
ACSPublicCoverage-CA,xgboost,4,0.1,lac,age,mondrian,0.9,0.8929166666666667,1.5154166666666666,0.03202906192298671,0.8789407313997478,0.10925278219395862
ACSPublicCoverage-CA,xgboost,4,0.1,lac,race,mondrian,0.9,0.8883333333333333,1.50125,0.053769992383853826,0.8693069306930693,0.1549504950495051
ACSPublicCoverage-CA,xgboost,4,0.1,aps,predclass,marginal,0.9,1.0,2.0,0.0,1.0,0.0
ACSPublicCoverage-CA,xgboost,4,0.1,aps,sex,marginal,0.9,1.0,2.0,0.0,1.0,0.0
ACSPublicCoverage-CA,xgboost,4,0.1,aps,age,marginal,0.9,1.0,2.0,0.0,1.0,0.0
ACSPublicCoverage-CA,xgboost,4,0.1,aps,race,marginal,0.9,1.0,2.0,0.0,1.0,0.0
ACSPublicCoverage-CA,xgboost,4,0.1,aps,predclass,mondrian,0.9,1.0,2.0,0.0,1.0,0.0
ACSPublicCoverage-CA,xgboost,4,0.1,aps,sex,mondrian,0.9,1.0,2.0,0.0,1.0,0.0
ACSPublicCoverage-CA,xgboost,4,0.1,aps,age,mondrian,0.9,1.0,2.0,0.0,1.0,0.0
ACSPublicCoverage-CA,xgboost,4,0.1,aps,race,mondrian,0.9,1.0,2.0,0.0,1.0,0.0
ACSPublicCoverage-CA,xgboost,4,0.2,lac,predclass,marginal,0.8,0.7770833333333333,1.2033333333333334,0.04037950283408931,0.7496757457846952,0.13229094261834984
ACSPublicCoverage-CA,xgboost,4,0.2,lac,sex,marginal,0.8,0.7770833333333333,1.2033333333333334,0.025070913863880606,0.7630331753554502,0.0008174914991454507
ACSPublicCoverage-CA,xgboost,4,0.2,lac,age,marginal,0.8,0.7770833333333333,1.2033333333333334,0.0473318003115496,0.7503152585119798,0.058887122416534154
ACSPublicCoverage-CA,xgboost,4,0.2,lac,race,marginal,0.8,0.7770833333333333,1.2033333333333334,0.07257494980267254,0.7386138613861386,0.12475247524752486
ACSPublicCoverage-CA,xgboost,4,0.2,lac,predclass,mondrian,0.8,0.77875,1.20625,0.012260750549978106,0.7704280155642024,0.2044294439547789
ACSPublicCoverage-CA,xgboost,4,0.2,lac,sex,mondrian,0.8,0.7825,1.2195833333333332,0.016004510297926267,0.7754646840148699,0.09021652953716597
ACSPublicCoverage-CA,xgboost,4,0.2,lac,age,mondrian,0.8,0.7825,1.21375,0.03516661086574302,0.7629255989911727,0.08578696343402226
ACSPublicCoverage-CA,xgboost,4,0.2,lac,race,mondrian,0.8,0.7816666666666666,1.2145833333333333,0.07573218860347575,0.7564356435643564,0.15016893380732732
ACSPublicCoverage-CA,xgboost,4,0.2,aps,predclass,marginal,0.8,1.0,2.0,0.0,1.0,0.0
ACSPublicCoverage-CA,xgboost,4,0.2,aps,sex,marginal,0.8,1.0,2.0,0.0,1.0,0.0
ACSPublicCoverage-CA,xgboost,4,0.2,aps,age,marginal,0.8,1.0,2.0,0.0,1.0,0.0
ACSPublicCoverage-CA,xgboost,4,0.2,aps,race,marginal,0.8,1.0,2.0,0.0,1.0,0.0
ACSPublicCoverage-CA,xgboost,4,0.2,aps,predclass,mondrian,0.8,1.0,2.0,0.0,1.0,0.0
ACSPublicCoverage-CA,xgboost,4,0.2,aps,sex,mondrian,0.8,1.0,2.0,0.0,1.0,0.0
ACSPublicCoverage-CA,xgboost,4,0.2,aps,age,mondrian,0.8,1.0,2.0,0.0,1.0,0.0
ACSPublicCoverage-CA,xgboost,4,0.2,aps,race,mondrian,0.8,1.0,2.0,0.0,1.0,0.0
ACSPublicCoverage-CA,lightgbm,0,0.05,lac,predclass,marginal,0.95,0.9554166666666667,1.7158333333333333,0.006636400895362327,0.9536082474226805,0.05221896444822782
ACSPublicCoverage-CA,lightgbm,0,0.05,lac,sex,marginal,0.95,0.9554166666666667,1.7158333333333333,0.02272992107911509,0.9425837320574163,0.018722081957661674
ACSPublicCoverage-CA,lightgbm,0,0.05,lac,age,marginal,0.95,0.9554166666666667,1.7158333333333333,0.03735431876826745,0.9329896907216495,0.20126328404935734
ACSPublicCoverage-CA,lightgbm,0,0.05,lac,race,marginal,0.95,0.9554166666666667,1.7158333333333333,0.0251311848666117,0.93646408839779,0.13433982332259875
ACSPublicCoverage-CA,lightgbm,0,0.05,lac,predclass,mondrian,0.95,0.95625,1.7275,0.007119812520361091,0.9510703363914373,0.012158853263553926
ACSPublicCoverage-CA,lightgbm,0,0.05,lac,sex,mondrian,0.95,0.9558333333333333,1.7195833333333332,0.01499320256360459,0.9473684210526315,0.022094316636946276
ACSPublicCoverage-CA,lightgbm,0,0.05,lac,age,mondrian,0.95,0.95875,1.7291666666666667,0.030926798691967905,0.942457231726283,0.1514052761553839
ACSPublicCoverage-CA,lightgbm,0,0.05,lac,race,mondrian,0.95,0.9570833333333333,1.7254166666666666,0.019965862642051913,0.9475138121546961,0.10065884716518458
ACSPublicCoverage-CA,lightgbm,0,0.05,aps,predclass,marginal,0.95,1.0,2.0,0.0,1.0,0.0
ACSPublicCoverage-CA,lightgbm,0,0.05,aps,sex,marginal,0.95,1.0,2.0,0.0,1.0,0.0
ACSPublicCoverage-CA,lightgbm,0,0.05,aps,age,marginal,0.95,1.0,2.0,0.0,1.0,0.0
ACSPublicCoverage-CA,lightgbm,0,0.05,aps,race,marginal,0.95,1.0,2.0,0.0,1.0,0.0
ACSPublicCoverage-CA,lightgbm,0,0.05,aps,predclass,mondrian,0.95,1.0,2.0,0.0,1.0,0.0
ACSPublicCoverage-CA,lightgbm,0,0.05,aps,sex,mondrian,0.95,1.0,2.0,0.0,1.0,0.0
ACSPublicCoverage-CA,lightgbm,0,0.05,aps,age,mondrian,0.95,1.0,2.0,0.0,1.0,0.0
ACSPublicCoverage-CA,lightgbm,0,0.05,aps,race,mondrian,0.95,1.0,2.0,0.0,1.0,0.0
ACSPublicCoverage-CA,lightgbm,0,0.1,lac,predclass,marginal,0.9,0.9016666666666666,1.5120833333333332,0.009058713494540571,0.8991981672394044,0.10949798753638706
ACSPublicCoverage-CA,lightgbm,0,0.1,lac,sex,marginal,0.9,0.9016666666666666,1.5120833333333332,0.02583378943837278,0.8870813397129187,0.029029467328166136
ACSPublicCoverage-CA,lightgbm,0,0.1,lac,age,marginal,0.9,0.9016666666666666,1.5120833333333332,0.038032613382462555,0.884020618556701,0.19080004703853248
ACSPublicCoverage-CA,lightgbm,0,0.1,lac,race,marginal,0.9,0.9016666666666666,1.5120833333333332,0.05549951363619987,0.8536585365853658,0.19232132833042814
ACSPublicCoverage-CA,lightgbm,0,0.1,lac,predclass,mondrian,0.9,0.9029166666666667,1.5179166666666666,0.026288134346395986,0.8837920489296636,0.009000914278508132
ACSPublicCoverage-CA,lightgbm,0,0.1,lac,sex,mondrian,0.9,0.9020833333333333,1.5108333333333333,0.0005473260474231356,0.9018450184501845,0.04606719751408028
ACSPublicCoverage-CA,lightgbm,0,0.1,lac,age,mondrian,0.9,0.9041666666666667,1.5170833333333333,0.020548876759959533,0.895800933125972,0.08944180941554625
ACSPublicCoverage-CA,lightgbm,0,0.1,lac,race,mondrian,0.9,0.905,1.52375,0.056238066073422965,0.8536585365853658,0.16336258260210168
ACSPublicCoverage-CA,lightgbm,0,0.1,aps,predclass,marginal,0.9,1.0,2.0,0.0,1.0,0.0
ACSPublicCoverage-CA,lightgbm,0,0.1,aps,sex,marginal,0.9,1.0,2.0,0.0,1.0,0.0
ACSPublicCoverage-CA,lightgbm,0,0.1,aps,age,marginal,0.9,1.0,2.0,0.0,1.0,0.0
ACSPublicCoverage-CA,lightgbm,0,0.1,aps,race,marginal,0.9,1.0,2.0,0.0,1.0,0.0
ACSPublicCoverage-CA,lightgbm,0,0.1,aps,predclass,mondrian,0.9,1.0,2.0,0.0,1.0,0.0
ACSPublicCoverage-CA,lightgbm,0,0.1,aps,sex,mondrian,0.9,1.0,2.0,0.0,1.0,0.0
ACSPublicCoverage-CA,lightgbm,0,0.1,aps,age,mondrian,0.9,1.0,2.0,0.0,1.0,0.0
ACSPublicCoverage-CA,lightgbm,0,0.1,aps,race,mondrian,0.9,1.0,2.0,0.0,1.0,0.0
ACSPublicCoverage-CA,lightgbm,0,0.2,lac,predclass,marginal,0.8,0.7920833333333334,1.1895833333333334,0.018963397332828924,0.7782874617737003,0.10301396639238303
ACSPublicCoverage-CA,lightgbm,0,0.2,lac,sex,marginal,0.8,0.7920833333333334,1.1895833333333334,0.040216105510337385,0.769377990430622,0.029008280513427076
ACSPublicCoverage-CA,lightgbm,0,0.2,lac,age,marginal,0.8,0.7920833333333334,1.1895833333333334,0.03411273568264672,0.7757731958762887,0.08963780330053717
ACSPublicCoverage-CA,lightgbm,0,0.2,lac,race,marginal,0.8,0.7920833333333334,1.1895833333333334,0.05832126924099623,0.7593582887700535,0.06021477327072744
ACSPublicCoverage-CA,lightgbm,0,0.2,lac,predclass,mondrian,0.8,0.7970833333333334,1.1991666666666667,0.001487016194289481,0.7966781214203894,0.14448753113275936
ACSPublicCoverage-CA,lightgbm,0,0.2,lac,sex,mondrian,0.8,0.79875,1.20375,0.0062607037553629175,0.7952153110047847,0.078105192535179
ACSPublicCoverage-CA,lightgbm,0,0.2,lac,age,mondrian,0.8,0.7991666666666667,1.2095833333333332,0.019839275260335132,0.7900466562986003,0.0363390037036444
ACSPublicCoverage-CA,lightgbm,0,0.2,lac,race,mondrian,0.8,0.8020833333333334,1.21375,0.04308111994169839,0.7718360071301248,0.11667340430310369
ACSPublicCoverage-CA,lightgbm,0,0.2,aps,predclass,marginal,0.8,1.0,2.0,0.0,1.0,0.0
ACSPublicCoverage-CA,lightgbm,0,0.2,aps,sex,marginal,0.8,1.0,2.0,0.0,1.0,0.0
ACSPublicCoverage-CA,lightgbm,0,0.2,aps,age,marginal,0.8,1.0,2.0,0.0,1.0,0.0
ACSPublicCoverage-CA,lightgbm,0,0.2,aps,race,marginal,0.8,1.0,2.0,0.0,1.0,0.0
ACSPublicCoverage-CA,lightgbm,0,0.2,aps,predclass,mondrian,0.8,1.0,2.0,0.0,1.0,0.0
ACSPublicCoverage-CA,lightgbm,0,0.2,aps,sex,mondrian,0.8,1.0,2.0,0.0,1.0,0.0
ACSPublicCoverage-CA,lightgbm,0,0.2,aps,age,mondrian,0.8,1.0,2.0,0.0,1.0,0.0
ACSPublicCoverage-CA,lightgbm,0,0.2,aps,race,mondrian,0.8,1.0,2.0,0.0,1.0,0.0
ACSPublicCoverage-CA,lightgbm,1,0.05,lac,predclass,marginal,0.95,0.9533333333333334,1.6758333333333333,0.038563561940331614,0.9423748544819558,0.09643963006838074
ACSPublicCoverage-CA,lightgbm,1,0.05,lac,sex,marginal,0.95,0.9533333333333334,1.6758333333333333,0.004063870114635937,0.9515774027879678,0.07158892085994983
ACSPublicCoverage-CA,lightgbm,1,0.05,lac,age,marginal,0.95,0.9533333333333334,1.6758333333333333,0.02132083998248857,0.9452662721893491,0.15507222056483694
ACSPublicCoverage-CA,lightgbm,1,0.05,lac,race,marginal,0.95,0.9533333333333334,1.6758333333333333,0.030512160482868755,0.938953488372093,0.15267399882461596
ACSPublicCoverage-CA,lightgbm,1,0.05,lac,predclass,mondrian,0.95,0.9491666666666667,1.66625,0.011610718321447222,0.9458672875436555,0.0028318408843399645
ACSPublicCoverage-CA,lightgbm,1,0.05,lac,sex,mondrian,0.95,0.9558333333333333,1.68375,0.01154778691000835,0.9508437270726339,0.10858895835735893
ACSPublicCoverage-CA,lightgbm,1,0.05,lac,age,mondrian,0.95,0.95625,1.6908333333333334,0.024550783767327444,0.9515828677839852,0.15080768679823264
ACSPublicCoverage-CA,lightgbm,1,0.05,lac,race,mondrian,0.95,0.9566666666666667,1.6825,0.024165436873441526,0.949671772428884,0.13653108353279775
ACSPublicCoverage-CA,lightgbm,1,0.05,aps,predclass,marginal,0.95,1.0,2.0,0.0,1.0,0.0
ACSPublicCoverage-CA,lightgbm,1,0.05,aps,sex,marginal,0.95,1.0,2.0,0.0,1.0,0.0
ACSPublicCoverage-CA,lightgbm,1,0.05,aps,age,marginal,0.95,1.0,2.0,0.0,1.0,0.0
ACSPublicCoverage-CA,lightgbm,1,0.05,aps,race,marginal,0.95,1.0,2.0,0.0,1.0,0.0
ACSPublicCoverage-CA,lightgbm,1,0.05,aps,predclass,mondrian,0.95,1.0,2.0,0.0,1.0,0.0
ACSPublicCoverage-CA,lightgbm,1,0.05,aps,sex,mondrian,0.95,1.0,2.0,0.0,1.0,0.0
ACSPublicCoverage-CA,lightgbm,1,0.05,aps,age,mondrian,0.95,1.0,2.0,0.0,1.0,0.0
ACSPublicCoverage-CA,lightgbm,1,0.05,aps,race,mondrian,0.95,1.0,2.0,0.0,1.0,0.0
ACSPublicCoverage-CA,lightgbm,1,0.1,lac,predclass,marginal,0.9,0.8979166666666667,1.4679166666666668,0.05043203069790625,0.8835855646100116,0.1902522540360987
ACSPublicCoverage-CA,lightgbm,1,0.1,lac,sex,marginal,0.9,0.8979166666666667,1.4679166666666668,0.0036330036627185702,0.8958534233365477,0.06413401149401698
ACSPublicCoverage-CA,lightgbm,1,0.1,lac,age,marginal,0.9,0.8979166666666667,1.4679166666666668,0.040156190422391935,0.878698224852071,0.09694720835674864
ACSPublicCoverage-CA,lightgbm,1,0.1,lac,race,marginal,0.9,0.8979166666666667,1.4679166666666668,0.049396413988993415,0.8895348837209303,0.1481823524473176
ACSPublicCoverage-CA,lightgbm,1,0.1,lac,predclass,mondrian,0.9,0.8933333333333333,1.47375,0.014857349642733997,0.8826979472140762,0.034622199311072244
ACSPublicCoverage-CA,lightgbm,1,0.1,lac,sex,mondrian,0.9,0.9004166666666666,1.47,0.017434880089654214,0.8928833455612619,0.12498947596309962
ACSPublicCoverage-CA,lightgbm,1,0.1,lac,age,mondrian,0.9,0.8979166666666667,1.4795833333333333,0.035648413576707894,0.8808193668528864,0.22414961488876406
ACSPublicCoverage-CA,lightgbm,1,0.1,lac,race,mondrian,0.9,0.8995833333333333,1.47875,0.06287826905195404,0.8913202042304887,0.14949956157328037
ACSPublicCoverage-CA,lightgbm,1,0.1,aps,predclass,marginal,0.9,1.0,2.0,0.0,1.0,0.0
ACSPublicCoverage-CA,lightgbm,1,0.1,aps,sex,marginal,0.9,1.0,2.0,0.0,1.0,0.0
ACSPublicCoverage-CA,lightgbm,1,0.1,aps,age,marginal,0.9,1.0,2.0,0.0,1.0,0.0
ACSPublicCoverage-CA,lightgbm,1,0.1,aps,race,marginal,0.9,1.0,2.0,0.0,1.0,0.0
ACSPublicCoverage-CA,lightgbm,1,0.1,aps,predclass,mondrian,0.9,1.0,2.0,0.0,1.0,0.0
ACSPublicCoverage-CA,lightgbm,1,0.1,aps,sex,mondrian,0.9,1.0,2.0,0.0,1.0,0.0
ACSPublicCoverage-CA,lightgbm,1,0.1,aps,age,mondrian,0.9,1.0,2.0,0.0,1.0,0.0
ACSPublicCoverage-CA,lightgbm,1,0.1,aps,race,mondrian,0.9,1.0,2.0,0.0,1.0,0.0
ACSPublicCoverage-CA,lightgbm,1,0.2,lac,predclass,marginal,0.8,0.7954166666666667,1.1958333333333333,0.000971258265937025,0.7947214076246334,0.1524824268825169
ACSPublicCoverage-CA,lightgbm,1,0.2,lac,sex,marginal,0.8,0.7954166666666667,1.1958333333333333,0.006532331610103359,0.7917068466730954,0.02024152576248861
ACSPublicCoverage-CA,lightgbm,1,0.2,lac,age,marginal,0.8,0.7954166666666667,1.1958333333333333,0.0865649404753498,0.7559171597633136,0.02980893193613432
ACSPublicCoverage-CA,lightgbm,1,0.2,lac,race,marginal,0.8,0.7954166666666667,1.1958333333333333,0.06573979662137952,0.7815884476534296,0.09311201846263084
ACSPublicCoverage-CA,lightgbm,1,0.2,lac,predclass,mondrian,0.8,0.79875,1.2066666666666668,0.013821227028632532,0.7888563049853372,0.12710681109794852
ACSPublicCoverage-CA,lightgbm,1,0.2,lac,sex,mondrian,0.8,0.795,1.1958333333333333,0.03665124084585658,0.7791636096845195,0.13061125728811662
ACSPublicCoverage-CA,lightgbm,1,0.2,lac,age,mondrian,0.8,0.79625,1.2045833333333333,0.060491113241435523,0.7588757396449705,0.1332693168257757
ACSPublicCoverage-CA,lightgbm,1,0.2,lac,race,mondrian,0.8,0.7966666666666666,1.2008333333333334,0.07411985456651127,0.788475565280817,0.1466711443203761
ACSPublicCoverage-CA,lightgbm,1,0.2,aps,predclass,marginal,0.8,1.0,2.0,0.0,1.0,0.0
ACSPublicCoverage-CA,lightgbm,1,0.2,aps,sex,marginal,0.8,1.0,2.0,0.0,1.0,0.0
ACSPublicCoverage-CA,lightgbm,1,0.2,aps,age,marginal,0.8,1.0,2.0,0.0,1.0,0.0
ACSPublicCoverage-CA,lightgbm,1,0.2,aps,race,marginal,0.8,1.0,2.0,0.0,1.0,0.0
ACSPublicCoverage-CA,lightgbm,1,0.2,aps,predclass,mondrian,0.8,1.0,2.0,0.0,1.0,0.0
ACSPublicCoverage-CA,lightgbm,1,0.2,aps,sex,mondrian,0.8,1.0,2.0,0.0,1.0,0.0
ACSPublicCoverage-CA,lightgbm,1,0.2,aps,age,mondrian,0.8,1.0,2.0,0.0,1.0,0.0
ACSPublicCoverage-CA,lightgbm,1,0.2,aps,race,mondrian,0.8,1.0,2.0,0.0,1.0,0.0
ACSPublicCoverage-CA,lightgbm,2,0.05,lac,predclass,marginal,0.95,0.9516666666666667,1.6758333333333333,0.030276784033138715,0.9427728613569322,0.12961777443042743
ACSPublicCoverage-CA,lightgbm,2,0.05,lac,sex,marginal,0.95,0.9516666666666667,1.6758333333333333,0.0013468013468013185,0.950925925925926,0.03552188552188551
ACSPublicCoverage-CA,lightgbm,2,0.05,lac,age,marginal,0.95,0.9516666666666667,1.6758333333333333,0.017793252700839424,0.9413145539906104,0.19622318795050364
ACSPublicCoverage-CA,lightgbm,2,0.05,lac,race,marginal,0.95,0.9516666666666667,1.6758333333333333,0.018801743906003643,0.9476787030213707,0.11815188658197728
ACSPublicCoverage-CA,lightgbm,2,0.05,lac,predclass,mondrian,0.95,0.9554166666666667,1.7,0.004882947341994681,0.9539823008849557,0.04518922990020702
ACSPublicCoverage-CA,lightgbm,2,0.05,lac,sex,mondrian,0.95,0.95375,1.6925,0.030387205387205407,0.937037037037037,0.10252525252525246
ACSPublicCoverage-CA,lightgbm,2,0.05,lac,age,mondrian,0.95,0.955,1.6866666666666668,0.018603561043850192,0.9438377535101404,0.1379304658383631
ACSPublicCoverage-CA,lightgbm,2,0.05,lac,race,mondrian,0.95,0.9570833333333333,1.7045833333333333,0.052321296978629306,0.9476787030213707,0.2110906411201181
ACSPublicCoverage-CA,lightgbm,2,0.05,aps,predclass,marginal,0.95,1.0,2.0,0.0,1.0,0.0
ACSPublicCoverage-CA,lightgbm,2,0.05,aps,sex,marginal,0.95,1.0,2.0,0.0,1.0,0.0
ACSPublicCoverage-CA,lightgbm,2,0.05,aps,age,marginal,0.95,1.0,2.0,0.0,1.0,0.0
ACSPublicCoverage-CA,lightgbm,2,0.05,aps,race,marginal,0.95,1.0,2.0,0.0,1.0,0.0
ACSPublicCoverage-CA,lightgbm,2,0.05,aps,predclass,mondrian,0.95,1.0,2.0,0.0,1.0,0.0
ACSPublicCoverage-CA,lightgbm,2,0.05,aps,sex,mondrian,0.95,1.0,2.0,0.0,1.0,0.0
ACSPublicCoverage-CA,lightgbm,2,0.05,aps,age,mondrian,0.95,1.0,2.0,0.0,1.0,0.0
ACSPublicCoverage-CA,lightgbm,2,0.05,aps,race,mondrian,0.95,1.0,2.0,0.0,1.0,0.0
ACSPublicCoverage-CA,lightgbm,2,0.1,lac,predclass,marginal,0.9,0.9008333333333334,1.5091666666666668,0.027942007154961424,0.8926253687315634,0.18083223498399548
ACSPublicCoverage-CA,lightgbm,2,0.1,lac,sex,marginal,0.9,0.9008333333333334,1.5091666666666668,0.015319865319865289,0.8939393939393939,0.045622895622895676
ACSPublicCoverage-CA,lightgbm,2,0.1,lac,age,marginal,0.9,0.9008333333333334,1.5091666666666668,0.02857958906799485,0.8896713615023474,0.15230291289247266
ACSPublicCoverage-CA,lightgbm,2,0.1,lac,race,marginal,0.9,0.9008333333333334,1.5091666666666668,0.05022807646968375,0.8715596330275229,0.10818792127804855
ACSPublicCoverage-CA,lightgbm,2,0.1,lac,predclass,mondrian,0.9,0.9008333333333334,1.5083333333333333,0.0038410845415175476,0.8997050147492626,0.0876168957509571
ACSPublicCoverage-CA,lightgbm,2,0.1,lac,sex,mondrian,0.9,0.9041666666666667,1.5179166666666666,0.022727272727272707,0.8916666666666667,0.06456228956228949
ACSPublicCoverage-CA,lightgbm,2,0.1,lac,age,mondrian,0.9,0.90375,1.52,0.01376224063047038,0.8970358814352574,0.1478743503847042
ACSPublicCoverage-CA,lightgbm,2,0.1,lac,race,mondrian,0.9,0.9054166666666666,1.52125,0.05135052021936337,0.8844036697247707,0.14049339814620754
ACSPublicCoverage-CA,lightgbm,2,0.1,aps,predclass,marginal,0.9,1.0,2.0,0.0,1.0,0.0
ACSPublicCoverage-CA,lightgbm,2,0.1,aps,sex,marginal,0.9,1.0,2.0,0.0,1.0,0.0
ACSPublicCoverage-CA,lightgbm,2,0.1,aps,age,marginal,0.9,1.0,2.0,0.0,1.0,0.0
ACSPublicCoverage-CA,lightgbm,2,0.1,aps,race,marginal,0.9,1.0,2.0,0.0,1.0,0.0
ACSPublicCoverage-CA,lightgbm,2,0.1,aps,predclass,mondrian,0.9,1.0,2.0,0.0,1.0,0.0
ACSPublicCoverage-CA,lightgbm,2,0.1,aps,sex,mondrian,0.9,1.0,2.0,0.0,1.0,0.0
ACSPublicCoverage-CA,lightgbm,2,0.1,aps,age,mondrian,0.9,1.0,2.0,0.0,1.0,0.0
ACSPublicCoverage-CA,lightgbm,2,0.1,aps,race,mondrian,0.9,1.0,2.0,0.0,1.0,0.0
ACSPublicCoverage-CA,lightgbm,2,0.2,lac,predclass,marginal,0.8,0.7825,1.1845833333333333,0.0033389819870708326,0.7801418439716312,0.17848490554195684
ACSPublicCoverage-CA,lightgbm,2,0.2,lac,sex,marginal,0.8,0.7825,1.1845833333333333,0.006902356902356965,0.7787037037037037,0.016245791245791175
ACSPublicCoverage-CA,lightgbm,2,0.2,lac,age,marginal,0.8,0.7825,1.1845833333333333,0.04673460829905629,0.7707558859975217,0.0842888807441926
ACSPublicCoverage-CA,lightgbm,2,0.2,lac,race,marginal,0.8,0.7825,1.1845833333333333,0.052392960726913795,0.744954128440367,0.05075085849008265
ACSPublicCoverage-CA,lightgbm,2,0.2,lac,predclass,mondrian,0.8,0.7858333333333334,1.1920833333333334,0.020058997050147576,0.7799410029498525,0.23012615326680486
ACSPublicCoverage-CA,lightgbm,2,0.2,lac,sex,mondrian,0.8,0.7841666666666667,1.1904166666666667,0.028451178451178505,0.7685185185185185,0.021296296296296147
ACSPublicCoverage-CA,lightgbm,2,0.2,lac,age,mondrian,0.8,0.7916666666666666,1.2083333333333333,0.08114155552137581,0.744131455399061,0.2610980495557851
ACSPublicCoverage-CA,lightgbm,2,0.2,lac,race,mondrian,0.8,0.7904166666666667,1.2104166666666667,0.06487549148099603,0.7779816513761468,0.19031476997578678
ACSPublicCoverage-CA,lightgbm,2,0.2,aps,predclass,marginal,0.8,1.0,2.0,0.0,1.0,0.0
ACSPublicCoverage-CA,lightgbm,2,0.2,aps,sex,marginal,0.8,1.0,2.0,0.0,1.0,0.0
ACSPublicCoverage-CA,lightgbm,2,0.2,aps,age,marginal,0.8,1.0,2.0,0.0,1.0,0.0
ACSPublicCoverage-CA,lightgbm,2,0.2,aps,race,marginal,0.8,1.0,2.0,0.0,1.0,0.0
ACSPublicCoverage-CA,lightgbm,2,0.2,aps,predclass,mondrian,0.8,1.0,2.0,0.0,1.0,0.0
ACSPublicCoverage-CA,lightgbm,2,0.2,aps,sex,mondrian,0.8,1.0,2.0,0.0,1.0,0.0
ACSPublicCoverage-CA,lightgbm,2,0.2,aps,age,mondrian,0.8,1.0,2.0,0.0,1.0,0.0
ACSPublicCoverage-CA,lightgbm,2,0.2,aps,race,mondrian,0.8,1.0,2.0,0.0,1.0,0.0
ACSPublicCoverage-CA,lightgbm,3,0.05,lac,predclass,marginal,0.95,0.9675,1.72375,0.02806827743719198,0.9592198581560284,0.10535120407100207
ACSPublicCoverage-CA,lightgbm,3,0.05,lac,sex,marginal,0.95,0.9675,1.72375,0.007251713384661462,0.9643122676579926,0.07178773410384243
ACSPublicCoverage-CA,lightgbm,3,0.05,lac,age,marginal,0.95,0.9675,1.72375,0.03170123073941278,0.9485294117647058,0.17057349665924293
ACSPublicCoverage-CA,lightgbm,3,0.05,lac,race,marginal,0.95,0.9675,1.72375,0.020372182027327712,0.9580838323353293,0.13004869972801258
ACSPublicCoverage-CA,lightgbm,3,0.05,lac,predclass,mondrian,0.95,0.9666666666666667,1.7245833333333334,0.0008013783707977451,0.9661016949152542,0.02002444204030951
ACSPublicCoverage-CA,lightgbm,3,0.05,lac,sex,mondrian,0.95,0.9658333333333333,1.7233333333333334,0.01529977624693879,0.9591078066914498,0.09790165436318454
ACSPublicCoverage-CA,lightgbm,3,0.05,lac,age,mondrian,0.95,0.96625,1.72625,0.023128088962108717,0.95875,0.1403484954667702
ACSPublicCoverage-CA,lightgbm,3,0.05,lac,race,mondrian,0.95,0.9683333333333334,1.725,0.02531911963771183,0.9515260323159784,0.0909048045641001
ACSPublicCoverage-CA,lightgbm,3,0.05,aps,predclass,marginal,0.95,1.0,2.0,0.0,1.0,0.0
ACSPublicCoverage-CA,lightgbm,3,0.05,aps,sex,marginal,0.95,1.0,2.0,0.0,1.0,0.0
ACSPublicCoverage-CA,lightgbm,3,0.05,aps,age,marginal,0.95,1.0,2.0,0.0,1.0,0.0
ACSPublicCoverage-CA,lightgbm,3,0.05,aps,race,marginal,0.95,1.0,2.0,0.0,1.0,0.0
ACSPublicCoverage-CA,lightgbm,3,0.05,aps,predclass,mondrian,0.95,1.0,2.0,0.0,1.0,0.0
ACSPublicCoverage-CA,lightgbm,3,0.05,aps,sex,mondrian,0.95,1.0,2.0,0.0,1.0,0.0
ACSPublicCoverage-CA,lightgbm,3,0.05,aps,age,mondrian,0.95,1.0,2.0,0.0,1.0,0.0
ACSPublicCoverage-CA,lightgbm,3,0.05,aps,race,mondrian,0.95,1.0,2.0,0.0,1.0,0.0
ACSPublicCoverage-CA,lightgbm,3,0.1,lac,predclass,marginal,0.9,0.9133333333333333,1.5183333333333333,0.04279360500060103,0.900709219858156,0.19637776976399413
ACSPublicCoverage-CA,lightgbm,3,0.1,lac,sex,marginal,0.9,0.9133333333333333,1.5183333333333333,0.017646540636727215,0.9055762081784386,0.06623090611180604
ACSPublicCoverage-CA,lightgbm,3,0.1,lac,age,marginal,0.9,0.9133333333333333,1.5183333333333333,0.05815229156500079,0.8841870824053452,0.18648433458206592
ACSPublicCoverage-CA,lightgbm,3,0.1,lac,race,marginal,0.9,0.9133333333333333,1.5183333333333333,0.04270628648977226,0.8818897637795275,0.1094230254594204
ACSPublicCoverage-CA,lightgbm,3,0.1,lac,predclass,mondrian,0.9,0.9170833333333334,1.5454166666666667,0.015436550867492072,0.9125295508274232,0.08984453259606529
ACSPublicCoverage-CA,lightgbm,3,0.1,lac,sex,mondrian,0.9,0.91375,1.5166666666666666,0.02028576965767548,0.9048327137546468,0.07935305414119354
ACSPublicCoverage-CA,lightgbm,3,0.1,lac,age,mondrian,0.9,0.9220833333333334,1.5395833333333333,0.03035851223476671,0.9086859688195991,0.088763974859013
ACSPublicCoverage-CA,lightgbm,3,0.1,lac,race,mondrian,0.9,0.9125,1.53875,0.1201499595473865,0.8031496062992126,0.15830543637135186
ACSPublicCoverage-CA,lightgbm,3,0.1,aps,predclass,marginal,0.9,1.0,2.0,0.0,1.0,0.0
ACSPublicCoverage-CA,lightgbm,3,0.1,aps,sex,marginal,0.9,1.0,2.0,0.0,1.0,0.0
ACSPublicCoverage-CA,lightgbm,3,0.1,aps,age,marginal,0.9,1.0,2.0,0.0,1.0,0.0
ACSPublicCoverage-CA,lightgbm,3,0.1,aps,race,marginal,0.9,1.0,2.0,0.0,1.0,0.0
ACSPublicCoverage-CA,lightgbm,3,0.1,aps,predclass,mondrian,0.9,1.0,2.0,0.0,1.0,0.0
ACSPublicCoverage-CA,lightgbm,3,0.1,aps,sex,mondrian,0.9,1.0,2.0,0.0,1.0,0.0
ACSPublicCoverage-CA,lightgbm,3,0.1,aps,age,mondrian,0.9,1.0,2.0,0.0,1.0,0.0
ACSPublicCoverage-CA,lightgbm,3,0.1,aps,race,mondrian,0.9,1.0,2.0,0.0,1.0,0.0
ACSPublicCoverage-CA,lightgbm,3,0.2,lac,predclass,marginal,0.8,0.8241666666666667,1.24375,0.0009816885042271961,0.8238770685579196,0.2112132868533878
ACSPublicCoverage-CA,lightgbm,3,0.2,lac,sex,marginal,0.8,0.8241666666666667,1.24375,0.002529995243045202,0.8227488151658767,0.02341478884406012
ACSPublicCoverage-CA,lightgbm,3,0.2,lac,age,marginal,0.8,0.8241666666666667,1.24375,0.0392298187808896,0.8125,0.13291847524977696
ACSPublicCoverage-CA,lightgbm,3,0.2,lac,race,marginal,0.8,0.8241666666666667,1.24375,0.09205533461718152,0.7480314960629921,0.08305292467130387
ACSPublicCoverage-CA,lightgbm,3,0.2,lac,predclass,mondrian,0.8,0.825,1.2508333333333332,0.026245141643627012,0.806497175141243,0.16710742477060525
ACSPublicCoverage-CA,lightgbm,3,0.2,lac,sex,mondrian,0.8,0.82125,1.2420833333333334,0.03791821561338282,0.8,0.03280889374372342
ACSPublicCoverage-CA,lightgbm,3,0.2,lac,age,mondrian,0.8,0.83125,1.2579166666666666,0.057025863808646715,0.8062360801781737,0.16605086169888783
ACSPublicCoverage-CA,lightgbm,3,0.2,lac,race,mondrian,0.8,0.825,1.2520833333333334,0.10282370637100169,0.7401574803149606,0.04166287767578547
ACSPublicCoverage-CA,lightgbm,3,0.2,aps,predclass,marginal,0.8,1.0,2.0,0.0,1.0,0.0
ACSPublicCoverage-CA,lightgbm,3,0.2,aps,sex,marginal,0.8,1.0,2.0,0.0,1.0,0.0
ACSPublicCoverage-CA,lightgbm,3,0.2,aps,age,marginal,0.8,1.0,2.0,0.0,1.0,0.0
ACSPublicCoverage-CA,lightgbm,3,0.2,aps,race,marginal,0.8,1.0,2.0,0.0,1.0,0.0
ACSPublicCoverage-CA,lightgbm,3,0.2,aps,predclass,mondrian,0.8,1.0,2.0,0.0,1.0,0.0
ACSPublicCoverage-CA,lightgbm,3,0.2,aps,sex,mondrian,0.8,1.0,2.0,0.0,1.0,0.0
ACSPublicCoverage-CA,lightgbm,3,0.2,aps,age,mondrian,0.8,1.0,2.0,0.0,1.0,0.0
ACSPublicCoverage-CA,lightgbm,3,0.2,aps,race,mondrian,0.8,1.0,2.0,0.0,1.0,0.0
ACSPublicCoverage-CA,lightgbm,4,0.05,lac,predclass,marginal,0.95,0.9491666666666667,1.65875,0.0068566541616013055,0.9471182412358883,0.08487782078724737
ACSPublicCoverage-CA,lightgbm,4,0.05,lac,sex,marginal,0.95,0.9491666666666667,1.65875,0.01584946880670901,0.9402843601895735,0.022019415423104816
ACSPublicCoverage-CA,lightgbm,4,0.05,lac,age,marginal,0.95,0.9491666666666667,1.65875,0.03726550079491264,0.9341176470588235,0.15289963652548022
ACSPublicCoverage-CA,lightgbm,4,0.05,lac,race,marginal,0.95,0.9491666666666667,1.65875,0.03048887974850889,0.9257425742574258,0.26732673267326734
ACSPublicCoverage-CA,lightgbm,4,0.05,lac,predclass,mondrian,0.95,0.9458333333333333,1.6504166666666666,0.006289824158394186,0.9414225941422594,0.047039431976670265
ACSPublicCoverage-CA,lightgbm,4,0.05,lac,sex,mondrian,0.95,0.9491666666666667,1.65875,0.01584946880670901,0.9402843601895735,0.02032805370073465
ACSPublicCoverage-CA,lightgbm,4,0.05,lac,age,mondrian,0.95,0.9508333333333333,1.6654166666666668,0.0244798569444884,0.9421338155515371,0.0892010978414064
ACSPublicCoverage-CA,lightgbm,4,0.05,lac,race,mondrian,0.95,0.9520833333333333,1.67125,0.01761759261979612,0.9386138613861386,0.12916984006092913
ACSPublicCoverage-CA,lightgbm,4,0.05,aps,predclass,marginal,0.95,1.0,2.0,0.0,1.0,0.0
ACSPublicCoverage-CA,lightgbm,4,0.05,aps,sex,marginal,0.95,1.0,2.0,0.0,1.0,0.0
ACSPublicCoverage-CA,lightgbm,4,0.05,aps,age,marginal,0.95,1.0,2.0,0.0,1.0,0.0
ACSPublicCoverage-CA,lightgbm,4,0.05,aps,race,marginal,0.95,1.0,2.0,0.0,1.0,0.0
ACSPublicCoverage-CA,lightgbm,4,0.05,aps,predclass,mondrian,0.95,1.0,2.0,0.0,1.0,0.0
ACSPublicCoverage-CA,lightgbm,4,0.05,aps,sex,mondrian,0.95,1.0,2.0,0.0,1.0,0.0
ACSPublicCoverage-CA,lightgbm,4,0.05,aps,age,mondrian,0.95,1.0,2.0,0.0,1.0,0.0
ACSPublicCoverage-CA,lightgbm,4,0.05,aps,race,mondrian,0.95,1.0,2.0,0.0,1.0,0.0
ACSPublicCoverage-CA,lightgbm,4,0.1,lac,predclass,marginal,0.9,0.8883333333333333,1.46125,0.006095908630981195,0.8865121806298277,0.14973013422435044
ACSPublicCoverage-CA,lightgbm,4,0.1,lac,sex,marginal,0.9,0.8883333333333333,1.46125,0.0206205183318946,0.8767772511848341,0.01079300199087374
ACSPublicCoverage-CA,lightgbm,4,0.1,lac,age,marginal,0.9,0.8883333333333333,1.46125,0.0450874403815581,0.8658823529411764,0.17240063593004762
ACSPublicCoverage-CA,lightgbm,4,0.1,lac,race,marginal,0.9,0.8883333333333333,1.46125,0.018670858183741257,0.8737623762376238,0.2599009900990099
ACSPublicCoverage-CA,lightgbm,4,0.1,lac,predclass,mondrian,0.9,0.89375,1.4845833333333334,0.031461551274497346,0.8716875871687587,0.04883439365349296
ACSPublicCoverage-CA,lightgbm,4,0.1,lac,sex,mondrian,0.9,0.8916666666666667,1.465,0.004580771331418876,0.8890995260663507,0.04976831868073783
ACSPublicCoverage-CA,lightgbm,4,0.1,lac,age,mondrian,0.9,0.89625,1.4770833333333333,0.039798234552333,0.880201765447667,0.09223573110393679
ACSPublicCoverage-CA,lightgbm,4,0.1,lac,race,mondrian,0.9,0.8925,1.4729166666666667,0.04690161323824693,0.8831683168316832,0.14349384493345485
ACSPublicCoverage-CA,lightgbm,4,0.1,aps,predclass,marginal,0.9,1.0,2.0,0.0,1.0,0.0
ACSPublicCoverage-CA,lightgbm,4,0.1,aps,sex,marginal,0.9,1.0,2.0,0.0,1.0,0.0
ACSPublicCoverage-CA,lightgbm,4,0.1,aps,age,marginal,0.9,1.0,2.0,0.0,1.0,0.0
ACSPublicCoverage-CA,lightgbm,4,0.1,aps,race,marginal,0.9,1.0,2.0,0.0,1.0,0.0
ACSPublicCoverage-CA,lightgbm,4,0.1,aps,predclass,mondrian,0.9,1.0,2.0,0.0,1.0,0.0
ACSPublicCoverage-CA,lightgbm,4,0.1,aps,sex,mondrian,0.9,1.0,2.0,0.0,1.0,0.0
ACSPublicCoverage-CA,lightgbm,4,0.1,aps,age,mondrian,0.9,1.0,2.0,0.0,1.0,0.0
ACSPublicCoverage-CA,lightgbm,4,0.1,aps,race,mondrian,0.9,1.0,2.0,0.0,1.0,0.0
ACSPublicCoverage-CA,lightgbm,4,0.2,lac,predclass,marginal,0.8,0.7804166666666666,1.1929166666666666,0.02298893438445493,0.7642956764295676,0.14454910910731744
ACSPublicCoverage-CA,lightgbm,4,0.2,lac,sex,marginal,0.8,0.7804166666666666,1.1929166666666666,0.014105252030515048,0.7725118483412322,0.0008914885744990553
ACSPublicCoverage-CA,lightgbm,4,0.2,lac,age,marginal,0.8,0.7804166666666666,1.1929166666666666,0.02621423252845445,0.7667269439421338,0.09577106518282985
ACSPublicCoverage-CA,lightgbm,4,0.2,lac,race,marginal,0.8,0.7804166666666666,1.1929166666666666,0.04207920792079212,0.7623762376237624,0.18712871287128707
ACSPublicCoverage-CA,lightgbm,4,0.2,lac,predclass,mondrian,0.8,0.7829166666666667,1.1954166666666666,0.010642979139164233,0.7754532775453278,0.16485057316954932
ACSPublicCoverage-CA,lightgbm,4,0.2,lac,sex,mondrian,0.8,0.7816666666666666,1.18875,0.025948307757360123,0.7702602230483271,0.08942018005954999
ACSPublicCoverage-CA,lightgbm,4,0.2,lac,age,mondrian,0.8,0.7895833333333333,1.2075,0.04813748968626108,0.759493670886076,0.14950715421303662
ACSPublicCoverage-CA,lightgbm,4,0.2,lac,race,mondrian,0.8,0.7825,1.19625,0.06733103691560671,0.7648367952522255,0.19543878720216235
ACSPublicCoverage-CA,lightgbm,4,0.2,aps,predclass,marginal,0.8,1.0,2.0,0.0,1.0,0.0
ACSPublicCoverage-CA,lightgbm,4,0.2,aps,sex,marginal,0.8,1.0,2.0,0.0,1.0,0.0
ACSPublicCoverage-CA,lightgbm,4,0.2,aps,age,marginal,0.8,1.0,2.0,0.0,1.0,0.0
ACSPublicCoverage-CA,lightgbm,4,0.2,aps,race,marginal,0.8,1.0,2.0,0.0,1.0,0.0
ACSPublicCoverage-CA,lightgbm,4,0.2,aps,predclass,mondrian,0.8,1.0,2.0,0.0,1.0,0.0
ACSPublicCoverage-CA,lightgbm,4,0.2,aps,sex,mondrian,0.8,1.0,2.0,0.0,1.0,0.0
ACSPublicCoverage-CA,lightgbm,4,0.2,aps,age,mondrian,0.8,1.0,2.0,0.0,1.0,0.0
ACSPublicCoverage-CA,lightgbm,4,0.2,aps,race,mondrian,0.8,1.0,2.0,0.0,1.0,0.0
ACSPublicCoverage-CA,mlp,0,0.05,lac,predclass,marginal,0.95,0.9495833333333333,1.7166666666666666,0.007514704758994739,0.9433962264150944,0.0339928194943091
ACSPublicCoverage-CA,mlp,0,0.05,lac,sex,marginal,0.95,0.9495833333333333,1.7166666666666666,0.0005332015042638361,0.9492822966507177,0.09166828510390368
ACSPublicCoverage-CA,mlp,0,0.05,lac,age,marginal,0.95,0.9495833333333333,1.7166666666666666,0.024617700613782212,0.9362363919129082,0.18334128236171754
ACSPublicCoverage-CA,mlp,0,0.05,lac,race,marginal,0.95,0.9495833333333333,1.7166666666666666,0.03217251423851131,0.926829268292683,0.14338507021433844
ACSPublicCoverage-CA,mlp,0,0.05,lac,predclass,mondrian,0.95,0.9525,1.7320833333333334,0.028244595523642224,0.9292452830188679,0.08422771369643267
ACSPublicCoverage-CA,mlp,0,0.05,lac,sex,mondrian,0.95,0.9504166666666667,1.7225,0.008788996980878871,0.9454545454545454,0.06438672999170181
ACSPublicCoverage-CA,mlp,0,0.05,lac,age,mondrian,0.95,0.9479166666666666,1.7145833333333333,0.023832856414879866,0.9381443298969072,0.15610057355297102
ACSPublicCoverage-CA,mlp,0,0.05,lac,race,mondrian,0.95,0.9504166666666667,1.7191666666666667,0.017190100550516507,0.93646408839779,0.15947252833830672
ACSPublicCoverage-CA,mlp,0,0.05,aps,predclass,marginal,0.95,1.0,2.0,0.0,1.0,0.0
ACSPublicCoverage-CA,mlp,0,0.05,aps,sex,marginal,0.95,1.0,2.0,0.0,1.0,0.0
ACSPublicCoverage-CA,mlp,0,0.05,aps,age,marginal,0.95,1.0,2.0,0.0,1.0,0.0
ACSPublicCoverage-CA,mlp,0,0.05,aps,race,marginal,0.95,1.0,2.0,0.0,1.0,0.0
ACSPublicCoverage-CA,mlp,0,0.05,aps,predclass,mondrian,0.95,1.0,2.0,0.0,1.0,0.0
ACSPublicCoverage-CA,mlp,0,0.05,aps,sex,mondrian,0.95,1.0,2.0,0.0,1.0,0.0
ACSPublicCoverage-CA,mlp,0,0.05,aps,age,mondrian,0.95,1.0,2.0,0.0,1.0,0.0
ACSPublicCoverage-CA,mlp,0,0.05,aps,race,mondrian,0.95,1.0,2.0,0.0,1.0,0.0
ACSPublicCoverage-CA,mlp,0,0.1,lac,predclass,marginal,0.9,0.9070833333333334,1.535,0.026917347796195812,0.9023279352226721,0.12076999465281513
ACSPublicCoverage-CA,mlp,0,0.1,lac,sex,marginal,0.9,0.9070833333333334,1.535,0.0015289817969950104,0.9062200956937799,0.050721234485072264
ACSPublicCoverage-CA,mlp,0,0.1,lac,age,marginal,0.9,0.9070833333333334,1.535,0.04554199868528652,0.8771384136858476,0.12306624597962612
ACSPublicCoverage-CA,mlp,0,0.1,lac,race,marginal,0.9,0.9070833333333334,1.535,0.052576022997799066,0.8617886178861789,0.13252774741237539
ACSPublicCoverage-CA,mlp,0,0.1,lac,predclass,mondrian,0.9,0.9083333333333333,1.5558333333333334,0.011840195554197464,0.8985849056603774,0.03916813077686965
ACSPublicCoverage-CA,mlp,0,0.1,lac,sex,mondrian,0.9,0.90875,1.5475,0.011260792033757627,0.9023923444976076,0.013326506470806354
ACSPublicCoverage-CA,mlp,0,0.1,lac,age,mondrian,0.9,0.8991666666666667,1.5183333333333333,0.04269545437869171,0.8825622775800712,0.08421173700661688
ACSPublicCoverage-CA,mlp,0,0.1,lac,race,mondrian,0.9,0.905,1.5345833333333334,0.044409218095135206,0.8699186991869918,0.257107966240238
ACSPublicCoverage-CA,mlp,0,0.1,aps,predclass,marginal,0.9,1.0,2.0,0.0,1.0,0.0
ACSPublicCoverage-CA,mlp,0,0.1,aps,sex,marginal,0.9,1.0,2.0,0.0,1.0,0.0
ACSPublicCoverage-CA,mlp,0,0.1,aps,age,marginal,0.9,1.0,2.0,0.0,1.0,0.0
ACSPublicCoverage-CA,mlp,0,0.1,aps,race,marginal,0.9,1.0,2.0,0.0,1.0,0.0
ACSPublicCoverage-CA,mlp,0,0.1,aps,predclass,mondrian,0.9,1.0,2.0,0.0,1.0,0.0
ACSPublicCoverage-CA,mlp,0,0.1,aps,sex,mondrian,0.9,1.0,2.0,0.0,1.0,0.0
ACSPublicCoverage-CA,mlp,0,0.1,aps,age,mondrian,0.9,1.0,2.0,0.0,1.0,0.0
ACSPublicCoverage-CA,mlp,0,0.1,aps,race,mondrian,0.9,1.0,2.0,0.0,1.0,0.0
ACSPublicCoverage-CA,mlp,0,0.2,lac,predclass,marginal,0.8,0.79,1.2083333333333333,0.08032235887250783,0.7758097165991903,0.22248109388129267
ACSPublicCoverage-CA,mlp,0,0.2,lac,sex,marginal,0.8,0.79,1.2083333333333333,0.022966507177033524,0.7770334928229665,0.014760147601476037
ACSPublicCoverage-CA,mlp,0,0.2,lac,age,marginal,0.8,0.79,1.2083333333333333,0.0854844398839204,0.7418351477449455,0.03580826567480133
ACSPublicCoverage-CA,mlp,0,0.2,lac,race,marginal,0.8,0.79,1.2083333333333333,0.06971207833625304,0.7479674796747967,0.09806876040220214
ACSPublicCoverage-CA,mlp,0,0.2,lac,predclass,mondrian,0.8,0.79375,1.2158333333333333,0.015611870750897539,0.7909919028340081,0.05009166603009696
ACSPublicCoverage-CA,mlp,0,0.2,lac,sex,mondrian,0.8,0.7904166666666667,1.2095833333333332,0.0017196631296456655,0.7896678966789668,0.0542135277812108
ACSPublicCoverage-CA,mlp,0,0.2,lac,age,mondrian,0.8,0.7945833333333333,1.21875,0.04824758301133536,0.7636080870917574,0.11084434165654011
ACSPublicCoverage-CA,mlp,0,0.2,lac,race,mondrian,0.8,0.7933333333333333,1.2129166666666666,0.044493280974168714,0.7560975609756098,0.2162377758737848
ACSPublicCoverage-CA,mlp,0,0.2,aps,predclass,marginal,0.8,1.0,2.0,0.0,1.0,0.0
ACSPublicCoverage-CA,mlp,0,0.2,aps,sex,marginal,0.8,1.0,2.0,0.0,1.0,0.0
ACSPublicCoverage-CA,mlp,0,0.2,aps,age,marginal,0.8,1.0,2.0,0.0,1.0,0.0
ACSPublicCoverage-CA,mlp,0,0.2,aps,race,marginal,0.8,1.0,2.0,0.0,1.0,0.0
ACSPublicCoverage-CA,mlp,0,0.2,aps,predclass,mondrian,0.8,1.0,2.0,0.0,1.0,0.0
ACSPublicCoverage-CA,mlp,0,0.2,aps,sex,mondrian,0.8,1.0,2.0,0.0,1.0,0.0
ACSPublicCoverage-CA,mlp,0,0.2,aps,age,mondrian,0.8,1.0,2.0,0.0,1.0,0.0
ACSPublicCoverage-CA,mlp,0,0.2,aps,race,mondrian,0.8,1.0,2.0,0.0,1.0,0.0
ACSPublicCoverage-CA,mlp,1,0.05,lac,predclass,marginal,0.95,0.9533333333333334,1.76,0.0037604659282495234,0.9501385041551247,0.027257943780490956
ACSPublicCoverage-CA,mlp,1,0.05,lac,sex,marginal,0.95,0.9533333333333334,1.76,0.04481577098563705,0.933969185619956,0.252797625069777
ACSPublicCoverage-CA,mlp,1,0.05,lac,age,marginal,0.95,0.9533333333333334,1.76,0.045660278770247475,0.9304733727810651,0.19517381656804744
ACSPublicCoverage-CA,mlp,1,0.05,lac,race,marginal,0.95,0.9533333333333334,1.76,0.02908757211658719,0.9438366156090445,0.17404619148056555
ACSPublicCoverage-CA,mlp,1,0.05,lac,predclass,mondrian,0.95,0.9558333333333333,1.7683333333333333,0.012860032686708878,0.9538989700833742,0.028143718269370455
ACSPublicCoverage-CA,mlp,1,0.05,lac,sex,mondrian,0.95,0.9533333333333334,1.7675,0.01594984120201126,0.946441672780631,0.12242974718964006
ACSPublicCoverage-CA,mlp,1,0.05,lac,age,mondrian,0.95,0.9591666666666666,1.7670833333333333,0.015278291420118384,0.94921875,0.06960086018297518
ACSPublicCoverage-CA,mlp,1,0.05,lac,race,mondrian,0.95,0.9545833333333333,1.7670833333333333,0.028531202822587476,0.9482129832239241,0.10709590690889348
ACSPublicCoverage-CA,mlp,1,0.05,aps,predclass,marginal,0.95,1.0,2.0,0.0,1.0,0.0
ACSPublicCoverage-CA,mlp,1,0.05,aps,sex,marginal,0.95,1.0,2.0,0.0,1.0,0.0
ACSPublicCoverage-CA,mlp,1,0.05,aps,age,marginal,0.95,1.0,2.0,0.0,1.0,0.0
ACSPublicCoverage-CA,mlp,1,0.05,aps,race,marginal,0.95,1.0,2.0,0.0,1.0,0.0
ACSPublicCoverage-CA,mlp,1,0.05,aps,predclass,mondrian,0.95,1.0,2.0,0.0,1.0,0.0
ACSPublicCoverage-CA,mlp,1,0.05,aps,sex,mondrian,0.95,1.0,2.0,0.0,1.0,0.0
ACSPublicCoverage-CA,mlp,1,0.05,aps,age,mondrian,0.95,1.0,2.0,0.0,1.0,0.0
ACSPublicCoverage-CA,mlp,1,0.05,aps,race,mondrian,0.95,1.0,2.0,0.0,1.0,0.0
ACSPublicCoverage-CA,mlp,1,0.1,lac,predclass,marginal,0.9,0.91,1.5925,0.011379213372477714,0.9082883766552231,0.04273726053861071
ACSPublicCoverage-CA,mlp,1,0.1,lac,sex,marginal,0.9,0.91,1.5925,0.04980221885610259,0.888481291269259,0.24549199784071507
ACSPublicCoverage-CA,mlp,1,0.1,lac,age,marginal,0.9,0.91,1.5925,0.09041321263645474,0.8594674556213018,0.20134522928994092
ACSPublicCoverage-CA,mlp,1,0.1,lac,race,marginal,0.9,0.91,1.5925,0.027341764818954784,0.9022611232676878,0.174283178896534
ACSPublicCoverage-CA,mlp,1,0.1,lac,predclass,mondrian,0.9,0.9104166666666667,1.5920833333333333,0.0054138210708361,0.9058171745152355,0.01872217520130315
ACSPublicCoverage-CA,mlp,1,0.1,lac,sex,mondrian,0.9,0.9091666666666667,1.58375,0.012215665285394195,0.9038884812912693,0.10638156372684615
ACSPublicCoverage-CA,mlp,1,0.1,lac,age,mondrian,0.9,0.91875,1.5879166666666666,0.008285323556797008,0.9153645833333334,0.1492211662029912
ACSPublicCoverage-CA,mlp,1,0.1,lac,race,mondrian,0.9,0.9129166666666667,1.6066666666666667,0.017781113768595258,0.9066374908825675,0.13508019390837012
ACSPublicCoverage-CA,mlp,1,0.1,aps,predclass,marginal,0.9,1.0,2.0,0.0,1.0,0.0
ACSPublicCoverage-CA,mlp,1,0.1,aps,sex,marginal,0.9,1.0,2.0,0.0,1.0,0.0
ACSPublicCoverage-CA,mlp,1,0.1,aps,age,marginal,0.9,1.0,2.0,0.0,1.0,0.0
ACSPublicCoverage-CA,mlp,1,0.1,aps,race,marginal,0.9,1.0,2.0,0.0,1.0,0.0
ACSPublicCoverage-CA,mlp,1,0.1,aps,predclass,mondrian,0.9,1.0,2.0,0.0,1.0,0.0
ACSPublicCoverage-CA,mlp,1,0.1,aps,sex,mondrian,0.9,1.0,2.0,0.0,1.0,0.0
ACSPublicCoverage-CA,mlp,1,0.1,aps,age,mondrian,0.9,1.0,2.0,0.0,1.0,0.0
ACSPublicCoverage-CA,mlp,1,0.1,aps,race,mondrian,0.9,1.0,2.0,0.0,1.0,0.0
ACSPublicCoverage-CA,mlp,1,0.2,lac,predclass,marginal,0.8,0.8129166666666666,1.2629166666666667,0.05065896459483299,0.8052967140755272,0.1013600442343825
ACSPublicCoverage-CA,mlp,1,0.2,lac,sex,marginal,0.8,0.8129166666666666,1.2629166666666667,0.023781139652377714,0.8026412325752018,0.12625519038424926
ACSPublicCoverage-CA,mlp,1,0.2,lac,age,marginal,0.8,0.8129166666666666,1.2629166666666667,0.10666421883605648,0.7692307692307693,0.10998644278431313
ACSPublicCoverage-CA,mlp,1,0.2,lac,race,marginal,0.8,0.8129166666666666,1.2629166666666667,0.02395552389191391,0.8074398249452954,0.12153372989227607
ACSPublicCoverage-CA,mlp,1,0.2,lac,predclass,mondrian,0.8,0.8091666666666667,1.2683333333333333,0.023179577192122047,0.7894736842105263,0.05499953130030866
ACSPublicCoverage-CA,mlp,1,0.2,lac,sex,mondrian,0.8,0.8116666666666666,1.2645833333333334,0.01986372168149697,0.8003857280617165,0.009554764258035808
ACSPublicCoverage-CA,mlp,1,0.2,lac,age,mondrian,0.8,0.8095833333333333,1.26375,0.02886628178290951,0.7923627684964201,0.20987911482679245
ACSPublicCoverage-CA,mlp,1,0.2,lac,race,mondrian,0.8,0.8120833333333334,1.2620833333333332,0.04061781393199371,0.8067104303428154,0.19563287768506998
ACSPublicCoverage-CA,mlp,1,0.2,aps,predclass,marginal,0.8,1.0,2.0,0.0,1.0,0.0
ACSPublicCoverage-CA,mlp,1,0.2,aps,sex,marginal,0.8,1.0,2.0,0.0,1.0,0.0
ACSPublicCoverage-CA,mlp,1,0.2,aps,age,marginal,0.8,1.0,2.0,0.0,1.0,0.0
ACSPublicCoverage-CA,mlp,1,0.2,aps,race,marginal,0.8,1.0,2.0,0.0,1.0,0.0
ACSPublicCoverage-CA,mlp,1,0.2,aps,predclass,mondrian,0.8,1.0,2.0,0.0,1.0,0.0
ACSPublicCoverage-CA,mlp,1,0.2,aps,sex,mondrian,0.8,1.0,2.0,0.0,1.0,0.0
ACSPublicCoverage-CA,mlp,1,0.2,aps,age,mondrian,0.8,1.0,2.0,0.0,1.0,0.0
ACSPublicCoverage-CA,mlp,1,0.2,aps,race,mondrian,0.8,1.0,2.0,0.0,1.0,0.0
ACSPublicCoverage-CA,mlp,2,0.05,lac,predclass,marginal,0.95,0.95125,1.6891666666666667,0.02124975956459907,0.94681411269089,0.04219680701787576
ACSPublicCoverage-CA,mlp,2,0.05,lac,sex,marginal,0.95,0.95125,1.6891666666666667,0.002777777777777768,0.95,0.051683501683501554
ACSPublicCoverage-CA,mlp,2,0.05,lac,age,marginal,0.95,0.95125,1.6891666666666667,0.013996073150910893,0.9422776911076443,0.1900361275459448
ACSPublicCoverage-CA,mlp,2,0.05,lac,race,marginal,0.95,0.95125,1.6891666666666667,0.046847565841979244,0.9245810055865922,0.14877761262877365
ACSPublicCoverage-CA,mlp,2,0.05,lac,predclass,mondrian,0.95,0.95125,1.6895833333333334,0.02124975956459907,0.94681411269089,0.04167021407422111
ACSPublicCoverage-CA,mlp,2,0.05,lac,sex,mondrian,0.95,0.95125,1.6895833333333334,0.002777777777777768,0.95,0.05260942760942755
ACSPublicCoverage-CA,mlp,2,0.05,lac,age,mondrian,0.95,0.9525,1.7025,0.013325835877113112,0.9467680608365019,0.18858279031855285
ACSPublicCoverage-CA,mlp,2,0.05,lac,race,mondrian,0.95,0.95875,1.7225,0.03928308242972944,0.9535740604274134,0.20746394357300768
ACSPublicCoverage-CA,mlp,2,0.05,aps,predclass,marginal,0.95,1.0,2.0,0.0,1.0,0.0
ACSPublicCoverage-CA,mlp,2,0.05,aps,sex,marginal,0.95,1.0,2.0,0.0,1.0,0.0
ACSPublicCoverage-CA,mlp,2,0.05,aps,age,marginal,0.95,1.0,2.0,0.0,1.0,0.0
ACSPublicCoverage-CA,mlp,2,0.05,aps,race,marginal,0.95,1.0,2.0,0.0,1.0,0.0
ACSPublicCoverage-CA,mlp,2,0.05,aps,predclass,mondrian,0.95,1.0,2.0,0.0,1.0,0.0
ACSPublicCoverage-CA,mlp,2,0.05,aps,sex,mondrian,0.95,1.0,2.0,0.0,1.0,0.0
ACSPublicCoverage-CA,mlp,2,0.05,aps,age,mondrian,0.95,1.0,2.0,0.0,1.0,0.0
ACSPublicCoverage-CA,mlp,2,0.05,aps,race,mondrian,0.95,1.0,2.0,0.0,1.0,0.0
ACSPublicCoverage-CA,mlp,2,0.1,lac,predclass,marginal,0.9,0.90875,1.52875,0.032078024046693354,0.9020537124802528,0.09357903466369
ACSPublicCoverage-CA,mlp,2,0.1,lac,sex,marginal,0.9,0.90875,1.52875,0.011026936026936052,0.9037878787878788,0.06725589225589212
ACSPublicCoverage-CA,mlp,2,0.1,lac,age,marginal,0.9,0.90875,1.52875,0.014292662961271296,0.9001560062402496,0.20043806831073185
ACSPublicCoverage-CA,mlp,2,0.1,lac,race,marginal,0.9,0.90875,1.52875,0.04744612928970471,0.888268156424581,0.1353544154579469
ACSPublicCoverage-CA,mlp,2,0.1,lac,predclass,mondrian,0.9,0.91,1.5341666666666667,0.005272235938864722,0.908899420747762,0.01610050042095912
ACSPublicCoverage-CA,mlp,2,0.1,lac,sex,mondrian,0.9,0.90875,1.5279166666666666,0.005808080808080818,0.9055555555555556,0.0014309764309763384
ACSPublicCoverage-CA,mlp,2,0.1,lac,age,mondrian,0.9,0.9141666666666667,1.545,0.025877460953951492,0.8992395437262357,0.23899482192413335
ACSPublicCoverage-CA,mlp,2,0.1,lac,race,mondrian,0.9,0.91125,1.5354166666666667,0.07757382282521952,0.8938547486033519,0.23160332666596473
ACSPublicCoverage-CA,mlp,2,0.1,aps,predclass,marginal,0.9,1.0,2.0,0.0,1.0,0.0
ACSPublicCoverage-CA,mlp,2,0.1,aps,sex,marginal,0.9,1.0,2.0,0.0,1.0,0.0
ACSPublicCoverage-CA,mlp,2,0.1,aps,age,marginal,0.9,1.0,2.0,0.0,1.0,0.0
ACSPublicCoverage-CA,mlp,2,0.1,aps,race,marginal,0.9,1.0,2.0,0.0,1.0,0.0
ACSPublicCoverage-CA,mlp,2,0.1,aps,predclass,mondrian,0.9,1.0,2.0,0.0,1.0,0.0
ACSPublicCoverage-CA,mlp,2,0.1,aps,sex,mondrian,0.9,1.0,2.0,0.0,1.0,0.0
ACSPublicCoverage-CA,mlp,2,0.1,aps,age,mondrian,0.9,1.0,2.0,0.0,1.0,0.0
ACSPublicCoverage-CA,mlp,2,0.1,aps,race,mondrian,0.9,1.0,2.0,0.0,1.0,0.0
ACSPublicCoverage-CA,mlp,2,0.2,lac,predclass,marginal,0.8,0.81,1.2420833333333334,0.055976514585363235,0.7983149025803055,0.1935244834186287
ACSPublicCoverage-CA,mlp,2,0.2,lac,sex,marginal,0.8,0.81,1.2420833333333334,0.018855218855218903,0.8015151515151515,0.054797979797979623
ACSPublicCoverage-CA,mlp,2,0.2,lac,age,marginal,0.8,0.81,1.2420833333333334,0.052777267351736934,0.7856257744733581,0.06551826448156106
ACSPublicCoverage-CA,mlp,2,0.2,lac,race,marginal,0.8,0.81,1.2420833333333334,0.02336529396508069,0.7960893854748603,0.13786581928143105
ACSPublicCoverage-CA,mlp,2,0.2,lac,predclass,mondrian,0.8,0.8075,1.23875,0.028864861115052598,0.8014744602422328,0.11953659820958396
ACSPublicCoverage-CA,mlp,2,0.2,lac,sex,mondrian,0.8,0.8104166666666667,1.23375,0.01220538720538722,0.8037037037037037,0.034427609427609474
ACSPublicCoverage-CA,mlp,2,0.2,lac,age,mondrian,0.8,0.80125,1.21875,0.03900542638805915,0.7831474597273854,0.16143086788110317
ACSPublicCoverage-CA,mlp,2,0.2,lac,race,mondrian,0.8,0.8066666666666666,1.2383333333333333,0.07533918595371114,0.7960893854748603,0.224022346368715
ACSPublicCoverage-CA,mlp,2,0.2,aps,predclass,marginal,0.8,1.0,2.0,0.0,1.0,0.0
ACSPublicCoverage-CA,mlp,2,0.2,aps,sex,marginal,0.8,1.0,2.0,0.0,1.0,0.0
ACSPublicCoverage-CA,mlp,2,0.2,aps,age,marginal,0.8,1.0,2.0,0.0,1.0,0.0
ACSPublicCoverage-CA,mlp,2,0.2,aps,race,marginal,0.8,1.0,2.0,0.0,1.0,0.0
ACSPublicCoverage-CA,mlp,2,0.2,aps,predclass,mondrian,0.8,1.0,2.0,0.0,1.0,0.0
ACSPublicCoverage-CA,mlp,2,0.2,aps,sex,mondrian,0.8,1.0,2.0,0.0,1.0,0.0
ACSPublicCoverage-CA,mlp,2,0.2,aps,age,mondrian,0.8,1.0,2.0,0.0,1.0,0.0
ACSPublicCoverage-CA,mlp,2,0.2,aps,race,mondrian,0.8,1.0,2.0,0.0,1.0,0.0
ACSPublicCoverage-CA,mlp,3,0.05,lac,predclass,marginal,0.95,0.96625,1.7479166666666666,0.015359209219466874,0.962742980561555,0.03580662452113326
ACSPublicCoverage-CA,mlp,3,0.05,lac,sex,marginal,0.95,0.96625,1.7479166666666666,0.002357335400553273,0.9649289099526066,0.04388731302524729
ACSPublicCoverage-CA,mlp,3,0.05,lac,age,marginal,0.95,0.96625,1.7479166666666666,0.029974944320712682,0.9487750556792873,0.2896408685968819
ACSPublicCoverage-CA,mlp,3,0.05,lac,race,marginal,0.95,0.96625,1.7479166666666666,0.07404684827322972,0.9133858267716536,0.19785408332037502
ACSPublicCoverage-CA,mlp,3,0.05,lac,predclass,mondrian,0.95,0.9629166666666666,1.7454166666666666,0.008698428213334108,0.9562043795620438,0.04135596159606503
ACSPublicCoverage-CA,mlp,3,0.05,lac,sex,mondrian,0.95,0.9666666666666667,1.7508333333333332,0.0014094681019750643,0.9658767772511848,0.04206557550344425
ACSPublicCoverage-CA,mlp,3,0.05,lac,age,mondrian,0.95,0.9579166666666666,1.7358333333333333,0.0323331960461285,0.94625,0.17104089996807836
ACSPublicCoverage-CA,mlp,3,0.05,lac,race,mondrian,0.95,0.9641666666666666,1.7479166666666666,0.03247147966468289,0.937007874015748,0.0947333340500327
ACSPublicCoverage-CA,mlp,3,0.05,aps,predclass,marginal,0.95,1.0,2.0,0.0,1.0,0.0
ACSPublicCoverage-CA,mlp,3,0.05,aps,sex,marginal,0.95,1.0,2.0,0.0,1.0,0.0
ACSPublicCoverage-CA,mlp,3,0.05,aps,age,marginal,0.95,1.0,2.0,0.0,1.0,0.0
ACSPublicCoverage-CA,mlp,3,0.05,aps,race,marginal,0.95,1.0,2.0,0.0,1.0,0.0
ACSPublicCoverage-CA,mlp,3,0.05,aps,predclass,mondrian,0.95,1.0,2.0,0.0,1.0,0.0
ACSPublicCoverage-CA,mlp,3,0.05,aps,sex,mondrian,0.95,1.0,2.0,0.0,1.0,0.0
ACSPublicCoverage-CA,mlp,3,0.05,aps,age,mondrian,0.95,1.0,2.0,0.0,1.0,0.0
ACSPublicCoverage-CA,mlp,3,0.05,aps,race,mondrian,0.95,1.0,2.0,0.0,1.0,0.0
ACSPublicCoverage-CA,mlp,3,0.1,lac,predclass,marginal,0.9,0.91125,1.5433333333333332,0.04643234380665606,0.9006479481641468,0.1684980530024751
ACSPublicCoverage-CA,mlp,3,0.1,lac,sex,marginal,0.9,0.91125,1.5433333333333332,0.0023150513574939913,0.909952606635071,0.019929878961926883
ACSPublicCoverage-CA,mlp,3,0.1,lac,age,marginal,0.9,0.91125,1.5433333333333332,0.016701594146719678,0.9025735294117647,0.15745267260579054
ACSPublicCoverage-CA,mlp,3,0.1,lac,race,marginal,0.9,0.91125,1.5433333333333332,0.10251770593307796,0.8346456692913385,0.19361098270245858
ACSPublicCoverage-CA,mlp,3,0.1,lac,predclass,mondrian,0.9,0.9145833333333333,1.5529166666666667,0.013735397518563452,0.9114470842332614,0.07567671958506095
ACSPublicCoverage-CA,mlp,3,0.1,lac,sex,mondrian,0.9,0.91125,1.54375,0.0023150513574939913,0.909952606635071,0.02087774626050498
ACSPublicCoverage-CA,mlp,3,0.1,lac,age,mondrian,0.9,0.9166666666666666,1.55625,0.021659802306425058,0.9075,0.10224944320712703
ACSPublicCoverage-CA,mlp,3,0.1,lac,race,mondrian,0.9,0.9166666666666666,1.5579166666666666,0.10072237379663274,0.8346456692913385,0.1756576613380061
ACSPublicCoverage-CA,mlp,3,0.1,aps,predclass,marginal,0.9,1.0,2.0,0.0,1.0,0.0
ACSPublicCoverage-CA,mlp,3,0.1,aps,sex,marginal,0.9,1.0,2.0,0.0,1.0,0.0
ACSPublicCoverage-CA,mlp,3,0.1,aps,age,marginal,0.9,1.0,2.0,0.0,1.0,0.0
ACSPublicCoverage-CA,mlp,3,0.1,aps,race,marginal,0.9,1.0,2.0,0.0,1.0,0.0
ACSPublicCoverage-CA,mlp,3,0.1,aps,predclass,mondrian,0.9,1.0,2.0,0.0,1.0,0.0
ACSPublicCoverage-CA,mlp,3,0.1,aps,sex,mondrian,0.9,1.0,2.0,0.0,1.0,0.0
ACSPublicCoverage-CA,mlp,3,0.1,aps,age,mondrian,0.9,1.0,2.0,0.0,1.0,0.0
ACSPublicCoverage-CA,mlp,3,0.1,aps,race,mondrian,0.9,1.0,2.0,0.0,1.0,0.0
ACSPublicCoverage-CA,mlp,3,0.2,lac,predclass,marginal,0.8,0.8308333333333333,1.2745833333333334,0.048958711040343106,0.8196544276457883,0.23063249830524502
ACSPublicCoverage-CA,mlp,3,0.2,lac,sex,marginal,0.8,0.8308333333333333,1.2745833333333334,0.02964816152504457,0.814218009478673,0.00898888282034549
ACSPublicCoverage-CA,mlp,3,0.2,lac,age,marginal,0.8,0.8308333333333333,1.2745833333333334,0.03605233853006684,0.8125,0.050392048227252184
ACSPublicCoverage-CA,mlp,3,0.2,lac,race,marginal,0.8,0.8308333333333333,1.2745833333333334,0.093286588727576,0.7559055118110236,0.14726660032684924
ACSPublicCoverage-CA,mlp,3,0.2,lac,predclass,mondrian,0.8,0.8325,1.2754166666666666,0.0004966026075577945,0.8321167883211679,0.12786728886506604
ACSPublicCoverage-CA,mlp,3,0.2,lac,sex,mondrian,0.8,0.8304166666666667,1.2720833333333332,0.03059602882362278,0.8132701421800947,0.0016103173065062926
ACSPublicCoverage-CA,mlp,3,0.2,lac,age,mondrian,0.8,0.8320833333333333,1.2725,0.07319578928829584,0.7884187082405345,0.24119496739963964
ACSPublicCoverage-CA,mlp,3,0.2,lac,race,mondrian,0.8,0.8320833333333333,1.275,0.07413653611677706,0.7637795275590551,0.11473728591451393
ACSPublicCoverage-CA,mlp,3,0.2,aps,predclass,marginal,0.8,1.0,2.0,0.0,1.0,0.0
ACSPublicCoverage-CA,mlp,3,0.2,aps,sex,marginal,0.8,1.0,2.0,0.0,1.0,0.0
ACSPublicCoverage-CA,mlp,3,0.2,aps,age,marginal,0.8,1.0,2.0,0.0,1.0,0.0
ACSPublicCoverage-CA,mlp,3,0.2,aps,race,marginal,0.8,1.0,2.0,0.0,1.0,0.0
ACSPublicCoverage-CA,mlp,3,0.2,aps,predclass,mondrian,0.8,1.0,2.0,0.0,1.0,0.0
ACSPublicCoverage-CA,mlp,3,0.2,aps,sex,mondrian,0.8,1.0,2.0,0.0,1.0,0.0
ACSPublicCoverage-CA,mlp,3,0.2,aps,age,mondrian,0.8,1.0,2.0,0.0,1.0,0.0
ACSPublicCoverage-CA,mlp,3,0.2,aps,race,mondrian,0.8,1.0,2.0,0.0,1.0,0.0
ACSPublicCoverage-CA,mlp,4,0.05,lac,predclass,marginal,0.95,0.94875,1.705,0.0012448314017821094,0.9484304932735426,0.056170287111991124
ACSPublicCoverage-CA,mlp,4,0.05,lac,sex,marginal,0.95,0.94875,1.705,0.02018005955002733,0.9374407582938389,0.00207191810990337
ACSPublicCoverage-CA,mlp,4,0.05,lac,age,marginal,0.95,0.94875,1.705,0.01734662929931652,0.9385171790235082,0.1856242118537199
ACSPublicCoverage-CA,mlp,4,0.05,lac,race,marginal,0.95,0.94875,1.705,0.0206729472308107,0.9443620178041543,0.22970297029702968
ACSPublicCoverage-CA,mlp,4,0.05,lac,predclass,mondrian,0.95,0.9508333333333333,1.715,0.003741773921146163,0.948051948051948,0.04053345757381632
ACSPublicCoverage-CA,mlp,4,0.05,lac,sex,mondrian,0.95,0.94875,1.70625,0.01679733610528722,0.9393364928909953,0.020137775506968048
ACSPublicCoverage-CA,mlp,4,0.05,lac,age,mondrian,0.95,0.9525,1.7116666666666667,0.026943654642835657,0.9349005424954792,0.14152997863311212
ACSPublicCoverage-CA,mlp,4,0.05,lac,race,mondrian,0.95,0.95,1.72125,0.05235417401589515,0.9406528189910979,0.17591444604401096
ACSPublicCoverage-CA,mlp,4,0.05,aps,predclass,marginal,0.95,1.0,2.0,0.0,1.0,0.0
ACSPublicCoverage-CA,mlp,4,0.05,aps,sex,marginal,0.95,1.0,2.0,0.0,1.0,0.0
ACSPublicCoverage-CA,mlp,4,0.05,aps,age,marginal,0.95,1.0,2.0,0.0,1.0,0.0
ACSPublicCoverage-CA,mlp,4,0.05,aps,race,marginal,0.95,1.0,2.0,0.0,1.0,0.0
ACSPublicCoverage-CA,mlp,4,0.05,aps,predclass,mondrian,0.95,1.0,2.0,0.0,1.0,0.0
ACSPublicCoverage-CA,mlp,4,0.05,aps,sex,mondrian,0.95,1.0,2.0,0.0,1.0,0.0
ACSPublicCoverage-CA,mlp,4,0.05,aps,age,mondrian,0.95,1.0,2.0,0.0,1.0,0.0
ACSPublicCoverage-CA,mlp,4,0.05,aps,race,mondrian,0.95,1.0,2.0,0.0,1.0,0.0
ACSPublicCoverage-CA,mlp,4,0.1,lac,predclass,marginal,0.9,0.8975,1.5266666666666666,0.04180012812299816,0.8867713004484304,0.16504571661522327
ACSPublicCoverage-CA,mlp,4,0.1,lac,sex,marginal,0.9,0.8975,1.5266666666666666,0.03021194876583455,0.8805687203791469,0.05519477087334179
ACSPublicCoverage-CA,mlp,4,0.1,lac,age,marginal,0.9,0.8975,1.5266666666666666,0.018316050333920808,0.8878842676311031,0.1167925228098805
ACSPublicCoverage-CA,mlp,4,0.1,lac,race,marginal,0.9,0.8975,1.5266666666666666,0.029901848892946892,0.8931750741839762,0.24603960396039604
ACSPublicCoverage-CA,mlp,4,0.1,lac,predclass,mondrian,0.9,0.8995833333333333,1.5258333333333334,0.012790460660415781,0.8963004484304933,0.07662628850969666
ACSPublicCoverage-CA,mlp,4,0.1,lac,sex,mondrian,0.9,0.8991666666666667,1.5229166666666667,0.0027414154583413897,0.8976303317535546,0.024225233002695523
ACSPublicCoverage-CA,mlp,4,0.1,lac,age,mondrian,0.9,0.8983333333333333,1.5216666666666667,0.033498448986163054,0.8806509945750453,0.17915288183369182
ACSPublicCoverage-CA,mlp,4,0.1,lac,race,mondrian,0.9,0.8966666666666666,1.52375,0.06529227449108754,0.8857566765578635,0.25792079207920793
ACSPublicCoverage-CA,mlp,4,0.1,aps,predclass,marginal,0.9,1.0,2.0,0.0,1.0,0.0
ACSPublicCoverage-CA,mlp,4,0.1,aps,sex,marginal,0.9,1.0,2.0,0.0,1.0,0.0
ACSPublicCoverage-CA,mlp,4,0.1,aps,age,marginal,0.9,1.0,2.0,0.0,1.0,0.0
ACSPublicCoverage-CA,mlp,4,0.1,aps,race,marginal,0.9,1.0,2.0,0.0,1.0,0.0
ACSPublicCoverage-CA,mlp,4,0.1,aps,predclass,mondrian,0.9,1.0,2.0,0.0,1.0,0.0
ACSPublicCoverage-CA,mlp,4,0.1,aps,sex,mondrian,0.9,1.0,2.0,0.0,1.0,0.0
ACSPublicCoverage-CA,mlp,4,0.1,aps,age,mondrian,0.9,1.0,2.0,0.0,1.0,0.0
ACSPublicCoverage-CA,mlp,4,0.1,aps,race,mondrian,0.9,1.0,2.0,0.0,1.0,0.0
ACSPublicCoverage-CA,mlp,4,0.2,lac,predclass,marginal,0.8,0.7870833333333334,1.21625,0.0309169530021548,0.7791479820627802,0.20701327820161897
ACSPublicCoverage-CA,mlp,4,0.2,lac,sex,marginal,0.8,0.7870833333333334,1.21625,0.015852992476963923,0.7781990521327015,0.028996282527881112
ACSPublicCoverage-CA,mlp,4,0.2,lac,age,marginal,0.8,0.7870833333333334,1.21625,0.07287589941399009,0.755359394703657,0.07669396872673118
ACSPublicCoverage-CA,mlp,4,0.2,lac,race,marginal,0.8,0.7870833333333334,1.21625,0.06583119850446584,0.7663366336633664,0.16732673267326748
ACSPublicCoverage-CA,mlp,4,0.2,lac,predclass,mondrian,0.8,0.7875,1.2158333333333333,0.015069011705783009,0.7836322869955157,0.1638955215188398
ACSPublicCoverage-CA,mlp,4,0.2,lac,sex,mondrian,0.8,0.7920833333333334,1.2308333333333332,0.019200479219154687,0.7836431226765799,0.07014218009478679
ACSPublicCoverage-CA,mlp,4,0.2,lac,age,mondrian,0.8,0.795,1.23875,0.042309630605957604,0.7685352622061483,0.20374749647652246
ACSPublicCoverage-CA,mlp,4,0.2,lac,race,mondrian,0.8,0.7895833333333333,1.22375,0.0897937374198502,0.7633531157270029,0.2766269060140434
ACSPublicCoverage-CA,mlp,4,0.2,aps,predclass,marginal,0.8,1.0,2.0,0.0,1.0,0.0
ACSPublicCoverage-CA,mlp,4,0.2,aps,sex,marginal,0.8,1.0,2.0,0.0,1.0,0.0
ACSPublicCoverage-CA,mlp,4,0.2,aps,age,marginal,0.8,1.0,2.0,0.0,1.0,0.0
ACSPublicCoverage-CA,mlp,4,0.2,aps,race,marginal,0.8,1.0,2.0,0.0,1.0,0.0
ACSPublicCoverage-CA,mlp,4,0.2,aps,predclass,mondrian,0.8,1.0,2.0,0.0,1.0,0.0
ACSPublicCoverage-CA,mlp,4,0.2,aps,sex,mondrian,0.8,1.0,2.0,0.0,1.0,0.0
ACSPublicCoverage-CA,mlp,4,0.2,aps,age,mondrian,0.8,1.0,2.0,0.0,1.0,0.0
ACSPublicCoverage-CA,mlp,4,0.2,aps,race,mondrian,0.8,1.0,2.0,0.0,1.0,0.0
ACSIncome-CA,tabpfn,0,0.05,lac,predclass,marginal,0.95,0.9616666666666667,1.4116666666666666,0.013910635702866103,0.9534883720930233,0.14594845210855922
ACSIncome-CA,tabpfn,0,0.05,lac,sex,marginal,0.95,0.9616666666666667,1.4116666666666666,0.005911483459802747,0.9588045234248789,0.048976890715412
ACSIncome-CA,tabpfn,0,0.05,lac,age,marginal,0.95,0.9616666666666667,1.4116666666666666,0.03793837151867463,0.9408602150537635,0.5151981458262092
ACSIncome-CA,tabpfn,0,0.05,lac,race,marginal,0.95,0.9616666666666667,1.4116666666666666,0.024497403807748674,0.9459459459459459,0.08267873785115176
ACSIncome-CA,tabpfn,0,0.05,lac,predclass,mondrian,0.95,0.9625,1.4166666666666667,0.015328070146523154,0.9534883720930233,0.13744384544661736
ACSIncome-CA,tabpfn,0,0.05,lac,sex,mondrian,0.95,0.9629166666666666,1.41,0.00015154085068636025,0.962843295638126,0.08244934503766288
ACSIncome-CA,tabpfn,0,0.05,lac,age,mondrian,0.95,0.9604166666666667,1.4108333333333334,0.0327663064797975,0.9435897435897436,0.6397849462365592
ACSIncome-CA,tabpfn,0,0.05,lac,race,mondrian,0.95,0.9633333333333334,1.4141666666666666,0.030119919742429113,0.952638700947226,0.19971595411378917
ACSIncome-CA,tabpfn,0,0.05,aps,predclass,marginal,0.95,1.0,2.0,0.0,1.0,0.0
ACSIncome-CA,tabpfn,0,0.05,aps,sex,marginal,0.95,1.0,2.0,0.0,1.0,0.0
ACSIncome-CA,tabpfn,0,0.05,aps,age,marginal,0.95,1.0,2.0,0.0,1.0,0.0
ACSIncome-CA,tabpfn,0,0.05,aps,race,marginal,0.95,1.0,2.0,0.0,1.0,0.0
ACSIncome-CA,tabpfn,0,0.05,aps,predclass,mondrian,0.95,1.0,2.0,0.0,1.0,0.0
ACSIncome-CA,tabpfn,0,0.05,aps,sex,mondrian,0.95,1.0,2.0,0.0,1.0,0.0
ACSIncome-CA,tabpfn,0,0.05,aps,age,mondrian,0.95,1.0,2.0,0.0,1.0,0.0
ACSIncome-CA,tabpfn,0,0.05,aps,race,mondrian,0.95,1.0,2.0,0.0,1.0,0.0
ACSIncome-CA,tabpfn,0,0.1,lac,predclass,marginal,0.9,0.8991666666666667,1.1958333333333333,0.03315134086575289,0.8796764408493428,0.06762552499894303
ACSIncome-CA,tabpfn,0,0.1,lac,sex,marginal,0.9,0.8991666666666667,1.1958333333333333,0.00028083717283167164,0.8990306946688207,0.037634961725508065
ACSIncome-CA,tabpfn,0,0.1,lac,age,marginal,0.9,0.8991666666666667,1.1958333333333333,0.12226908317185303,0.8494623655913979,0.24423420342718183
ACSIncome-CA,tabpfn,0,0.1,lac,race,marginal,0.9,0.8991666666666667,1.1958333333333333,0.02048146477555579,0.8930987821380244,0.0448519126680047
ACSIncome-CA,tabpfn,0,0.1,lac,predclass,mondrian,0.9,0.9033333333333333,1.20875,0.016160759137185177,0.8938321536905965,0.11444887382755309
ACSIncome-CA,tabpfn,0,0.1,lac,sex,mondrian,0.9,0.90125,1.2058333333333333,0.010431293602751635,0.8958691910499139,0.07537280439551886
ACSIncome-CA,tabpfn,0,0.1,lac,age,mondrian,0.9,0.91,1.2266666666666666,0.08125308712337098,0.8763440860215054,0.381720430107527
ACSIncome-CA,tabpfn,0,0.1,lac,race,mondrian,0.9,0.9008333333333334,1.2008333333333334,0.054876933767326164,0.8910690121786198,0.15268716992854925
ACSIncome-CA,tabpfn,0,0.1,aps,predclass,marginal,0.9,1.0,2.0,0.0,1.0,0.0
ACSIncome-CA,tabpfn,0,0.1,aps,sex,marginal,0.9,1.0,2.0,0.0,1.0,0.0
ACSIncome-CA,tabpfn,0,0.1,aps,age,marginal,0.9,1.0,2.0,0.0,1.0,0.0
ACSIncome-CA,tabpfn,0,0.1,aps,race,marginal,0.9,1.0,2.0,0.0,1.0,0.0
ACSIncome-CA,tabpfn,0,0.1,aps,predclass,mondrian,0.9,1.0,2.0,0.0,1.0,0.0
ACSIncome-CA,tabpfn,0,0.1,aps,sex,mondrian,0.9,1.0,2.0,0.0,1.0,0.0
ACSIncome-CA,tabpfn,0,0.1,aps,age,mondrian,0.9,1.0,1.99375,0.0,1.0,0.053003533568904526
ACSIncome-CA,tabpfn,0,0.1,aps,race,mondrian,0.9,1.0,2.0,0.0,1.0,0.0
ACSIncome-CA,tabpfn,0,0.2,lac,predclass,marginal,0.8,0.8208333333333333,1.0,0.054698064248906664,0.788675429726997,0.0
ACSIncome-CA,tabpfn,0,0.2,lac,sex,marginal,0.8,0.8208333333333333,1.0,0.023676520065954998,0.8093699515347335,0.0
ACSIncome-CA,tabpfn,0,0.2,lac,age,marginal,0.8,0.8208333333333333,1.0,0.2371670656179946,0.7204301075268817,0.0
ACSIncome-CA,tabpfn,0,0.2,lac,race,marginal,0.8,0.8208333333333333,1.0,0.05287800115386321,0.8018018018018018,0.0
ACSIncome-CA,tabpfn,0,0.2,lac,predclass,mondrian,0.8,0.8258333333333333,1.01125,0.042564596099260554,0.8008088978766431,0.027300303336703635
ACSIncome-CA,tabpfn,0,0.2,lac,sex,mondrian,0.8,0.8208333333333333,1.0,0.023676520065954998,0.8093699515347335,0.0
ACSIncome-CA,tabpfn,0,0.2,lac,age,mondrian,0.8,0.8295833333333333,1.02,0.2102853451878871,0.7473118279569892,0.07407407407407418
ACSIncome-CA,tabpfn,0,0.2,lac,race,mondrian,0.8,0.8233333333333334,1.00625,0.04327128210754738,0.8125845737483085,0.1351351351351351
ACSIncome-CA,tabpfn,0,0.2,aps,predclass,marginal,0.8,1.0,1.97625,0.0,1.0,0.04039688164422395
ACSIncome-CA,tabpfn,0,0.2,aps,sex,marginal,0.8,1.0,1.97625,0.0,1.0,0.007344865267671308
ACSIncome-CA,tabpfn,0,0.2,aps,age,marginal,0.8,1.0,1.97625,0.0,1.0,0.20141342756183755
ACSIncome-CA,tabpfn,0,0.2,aps,race,marginal,0.8,1.0,1.97625,0.0,1.0,0.01370856648258556
ACSIncome-CA,tabpfn,0,0.2,aps,predclass,mondrian,0.8,1.0,1.97625,0.0,1.0,0.04039688164422395
ACSIncome-CA,tabpfn,0,0.2,aps,sex,mondrian,0.8,1.0,1.9808333333333332,0.0,1.0,0.021235183058567086
ACSIncome-CA,tabpfn,0,0.2,aps,age,mondrian,0.8,1.0,1.9670833333333333,0.0,1.0,0.1766784452296819
ACSIncome-CA,tabpfn,0,0.2,aps,race,mondrian,0.8,1.0,1.97625,0.0,1.0,0.06172839506172845
ACSIncome-CA,tabpfn,1,0.05,lac,predclass,marginal,0.95,0.9554166666666667,1.3804166666666666,0.0016961592251413249,0.9547353760445683,0.15131647383811653
ACSIncome-CA,tabpfn,1,0.05,lac,sex,marginal,0.95,0.9554166666666667,1.3804166666666666,0.008332641678273744,0.9515246286161063,0.012642989512184455
ACSIncome-CA,tabpfn,1,0.05,lac,age,marginal,0.95,0.9554166666666667,1.3804166666666666,0.04554085155350984,0.9386363636363636,0.48794815432426275
ACSIncome-CA,tabpfn,1,0.05,lac,race,marginal,0.95,0.9554166666666667,1.3804166666666666,0.022529274004683852,0.94,0.1414988290398127
ACSIncome-CA,tabpfn,1,0.05,lac,predclass,mondrian,0.95,0.9554166666666667,1.3845833333333333,0.0016961592251413249,0.9547353760445683,0.16168991782151898
ACSIncome-CA,tabpfn,1,0.05,lac,sex,mondrian,0.95,0.9545833333333333,1.3791666666666667,0.004874598869126556,0.9523064894448788,0.01012025033495867
ACSIncome-CA,tabpfn,1,0.05,lac,age,mondrian,0.95,0.9558333333333333,1.3983333333333334,0.04339956450734894,0.9386363636363636,0.688622754491018
ACSIncome-CA,tabpfn,1,0.05,lac,race,mondrian,0.95,0.9575,1.3933333333333333,0.038838359082354446,0.9354005167958657,0.17116279069767448
ACSIncome-CA,tabpfn,1,0.05,aps,predclass,marginal,0.95,1.0,2.0,0.0,1.0,0.0
ACSIncome-CA,tabpfn,1,0.05,aps,sex,marginal,0.95,1.0,2.0,0.0,1.0,0.0
ACSIncome-CA,tabpfn,1,0.05,aps,age,marginal,0.95,1.0,2.0,0.0,1.0,0.0
ACSIncome-CA,tabpfn,1,0.05,aps,race,marginal,0.95,1.0,2.0,0.0,1.0,0.0
ACSIncome-CA,tabpfn,1,0.05,aps,predclass,mondrian,0.95,1.0,2.0,0.0,1.0,0.0
ACSIncome-CA,tabpfn,1,0.05,aps,sex,mondrian,0.95,1.0,2.0,0.0,1.0,0.0
ACSIncome-CA,tabpfn,1,0.05,aps,age,mondrian,0.95,1.0,1.9975,0.0,1.0,0.018987341772152
ACSIncome-CA,tabpfn,1,0.05,aps,race,mondrian,0.95,1.0,2.0,0.0,1.0,0.0
ACSIncome-CA,tabpfn,1,0.1,lac,predclass,marginal,0.9,0.9054166666666666,1.2025,0.00835943549971685,0.9004149377593361,0.0949906956853408
ACSIncome-CA,tabpfn,1,0.1,lac,sex,marginal,0.9,0.9054166666666666,1.2025,0.005068494774923882,0.9030492572322126,0.006691501151867119
ACSIncome-CA,tabpfn,1,0.1,lac,age,marginal,0.9,0.9054166666666666,1.2025,0.12013808975834295,0.8545454545454545,0.26809671795649215
ACSIncome-CA,tabpfn,1,0.1,lac,race,marginal,0.9,0.9054166666666666,1.2025,0.02607580076127547,0.896640826873385,0.06606557377049183
ACSIncome-CA,tabpfn,1,0.1,lac,predclass,mondrian,0.9,0.9075,1.21125,0.001438990279591712,0.9066390041493776,0.11850865127890997
ACSIncome-CA,tabpfn,1,0.1,lac,sex,mondrian,0.9,0.90375,1.2020833333333334,0.008543276798959942,0.8991971454058876,0.02433114630841038
ACSIncome-CA,tabpfn,1,0.1,lac,age,mondrian,0.9,0.9158333333333334,1.2358333333333333,0.09384349827387806,0.8681818181818182,0.5089820359281436
ACSIncome-CA,tabpfn,1,0.1,lac,race,mondrian,0.9,0.9075,1.2091666666666667,0.0270440365751079,0.8863049095607235,0.0926744856758317
ACSIncome-CA,tabpfn,1,0.1,aps,predclass,marginal,0.9,1.0,2.0,0.0,1.0,0.0
ACSIncome-CA,tabpfn,1,0.1,aps,sex,marginal,0.9,1.0,2.0,0.0,1.0,0.0
ACSIncome-CA,tabpfn,1,0.1,aps,age,marginal,0.9,1.0,2.0,0.0,1.0,0.0
ACSIncome-CA,tabpfn,1,0.1,aps,race,marginal,0.9,1.0,2.0,0.0,1.0,0.0
ACSIncome-CA,tabpfn,1,0.1,aps,predclass,mondrian,0.9,1.0,2.0,0.0,1.0,0.0
ACSIncome-CA,tabpfn,1,0.1,aps,sex,mondrian,0.9,1.0,2.0,0.0,1.0,0.0
ACSIncome-CA,tabpfn,1,0.1,aps,age,mondrian,0.9,1.0,1.9916666666666667,0.0,1.0,0.06329113924050622
ACSIncome-CA,tabpfn,1,0.1,aps,race,mondrian,0.9,1.0,2.0,0.0,1.0,0.0
ACSIncome-CA,tabpfn,1,0.2,lac,predclass,marginal,0.8,0.82,1.0,0.04417526786023884,0.7935684647302904,0.0
ACSIncome-CA,tabpfn,1,0.2,lac,sex,marginal,0.8,0.82,1.0,0.013759634638736307,0.8126672613737734,0.0
ACSIncome-CA,tabpfn,1,0.2,lac,age,marginal,0.8,0.82,1.0,0.21951034639581601,0.7425149700598802,0.0
ACSIncome-CA,tabpfn,1,0.2,lac,race,marginal,0.8,0.82,1.0,0.04698364286622014,0.7984496124031008,0.0
ACSIncome-CA,tabpfn,1,0.2,lac,predclass,mondrian,0.8,0.8254166666666667,1.0091666666666668,0.030689790681815543,0.8070539419087137,0.022821576763485396
ACSIncome-CA,tabpfn,1,0.2,lac,sex,mondrian,0.8,0.8208333333333333,1.00125,0.015323356296281343,0.8126672613737734,0.0023455824863174435
ACSIncome-CA,tabpfn,1,0.2,lac,age,mondrian,0.8,0.8354166666666667,1.0316666666666667,0.20293440736478718,0.759090909090909,0.2934131736526946
ACSIncome-CA,tabpfn,1,0.2,lac,race,mondrian,0.8,0.82125,1.0025,0.05155038759689923,0.7984496124031008,0.030000000000000027
ACSIncome-CA,tabpfn,1,0.2,aps,predclass,marginal,0.8,1.0,1.9866666666666666,0.0,1.0,0.022284122562674202
ACSIncome-CA,tabpfn,1,0.2,aps,sex,marginal,0.8,1.0,1.9866666666666666,0.0,1.0,0.016828490701714882
ACSIncome-CA,tabpfn,1,0.2,aps,age,marginal,0.8,1.0,1.9866666666666666,0.0,1.0,0.10126582278481022
ACSIncome-CA,tabpfn,1,0.2,aps,race,marginal,0.8,1.0,1.9866666666666666,0.0,1.0,0.020632318501170976
ACSIncome-CA,tabpfn,1,0.2,aps,predclass,mondrian,0.8,1.0,1.9854166666666666,0.0,1.0,0.024373259052924867
ACSIncome-CA,tabpfn,1,0.2,aps,sex,mondrian,0.8,1.0,1.9854166666666666,0.0,1.0,0.031222123104371002
ACSIncome-CA,tabpfn,1,0.2,aps,age,mondrian,0.8,1.0,1.9770833333333333,0.0,1.0,0.17405063291139244
ACSIncome-CA,tabpfn,1,0.2,aps,race,mondrian,0.8,1.0,1.9929166666666667,0.0,1.0,0.03359173126614978
ACSIncome-CA,tabpfn,2,0.05,lac,predclass,marginal,0.95,0.95375,1.44125,0.0028307747951662465,0.9520255863539445,0.14719591411712196
ACSIncome-CA,tabpfn,2,0.05,lac,sex,marginal,0.95,0.95375,1.44125,0.000352418375525132,0.9535683576956148,0.006383151760249728
ACSIncome-CA,tabpfn,2,0.05,lac,age,marginal,0.95,0.95375,1.44125,0.03833181222967341,0.9240506329113924,0.5513471687631444
ACSIncome-CA,tabpfn,2,0.05,lac,race,marginal,0.95,0.95375,1.44125,0.027564649048025025,0.9313725490196079,0.14455969984550876
ACSIncome-CA,tabpfn,2,0.05,lac,predclass,mondrian,0.95,0.9545833333333333,1.4479166666666667,0.0010515139759478265,0.9541723666210671,0.18350450211323688
ACSIncome-CA,tabpfn,2,0.05,lac,sex,mondrian,0.95,0.9558333333333333,1.4570833333333333,0.011067466223096845,0.9501289767841788,0.06604264748917532
ACSIncome-CA,tabpfn,2,0.05,lac,age,mondrian,0.95,0.9604166666666667,1.475,0.05009721836435055,0.9435736677115988,0.8989722630054364
ACSIncome-CA,tabpfn,2,0.05,lac,race,mondrian,0.95,0.9570833333333333,1.455,0.04578481138648349,0.9313725490196079,0.23097672821795534
ACSIncome-CA,tabpfn,2,0.05,aps,predclass,marginal,0.95,1.0,2.0,0.0,1.0,0.0
ACSIncome-CA,tabpfn,2,0.05,aps,sex,marginal,0.95,1.0,2.0,0.0,1.0,0.0
ACSIncome-CA,tabpfn,2,0.05,aps,age,marginal,0.95,1.0,2.0,0.0,1.0,0.0
ACSIncome-CA,tabpfn,2,0.05,aps,race,marginal,0.95,1.0,2.0,0.0,1.0,0.0
ACSIncome-CA,tabpfn,2,0.05,aps,predclass,mondrian,0.95,1.0,2.0,0.0,1.0,0.0
ACSIncome-CA,tabpfn,2,0.05,aps,sex,mondrian,0.95,1.0,2.0,0.0,1.0,0.0
ACSIncome-CA,tabpfn,2,0.05,aps,age,mondrian,0.95,1.0,2.0,0.0,1.0,0.0
ACSIncome-CA,tabpfn,2,0.05,aps,race,mondrian,0.95,1.0,2.0,0.0,1.0,0.0
ACSIncome-CA,tabpfn,2,0.1,lac,predclass,marginal,0.9,0.9141666666666667,1.2679166666666666,0.009605091602763904,0.908315565031983,0.11847106076029856
ACSIncome-CA,tabpfn,2,0.1,lac,sex,marginal,0.9,0.9141666666666667,1.2679166666666666,0.011384434229486207,0.9086499595796281,0.005984161331154425
ACSIncome-CA,tabpfn,2,0.1,lac,age,marginal,0.9,0.9141666666666667,1.2679166666666666,0.1174754970040871,0.8417721518987342,0.29155589063926035
ACSIncome-CA,tabpfn,2,0.1,lac,race,marginal,0.9,0.9141666666666667,1.2679166666666666,0.010569165501851385,0.9082125603864735,0.16965046888320545
ACSIncome-CA,tabpfn,2,0.1,lac,predclass,mondrian,0.9,0.9166666666666666,1.275,0.0032085031166232403,0.9147121535181236,0.14534519118303324
ACSIncome-CA,tabpfn,2,0.1,lac,sex,mondrian,0.9,0.91625,1.2729166666666667,0.0073423970427440866,0.9126919967663703,0.02235806124016504
ACSIncome-CA,tabpfn,2,0.1,lac,age,mondrian,0.9,0.9191666666666667,1.2941666666666667,0.02577233243197974,0.9083969465648855,0.6265822784810127
ACSIncome-CA,tabpfn,2,0.1,lac,race,mondrian,0.9,0.9170833333333334,1.2783333333333333,0.030751121900978395,0.9057971014492754,0.23088945723216825
ACSIncome-CA,tabpfn,2,0.1,aps,predclass,marginal,0.9,1.0,2.0,0.0,1.0,0.0
ACSIncome-CA,tabpfn,2,0.1,aps,sex,marginal,0.9,1.0,2.0,0.0,1.0,0.0
ACSIncome-CA,tabpfn,2,0.1,aps,age,marginal,0.9,1.0,2.0,0.0,1.0,0.0
ACSIncome-CA,tabpfn,2,0.1,aps,race,marginal,0.9,1.0,2.0,0.0,1.0,0.0
ACSIncome-CA,tabpfn,2,0.1,aps,predclass,mondrian,0.9,1.0,2.0,0.0,1.0,0.0
ACSIncome-CA,tabpfn,2,0.1,aps,sex,mondrian,0.9,1.0,2.0,0.0,1.0,0.0
ACSIncome-CA,tabpfn,2,0.1,aps,age,mondrian,0.9,1.0,1.9929166666666667,0.0,1.0,0.053291536050156685
ACSIncome-CA,tabpfn,2,0.1,aps,race,mondrian,0.9,1.0,2.0,0.0,1.0,0.0
ACSIncome-CA,tabpfn,2,0.2,lac,predclass,marginal,0.8,0.8079166666666666,1.0045833333333334,0.05919834091220655,0.7718550106609808,0.004726708454988904
ACSIncome-CA,tabpfn,2,0.2,lac,sex,marginal,0.8,0.8079166666666666,1.0045833333333334,0.01900626359365254,0.7987065481002426,0.0011170341804118689
ACSIncome-CA,tabpfn,2,0.2,lac,age,marginal,0.8,0.8079166666666666,1.0045833333333334,0.25062497519939686,0.6835443037974683,0.012658227848101333
ACSIncome-CA,tabpfn,2,0.2,lac,race,marginal,0.8,0.8079166666666666,1.0045833333333334,0.0473746545598106,0.7647058823529411,0.006040268456375841
ACSIncome-CA,tabpfn,2,0.2,lac,predclass,mondrian,0.8,0.8241666666666667,1.0395833333333333,0.010620145316022955,0.8176972281449894,0.1012793176972282
ACSIncome-CA,tabpfn,2,0.2,lac,sex,mondrian,0.8,0.8108333333333333,1.015,0.005006148206176619,0.8084074373484236,0.029102667744543176
ACSIncome-CA,tabpfn,2,0.2,lac,age,mondrian,0.8,0.8358333333333333,1.0695833333333333,0.13670092456648542,0.7974683544303798,0.25316455696202533
ACSIncome-CA,tabpfn,2,0.2,lac,race,mondrian,0.8,0.8158333333333333,1.0275,0.008270920468177456,0.8091787439613527,0.0980392156862746
ACSIncome-CA,tabpfn,2,0.2,aps,predclass,marginal,0.8,1.0,2.0,0.0,1.0,0.0
ACSIncome-CA,tabpfn,2,0.2,aps,sex,marginal,0.8,1.0,2.0,0.0,1.0,0.0
ACSIncome-CA,tabpfn,2,0.2,aps,age,marginal,0.8,1.0,2.0,0.0,1.0,0.0
ACSIncome-CA,tabpfn,2,0.2,aps,race,marginal,0.8,1.0,2.0,0.0,1.0,0.0
ACSIncome-CA,tabpfn,2,0.2,aps,predclass,mondrian,0.8,1.0,1.985,0.0,1.0,0.024623803009576006
ACSIncome-CA,tabpfn,2,0.2,aps,sex,mondrian,0.8,1.0,1.9983333333333333,0.0,1.0,0.0034393809114359186
ACSIncome-CA,tabpfn,2,0.2,aps,age,mondrian,0.8,1.0,1.98125,0.0,1.0,0.12539184952978055
ACSIncome-CA,tabpfn,2,0.2,aps,race,mondrian,0.8,1.0,1.9970833333333333,0.0,1.0,0.01690821256038655
ACSIncome-CA,tabpfn,3,0.05,lac,predclass,marginal,0.95,0.95625,1.4420833333333334,0.005543906879621696,0.9529652351738241,0.18231040701336587
ACSIncome-CA,tabpfn,3,0.05,lac,sex,marginal,0.95,0.95625,1.4420833333333334,0.015281670154406624,0.9490994518402506,0.010945762099644929
ACSIncome-CA,tabpfn,3,0.05,lac,age,marginal,0.95,0.95625,1.4420833333333334,0.02868549585899338,0.9388235294117647,0.49376088341473756
ACSIncome-CA,tabpfn,3,0.05,lac,race,marginal,0.95,0.95625,1.4420833333333334,0.0360634648370497,0.9457547169811321,0.10216557635912493
ACSIncome-CA,tabpfn,3,0.05,lac,predclass,mondrian,0.95,0.9575,1.4508333333333334,0.007653611520971881,0.9529652351738241,0.16754247452391446
ACSIncome-CA,tabpfn,3,0.05,lac,sex,mondrian,0.95,0.9595833333333333,1.4545833333333333,0.0043714711475233425,0.9572573463935886,0.08785687737915349
ACSIncome-CA,tabpfn,3,0.05,lac,age,mondrian,0.95,0.965,1.4891666666666667,0.026790844844441497,0.9520451339915373,0.7828204687410465
ACSIncome-CA,tabpfn,3,0.05,lac,race,mondrian,0.95,0.9595833333333333,1.4616666666666667,0.045154373927958846,0.9457547169811321,0.08887886307241133
ACSIncome-CA,tabpfn,3,0.05,aps,predclass,marginal,0.95,1.0,2.0,0.0,1.0,0.0
ACSIncome-CA,tabpfn,3,0.05,aps,sex,marginal,0.95,1.0,2.0,0.0,1.0,0.0
ACSIncome-CA,tabpfn,3,0.05,aps,age,marginal,0.95,1.0,2.0,0.0,1.0,0.0
ACSIncome-CA,tabpfn,3,0.05,aps,race,marginal,0.95,1.0,2.0,0.0,1.0,0.0
ACSIncome-CA,tabpfn,3,0.05,aps,predclass,mondrian,0.95,1.0,2.0,0.0,1.0,0.0
ACSIncome-CA,tabpfn,3,0.05,aps,sex,mondrian,0.95,1.0,2.0,0.0,1.0,0.0
ACSIncome-CA,tabpfn,3,0.05,aps,age,mondrian,0.95,1.0,2.0,0.0,1.0,0.0
ACSIncome-CA,tabpfn,3,0.05,aps,race,mondrian,0.95,1.0,2.0,0.0,1.0,0.0
ACSIncome-CA,tabpfn,3,0.1,lac,predclass,marginal,0.9,0.9141666666666667,1.2516666666666667,0.01562648304901937,0.9049079754601227,0.11194809004857942
ACSIncome-CA,tabpfn,3,0.1,lac,sex,marginal,0.9,0.9141666666666667,1.2516666666666667,0.017389655044973362,0.9060297572435395,0.001040394792168442
ACSIncome-CA,tabpfn,3,0.1,lac,age,marginal,0.9,0.9141666666666667,1.2516666666666667,0.0697812699086855,0.8941176470588236,0.30649394775960936
ACSIncome-CA,tabpfn,3,0.1,lac,race,marginal,0.9,0.9141666666666667,1.2516666666666667,0.04686963979416803,0.8985849056603774,0.04195804195804187
ACSIncome-CA,tabpfn,3,0.1,lac,predclass,mondrian,0.9,0.9179166666666667,1.265,0.006424029061289249,0.9141104294478528,0.1446679264493973
ACSIncome-CA,tabpfn,3,0.1,lac,sex,mondrian,0.9,0.91625,1.2608333333333333,0.006608459413794732,0.9127337488869101,0.080189892969037
ACSIncome-CA,tabpfn,3,0.1,lac,age,mondrian,0.9,0.9254166666666667,1.2891666666666666,0.03903164153748151,0.9176470588235294,0.4761904761904763
ACSIncome-CA,tabpfn,3,0.1,lac,race,mondrian,0.9,0.9154166666666667,1.255,0.03938035488552827,0.8985849056603774,0.02666365892172351
ACSIncome-CA,tabpfn,3,0.1,aps,predclass,marginal,0.9,1.0,2.0,0.0,1.0,0.0
ACSIncome-CA,tabpfn,3,0.1,aps,sex,marginal,0.9,1.0,2.0,0.0,1.0,0.0
ACSIncome-CA,tabpfn,3,0.1,aps,age,marginal,0.9,1.0,2.0,0.0,1.0,0.0
ACSIncome-CA,tabpfn,3,0.1,aps,race,marginal,0.9,1.0,2.0,0.0,1.0,0.0
ACSIncome-CA,tabpfn,3,0.1,aps,predclass,mondrian,0.9,1.0,2.0,0.0,1.0,0.0
ACSIncome-CA,tabpfn,3,0.1,aps,sex,mondrian,0.9,1.0,2.0,0.0,1.0,0.0
ACSIncome-CA,tabpfn,3,0.1,aps,age,mondrian,0.9,1.0,1.99625,0.0,1.0,0.032490974729241895
ACSIncome-CA,tabpfn,3,0.1,aps,race,mondrian,0.9,1.0,2.0,0.0,1.0,0.0
ACSIncome-CA,tabpfn,3,0.2,lac,predclass,marginal,0.8,0.82875,1.02375,0.05611641773014764,0.7955010224948875,0.013413234621590497
ACSIncome-CA,tabpfn,3,0.2,lac,sex,marginal,0.8,0.82875,1.02375,0.02730199550789325,0.8159749412685983,0.00614404726125839
ACSIncome-CA,tabpfn,3,0.2,lac,age,marginal,0.8,0.82875,1.02375,0.1772200255954769,0.783068783068783,0.025279783393501676
ACSIncome-CA,tabpfn,3,0.2,lac,race,marginal,0.8,0.82875,1.02375,0.05691979961608695,0.8066037735849056,0.013267240975701089
ACSIncome-CA,tabpfn,3,0.2,lac,predclass,mondrian,0.8,0.8320833333333333,1.0341666666666667,0.028953431182211165,0.8149284253578732,0.08384458077709622
ACSIncome-CA,tabpfn,3,0.2,lac,sex,mondrian,0.8,0.8320833333333333,1.0291666666666666,0.0026281822866510707,0.8308535630383712,0.054815974941268664
ACSIncome-CA,tabpfn,3,0.2,lac,age,mondrian,0.8,0.8479166666666667,1.0670833333333334,0.13314928859630504,0.8235294117647058,0.1428571428571428
ACSIncome-CA,tabpfn,3,0.2,lac,race,mondrian,0.8,0.83125,1.0295833333333333,0.037314481015028766,0.8113207547169812,0.03964456596035548
ACSIncome-CA,tabpfn,3,0.2,aps,predclass,marginal,0.8,1.0,2.0,0.0,1.0,0.0
ACSIncome-CA,tabpfn,3,0.2,aps,sex,marginal,0.8,1.0,2.0,0.0,1.0,0.0
ACSIncome-CA,tabpfn,3,0.2,aps,age,marginal,0.8,1.0,2.0,0.0,1.0,0.0
ACSIncome-CA,tabpfn,3,0.2,aps,race,marginal,0.8,1.0,2.0,0.0,1.0,0.0
ACSIncome-CA,tabpfn,3,0.2,aps,predclass,mondrian,0.8,1.0,1.9966666666666666,0.0,1.0,0.005625879043600568
ACSIncome-CA,tabpfn,3,0.2,aps,sex,mondrian,0.8,1.0,1.9995833333333333,0.0,1.0,0.0008904719501334757
ACSIncome-CA,tabpfn,3,0.2,aps,age,mondrian,0.8,1.0,1.9841666666666666,0.0,1.0,0.13718411552346566
ACSIncome-CA,tabpfn,3,0.2,aps,race,mondrian,0.8,1.0,1.99625,0.0,1.0,0.045454545454545414
ACSIncome-CA,tabpfn,4,0.05,lac,predclass,marginal,0.95,0.93625,1.3370833333333334,0.013195975520132186,0.9283489096573209,0.10820179631761384
ACSIncome-CA,tabpfn,4,0.05,lac,sex,marginal,0.95,0.93625,1.3370833333333334,0.00025720182536626,0.9361135758651287,0.0018519925474200782
ACSIncome-CA,tabpfn,4,0.05,lac,age,marginal,0.95,0.93625,1.3370833333333334,0.07557932263814615,0.8941176470588236,0.43606654783125376
ACSIncome-CA,tabpfn,4,0.05,lac,race,marginal,0.95,0.93625,1.3370833333333334,0.06772898493259327,0.8865979381443299,0.14189967000076753
ACSIncome-CA,tabpfn,4,0.05,lac,predclass,mondrian,0.95,0.9420833333333334,1.36625,0.02215371674720401,0.9331941544885177,0.2572012044823393
ACSIncome-CA,tabpfn,4,0.05,lac,sex,mondrian,0.95,0.9395833333333333,1.3491666666666666,0.0199244286669209,0.9290150842945873,0.07446027695548318
ACSIncome-CA,tabpfn,4,0.05,lac,age,mondrian,0.95,0.94625,1.375,0.06884531590413934,0.8941176470588236,0.46215092097445054
ACSIncome-CA,tabpfn,4,0.05,lac,race,mondrian,0.95,0.9420833333333334,1.3758333333333332,0.06083961141950833,0.9175257731958762,0.22132971783786548
ACSIncome-CA,tabpfn,4,0.05,aps,predclass,marginal,0.95,1.0,2.0,0.0,1.0,0.0
ACSIncome-CA,tabpfn,4,0.05,aps,sex,marginal,0.95,1.0,2.0,0.0,1.0,0.0
ACSIncome-CA,tabpfn,4,0.05,aps,age,marginal,0.95,1.0,2.0,0.0,1.0,0.0
ACSIncome-CA,tabpfn,4,0.05,aps,race,marginal,0.95,1.0,2.0,0.0,1.0,0.0
ACSIncome-CA,tabpfn,4,0.05,aps,predclass,mondrian,0.95,1.0,2.0,0.0,1.0,0.0
ACSIncome-CA,tabpfn,4,0.05,aps,sex,mondrian,0.95,1.0,2.0,0.0,1.0,0.0
ACSIncome-CA,tabpfn,4,0.05,aps,age,mondrian,0.95,1.0,2.0,0.0,1.0,0.0
ACSIncome-CA,tabpfn,4,0.05,aps,race,mondrian,0.95,1.0,2.0,0.0,1.0,0.0
ACSIncome-CA,tabpfn,4,0.1,lac,predclass,marginal,0.9,0.8866666666666667,1.1833333333333333,0.02750624895670073,0.8701973001038421,0.0753560225200911
ACSIncome-CA,tabpfn,4,0.1,lac,sex,marginal,0.9,0.8866666666666667,1.1833333333333333,0.009579896714995928,0.8821681068342498,0.010678406408159091
ACSIncome-CA,tabpfn,4,0.1,lac,age,marginal,0.9,0.8866666666666667,1.1833333333333333,0.16296296296296287,0.8,0.2487225193107545
ACSIncome-CA,tabpfn,4,0.1,lac,race,marginal,0.9,0.8866666666666667,1.1833333333333333,0.1203409992069786,0.7835051546391752,0.09319280652835693
ACSIncome-CA,tabpfn,4,0.1,lac,predclass,mondrian,0.9,0.8825,1.1708333333333334,0.0002644831630451705,0.8823938761308281,0.14132506064685657
ACSIncome-CA,tabpfn,4,0.1,lac,sex,mondrian,0.9,0.88625,1.17875,0.008035988738881561,0.8819875776397516,0.04592202672250312
ACSIncome-CA,tabpfn,4,0.1,lac,age,mondrian,0.9,0.8908333333333334,1.195,0.13018419489007715,0.8294117647058824,0.3294117647058823
ACSIncome-CA,tabpfn,4,0.1,lac,race,mondrian,0.9,0.8858333333333334,1.1808333333333334,0.17359734337827115,0.7422680412371134,0.10061272126045528
ACSIncome-CA,tabpfn,4,0.1,aps,predclass,marginal,0.9,1.0,2.0,0.0,1.0,0.0
ACSIncome-CA,tabpfn,4,0.1,aps,sex,marginal,0.9,1.0,2.0,0.0,1.0,0.0
ACSIncome-CA,tabpfn,4,0.1,aps,age,marginal,0.9,1.0,2.0,0.0,1.0,0.0
ACSIncome-CA,tabpfn,4,0.1,aps,race,marginal,0.9,1.0,2.0,0.0,1.0,0.0
ACSIncome-CA,tabpfn,4,0.1,aps,predclass,mondrian,0.9,1.0,2.0,0.0,1.0,0.0
ACSIncome-CA,tabpfn,4,0.1,aps,sex,mondrian,0.9,1.0,2.0,0.0,1.0,0.0
ACSIncome-CA,tabpfn,4,0.1,aps,age,mondrian,0.9,1.0,1.9958333333333333,0.0,1.0,0.03367003367003374
ACSIncome-CA,tabpfn,4,0.1,aps,race,mondrian,0.9,1.0,2.0,0.0,1.0,0.0
ACSIncome-CA,tabpfn,4,0.2,lac,predclass,marginal,0.8,0.8104166666666667,1.0,0.061448977512427394,0.7736240913811008,0.0
ACSIncome-CA,tabpfn,4,0.2,lac,sex,marginal,0.8,0.8104166666666667,1.0,0.001104782908415869,0.809897879025923,0.0
ACSIncome-CA,tabpfn,4,0.2,lac,age,marginal,0.8,0.8104166666666667,1.0,0.2713606654783125,0.6882352941176471,0.0
ACSIncome-CA,tabpfn,4,0.2,lac,race,marginal,0.8,0.8104166666666667,1.0,0.11706019288327241,0.7216494845360825,0.0
ACSIncome-CA,tabpfn,4,0.2,lac,predclass,mondrian,0.8,0.8191666666666667,1.0166666666666666,0.039642123929872874,0.7954309449636553,0.04153686396677059
ACSIncome-CA,tabpfn,4,0.2,lac,sex,mondrian,0.8,0.8104166666666667,1.0,0.001104782908415869,0.809897879025923,0.0
ACSIncome-CA,tabpfn,4,0.2,lac,age,mondrian,0.8,0.81625,1.0095833333333333,0.2360665478312537,0.7235294117647059,0.04705882352941182
ACSIncome-CA,tabpfn,4,0.2,lac,race,mondrian,0.8,0.8108333333333333,1.00125,0.11706019288327241,0.7216494845360825,0.007211538461538547
ACSIncome-CA,tabpfn,4,0.2,aps,predclass,marginal,0.8,1.0,1.9870833333333333,0.0,1.0,0.021572720946416046
ACSIncome-CA,tabpfn,4,0.2,aps,sex,marginal,0.8,1.0,1.9870833333333333,0.0,1.0,0.005759508626019594
ACSIncome-CA,tabpfn,4,0.2,aps,age,marginal,0.8,1.0,1.9870833333333333,0.0,1.0,0.10437710437710446
ACSIncome-CA,tabpfn,4,0.2,aps,race,marginal,0.8,1.0,1.9870833333333333,0.0,1.0,0.013407018239492308
ACSIncome-CA,tabpfn,4,0.2,aps,predclass,mondrian,0.8,1.0,1.9841666666666666,0.0,1.0,0.026443980514961662
ACSIncome-CA,tabpfn,4,0.2,aps,sex,mondrian,0.8,1.0,1.9904166666666667,0.0,1.0,0.015389591063038166
ACSIncome-CA,tabpfn,4,0.2,aps,age,mondrian,0.8,1.0,1.9833333333333334,0.0,1.0,0.10437710437710446
ACSIncome-CA,tabpfn,4,0.2,aps,race,mondrian,0.8,1.0,1.9879166666666668,0.0,1.0,0.020618556701030855
ACSIncome-CA,tabpfn_temp,0,0.05,lac,predclass,marginal,0.95,0.9616666666666667,1.4116666666666666,0.013910635702866103,0.9534883720930233,0.14594845210855922
ACSIncome-CA,tabpfn_temp,0,0.05,lac,sex,marginal,0.95,0.9616666666666667,1.4116666666666666,0.005911483459802747,0.9588045234248789,0.048976890715412
ACSIncome-CA,tabpfn_temp,0,0.05,lac,age,marginal,0.95,0.9616666666666667,1.4116666666666666,0.03793837151867463,0.9408602150537635,0.5151981458262092
ACSIncome-CA,tabpfn_temp,0,0.05,lac,race,marginal,0.95,0.9616666666666667,1.4116666666666666,0.024497403807748674,0.9459459459459459,0.08267873785115176
ACSIncome-CA,tabpfn_temp,0,0.05,lac,predclass,mondrian,0.95,0.9625,1.4166666666666667,0.015328070146523154,0.9534883720930233,0.13744384544661736
ACSIncome-CA,tabpfn_temp,0,0.05,lac,sex,mondrian,0.95,0.9629166666666666,1.41,0.00015154085068636025,0.962843295638126,0.08244934503766288
ACSIncome-CA,tabpfn_temp,0,0.05,lac,age,mondrian,0.95,0.9604166666666667,1.4108333333333334,0.0327663064797975,0.9435897435897436,0.6397849462365592
ACSIncome-CA,tabpfn_temp,0,0.05,lac,race,mondrian,0.95,0.9633333333333334,1.4141666666666666,0.030119919742429113,0.952638700947226,0.19971595411378917
ACSIncome-CA,tabpfn_temp,0,0.05,aps,predclass,marginal,0.95,1.0,2.0,0.0,1.0,0.0
ACSIncome-CA,tabpfn_temp,0,0.05,aps,sex,marginal,0.95,1.0,2.0,0.0,1.0,0.0
ACSIncome-CA,tabpfn_temp,0,0.05,aps,age,marginal,0.95,1.0,2.0,0.0,1.0,0.0
ACSIncome-CA,tabpfn_temp,0,0.05,aps,race,marginal,0.95,1.0,2.0,0.0,1.0,0.0
ACSIncome-CA,tabpfn_temp,0,0.05,aps,predclass,mondrian,0.95,1.0,2.0,0.0,1.0,0.0
ACSIncome-CA,tabpfn_temp,0,0.05,aps,sex,mondrian,0.95,1.0,2.0,0.0,1.0,0.0
ACSIncome-CA,tabpfn_temp,0,0.05,aps,age,mondrian,0.95,1.0,2.0,0.0,1.0,0.0
ACSIncome-CA,tabpfn_temp,0,0.05,aps,race,mondrian,0.95,1.0,2.0,0.0,1.0,0.0
ACSIncome-CA,tabpfn_temp,0,0.1,lac,predclass,marginal,0.9,0.8991666666666667,1.1958333333333333,0.03315134086575289,0.8796764408493428,0.06762552499894303
ACSIncome-CA,tabpfn_temp,0,0.1,lac,sex,marginal,0.9,0.8991666666666667,1.1958333333333333,0.00028083717283167164,0.8990306946688207,0.037634961725508065
ACSIncome-CA,tabpfn_temp,0,0.1,lac,age,marginal,0.9,0.8991666666666667,1.1958333333333333,0.12226908317185303,0.8494623655913979,0.24423420342718183
ACSIncome-CA,tabpfn_temp,0,0.1,lac,race,marginal,0.9,0.8991666666666667,1.1958333333333333,0.02048146477555579,0.8930987821380244,0.0448519126680047
ACSIncome-CA,tabpfn_temp,0,0.1,lac,predclass,mondrian,0.9,0.9033333333333333,1.20875,0.016160759137185177,0.8938321536905965,0.11444887382755309
ACSIncome-CA,tabpfn_temp,0,0.1,lac,sex,mondrian,0.9,0.90125,1.2058333333333333,0.010431293602751635,0.8958691910499139,0.07537280439551886
ACSIncome-CA,tabpfn_temp,0,0.1,lac,age,mondrian,0.9,0.91,1.2266666666666666,0.08125308712337098,0.8763440860215054,0.381720430107527
ACSIncome-CA,tabpfn_temp,0,0.1,lac,race,mondrian,0.9,0.9008333333333334,1.2008333333333334,0.054876933767326164,0.8910690121786198,0.15268716992854925
ACSIncome-CA,tabpfn_temp,0,0.1,aps,predclass,marginal,0.9,1.0,2.0,0.0,1.0,0.0
ACSIncome-CA,tabpfn_temp,0,0.1,aps,sex,marginal,0.9,1.0,2.0,0.0,1.0,0.0
ACSIncome-CA,tabpfn_temp,0,0.1,aps,age,marginal,0.9,1.0,2.0,0.0,1.0,0.0
ACSIncome-CA,tabpfn_temp,0,0.1,aps,race,marginal,0.9,1.0,2.0,0.0,1.0,0.0
ACSIncome-CA,tabpfn_temp,0,0.1,aps,predclass,mondrian,0.9,1.0,2.0,0.0,1.0,0.0
ACSIncome-CA,tabpfn_temp,0,0.1,aps,sex,mondrian,0.9,1.0,2.0,0.0,1.0,0.0
ACSIncome-CA,tabpfn_temp,0,0.1,aps,age,mondrian,0.9,1.0,1.99375,0.0,1.0,0.053003533568904526
ACSIncome-CA,tabpfn_temp,0,0.1,aps,race,mondrian,0.9,1.0,2.0,0.0,1.0,0.0
ACSIncome-CA,tabpfn_temp,0,0.2,lac,predclass,marginal,0.8,0.8208333333333333,1.0,0.054698064248906664,0.788675429726997,0.0
ACSIncome-CA,tabpfn_temp,0,0.2,lac,sex,marginal,0.8,0.8208333333333333,1.0,0.023676520065954998,0.8093699515347335,0.0
ACSIncome-CA,tabpfn_temp,0,0.2,lac,age,marginal,0.8,0.8208333333333333,1.0,0.2371670656179946,0.7204301075268817,0.0
ACSIncome-CA,tabpfn_temp,0,0.2,lac,race,marginal,0.8,0.8208333333333333,1.0,0.05287800115386321,0.8018018018018018,0.0
ACSIncome-CA,tabpfn_temp,0,0.2,lac,predclass,mondrian,0.8,0.8258333333333333,1.01125,0.042564596099260554,0.8008088978766431,0.027300303336703635
ACSIncome-CA,tabpfn_temp,0,0.2,lac,sex,mondrian,0.8,0.8208333333333333,1.0,0.023676520065954998,0.8093699515347335,0.0
ACSIncome-CA,tabpfn_temp,0,0.2,lac,age,mondrian,0.8,0.8295833333333333,1.02,0.2102853451878871,0.7473118279569892,0.07407407407407418
ACSIncome-CA,tabpfn_temp,0,0.2,lac,race,mondrian,0.8,0.8233333333333334,1.00625,0.04327128210754738,0.8125845737483085,0.1351351351351351
ACSIncome-CA,tabpfn_temp,0,0.2,aps,predclass,marginal,0.8,1.0,1.97625,0.0,1.0,0.04039688164422395
ACSIncome-CA,tabpfn_temp,0,0.2,aps,sex,marginal,0.8,1.0,1.97625,0.0,1.0,0.007344865267671308
ACSIncome-CA,tabpfn_temp,0,0.2,aps,age,marginal,0.8,1.0,1.97625,0.0,1.0,0.20141342756183755
ACSIncome-CA,tabpfn_temp,0,0.2,aps,race,marginal,0.8,1.0,1.97625,0.0,1.0,0.01370856648258556
ACSIncome-CA,tabpfn_temp,0,0.2,aps,predclass,mondrian,0.8,1.0,1.97625,0.0,1.0,0.04039688164422395
ACSIncome-CA,tabpfn_temp,0,0.2,aps,sex,mondrian,0.8,1.0,1.9808333333333332,0.0,1.0,0.021235183058567086
ACSIncome-CA,tabpfn_temp,0,0.2,aps,age,mondrian,0.8,1.0,1.9670833333333333,0.0,1.0,0.1766784452296819
ACSIncome-CA,tabpfn_temp,0,0.2,aps,race,mondrian,0.8,1.0,1.97625,0.0,1.0,0.06172839506172845
ACSIncome-CA,tabpfn_temp,1,0.05,lac,predclass,marginal,0.95,0.9554166666666667,1.3804166666666666,0.0016961592251413249,0.9547353760445683,0.15131647383811653
ACSIncome-CA,tabpfn_temp,1,0.05,lac,sex,marginal,0.95,0.9554166666666667,1.3804166666666666,0.008332641678273744,0.9515246286161063,0.012642989512184455
ACSIncome-CA,tabpfn_temp,1,0.05,lac,age,marginal,0.95,0.9554166666666667,1.3804166666666666,0.04554085155350984,0.9386363636363636,0.48794815432426275
ACSIncome-CA,tabpfn_temp,1,0.05,lac,race,marginal,0.95,0.9554166666666667,1.3804166666666666,0.022529274004683852,0.94,0.1414988290398127
ACSIncome-CA,tabpfn_temp,1,0.05,lac,predclass,mondrian,0.95,0.9554166666666667,1.3845833333333333,0.0016961592251413249,0.9547353760445683,0.16168991782151898
ACSIncome-CA,tabpfn_temp,1,0.05,lac,sex,mondrian,0.95,0.9545833333333333,1.3791666666666667,0.004874598869126556,0.9523064894448788,0.01012025033495867
ACSIncome-CA,tabpfn_temp,1,0.05,lac,age,mondrian,0.95,0.9558333333333333,1.3983333333333334,0.04339956450734894,0.9386363636363636,0.688622754491018
ACSIncome-CA,tabpfn_temp,1,0.05,lac,race,mondrian,0.95,0.9575,1.3933333333333333,0.038838359082354446,0.9354005167958657,0.17116279069767448
ACSIncome-CA,tabpfn_temp,1,0.05,aps,predclass,marginal,0.95,1.0,2.0,0.0,1.0,0.0
ACSIncome-CA,tabpfn_temp,1,0.05,aps,sex,marginal,0.95,1.0,2.0,0.0,1.0,0.0
ACSIncome-CA,tabpfn_temp,1,0.05,aps,age,marginal,0.95,1.0,2.0,0.0,1.0,0.0
ACSIncome-CA,tabpfn_temp,1,0.05,aps,race,marginal,0.95,1.0,2.0,0.0,1.0,0.0
ACSIncome-CA,tabpfn_temp,1,0.05,aps,predclass,mondrian,0.95,1.0,2.0,0.0,1.0,0.0
ACSIncome-CA,tabpfn_temp,1,0.05,aps,sex,mondrian,0.95,1.0,2.0,0.0,1.0,0.0
ACSIncome-CA,tabpfn_temp,1,0.05,aps,age,mondrian,0.95,1.0,1.9975,0.0,1.0,0.018987341772152
ACSIncome-CA,tabpfn_temp,1,0.05,aps,race,mondrian,0.95,1.0,2.0,0.0,1.0,0.0
ACSIncome-CA,tabpfn_temp,1,0.1,lac,predclass,marginal,0.9,0.9054166666666666,1.2025,0.00835943549971685,0.9004149377593361,0.0949906956853408
ACSIncome-CA,tabpfn_temp,1,0.1,lac,sex,marginal,0.9,0.9054166666666666,1.2025,0.005068494774923882,0.9030492572322126,0.006691501151867119
ACSIncome-CA,tabpfn_temp,1,0.1,lac,age,marginal,0.9,0.9054166666666666,1.2025,0.12013808975834295,0.8545454545454545,0.26809671795649215
ACSIncome-CA,tabpfn_temp,1,0.1,lac,race,marginal,0.9,0.9054166666666666,1.2025,0.02607580076127547,0.896640826873385,0.06606557377049183
ACSIncome-CA,tabpfn_temp,1,0.1,lac,predclass,mondrian,0.9,0.9075,1.21125,0.001438990279591712,0.9066390041493776,0.11850865127890997
ACSIncome-CA,tabpfn_temp,1,0.1,lac,sex,mondrian,0.9,0.90375,1.2020833333333334,0.008543276798959942,0.8991971454058876,0.02433114630841038
ACSIncome-CA,tabpfn_temp,1,0.1,lac,age,mondrian,0.9,0.9158333333333334,1.2358333333333333,0.09384349827387806,0.8681818181818182,0.5089820359281436
ACSIncome-CA,tabpfn_temp,1,0.1,lac,race,mondrian,0.9,0.9075,1.2091666666666667,0.0270440365751079,0.8863049095607235,0.0926744856758317
ACSIncome-CA,tabpfn_temp,1,0.1,aps,predclass,marginal,0.9,1.0,2.0,0.0,1.0,0.0
ACSIncome-CA,tabpfn_temp,1,0.1,aps,sex,marginal,0.9,1.0,2.0,0.0,1.0,0.0
ACSIncome-CA,tabpfn_temp,1,0.1,aps,age,marginal,0.9,1.0,2.0,0.0,1.0,0.0
ACSIncome-CA,tabpfn_temp,1,0.1,aps,race,marginal,0.9,1.0,2.0,0.0,1.0,0.0
ACSIncome-CA,tabpfn_temp,1,0.1,aps,predclass,mondrian,0.9,1.0,2.0,0.0,1.0,0.0
ACSIncome-CA,tabpfn_temp,1,0.1,aps,sex,mondrian,0.9,1.0,2.0,0.0,1.0,0.0
ACSIncome-CA,tabpfn_temp,1,0.1,aps,age,mondrian,0.9,1.0,1.9916666666666667,0.0,1.0,0.06329113924050622
ACSIncome-CA,tabpfn_temp,1,0.1,aps,race,mondrian,0.9,1.0,2.0,0.0,1.0,0.0
ACSIncome-CA,tabpfn_temp,1,0.2,lac,predclass,marginal,0.8,0.82,1.0,0.04417526786023884,0.7935684647302904,0.0
ACSIncome-CA,tabpfn_temp,1,0.2,lac,sex,marginal,0.8,0.82,1.0,0.013759634638736307,0.8126672613737734,0.0
ACSIncome-CA,tabpfn_temp,1,0.2,lac,age,marginal,0.8,0.82,1.0,0.21951034639581601,0.7425149700598802,0.0
ACSIncome-CA,tabpfn_temp,1,0.2,lac,race,marginal,0.8,0.82,1.0,0.04698364286622014,0.7984496124031008,0.0
ACSIncome-CA,tabpfn_temp,1,0.2,lac,predclass,mondrian,0.8,0.8254166666666667,1.0091666666666668,0.030689790681815543,0.8070539419087137,0.022821576763485396
ACSIncome-CA,tabpfn_temp,1,0.2,lac,sex,mondrian,0.8,0.8208333333333333,1.00125,0.015323356296281343,0.8126672613737734,0.0023455824863174435
ACSIncome-CA,tabpfn_temp,1,0.2,lac,age,mondrian,0.8,0.8354166666666667,1.0316666666666667,0.20293440736478718,0.759090909090909,0.2934131736526946
ACSIncome-CA,tabpfn_temp,1,0.2,lac,race,mondrian,0.8,0.82125,1.0025,0.05155038759689923,0.7984496124031008,0.030000000000000027
ACSIncome-CA,tabpfn_temp,1,0.2,aps,predclass,marginal,0.8,1.0,1.98625,0.0,1.0,0.022980501392757757
ACSIncome-CA,tabpfn_temp,1,0.2,aps,sex,marginal,0.8,1.0,1.98625,0.0,1.0,0.016046629872942253
ACSIncome-CA,tabpfn_temp,1,0.2,aps,age,marginal,0.8,1.0,1.98625,0.0,1.0,0.10443037974683533
ACSIncome-CA,tabpfn_temp,1,0.2,aps,race,marginal,0.8,1.0,1.98625,0.0,1.0,0.020632318501170976
ACSIncome-CA,tabpfn_temp,1,0.2,aps,predclass,mondrian,0.8,1.0,1.9854166666666666,0.0,1.0,0.024373259052924867
ACSIncome-CA,tabpfn_temp,1,0.2,aps,sex,mondrian,0.8,1.0,1.9854166666666666,0.0,1.0,0.031222123104371002
ACSIncome-CA,tabpfn_temp,1,0.2,aps,age,mondrian,0.8,1.0,1.9770833333333333,0.0,1.0,0.17405063291139244
ACSIncome-CA,tabpfn_temp,1,0.2,aps,race,mondrian,0.8,1.0,1.9929166666666667,0.0,1.0,0.03359173126614978
ACSIncome-CA,tabpfn_temp,2,0.05,lac,predclass,marginal,0.95,0.95375,1.44125,0.0028307747951662465,0.9520255863539445,0.14719591411712196
ACSIncome-CA,tabpfn_temp,2,0.05,lac,sex,marginal,0.95,0.95375,1.44125,0.000352418375525132,0.9535683576956148,0.006383151760249728
ACSIncome-CA,tabpfn_temp,2,0.05,lac,age,marginal,0.95,0.95375,1.44125,0.03833181222967341,0.9240506329113924,0.5513471687631444
ACSIncome-CA,tabpfn_temp,2,0.05,lac,race,marginal,0.95,0.95375,1.44125,0.027564649048025025,0.9313725490196079,0.14455969984550876
ACSIncome-CA,tabpfn_temp,2,0.05,lac,predclass,mondrian,0.95,0.9545833333333333,1.4479166666666667,0.0010515139759478265,0.9541723666210671,0.18350450211323688
ACSIncome-CA,tabpfn_temp,2,0.05,lac,sex,mondrian,0.95,0.9558333333333333,1.4570833333333333,0.011067466223096845,0.9501289767841788,0.06604264748917532
ACSIncome-CA,tabpfn_temp,2,0.05,lac,age,mondrian,0.95,0.9604166666666667,1.475,0.05009721836435055,0.9435736677115988,0.8989722630054364
ACSIncome-CA,tabpfn_temp,2,0.05,lac,race,mondrian,0.95,0.9570833333333333,1.455,0.04578481138648349,0.9313725490196079,0.23097672821795534
ACSIncome-CA,tabpfn_temp,2,0.05,aps,predclass,marginal,0.95,1.0,2.0,0.0,1.0,0.0
ACSIncome-CA,tabpfn_temp,2,0.05,aps,sex,marginal,0.95,1.0,2.0,0.0,1.0,0.0
ACSIncome-CA,tabpfn_temp,2,0.05,aps,age,marginal,0.95,1.0,2.0,0.0,1.0,0.0
ACSIncome-CA,tabpfn_temp,2,0.05,aps,race,marginal,0.95,1.0,2.0,0.0,1.0,0.0
ACSIncome-CA,tabpfn_temp,2,0.05,aps,predclass,mondrian,0.95,1.0,2.0,0.0,1.0,0.0
ACSIncome-CA,tabpfn_temp,2,0.05,aps,sex,mondrian,0.95,1.0,2.0,0.0,1.0,0.0
ACSIncome-CA,tabpfn_temp,2,0.05,aps,age,mondrian,0.95,1.0,2.0,0.0,1.0,0.0
ACSIncome-CA,tabpfn_temp,2,0.05,aps,race,mondrian,0.95,1.0,2.0,0.0,1.0,0.0
ACSIncome-CA,tabpfn_temp,2,0.1,lac,predclass,marginal,0.9,0.9141666666666667,1.2679166666666666,0.009605091602763904,0.908315565031983,0.11847106076029856
ACSIncome-CA,tabpfn_temp,2,0.1,lac,sex,marginal,0.9,0.9141666666666667,1.2679166666666666,0.011384434229486207,0.9086499595796281,0.005984161331154425
ACSIncome-CA,tabpfn_temp,2,0.1,lac,age,marginal,0.9,0.9141666666666667,1.2679166666666666,0.1174754970040871,0.8417721518987342,0.29155589063926035
ACSIncome-CA,tabpfn_temp,2,0.1,lac,race,marginal,0.9,0.9141666666666667,1.2679166666666666,0.010569165501851385,0.9082125603864735,0.16965046888320545
ACSIncome-CA,tabpfn_temp,2,0.1,lac,predclass,mondrian,0.9,0.9166666666666666,1.275,0.0032085031166232403,0.9147121535181236,0.14534519118303324
ACSIncome-CA,tabpfn_temp,2,0.1,lac,sex,mondrian,0.9,0.91625,1.2729166666666667,0.0073423970427440866,0.9126919967663703,0.02235806124016504
ACSIncome-CA,tabpfn_temp,2,0.1,lac,age,mondrian,0.9,0.9191666666666667,1.2941666666666667,0.02577233243197974,0.9083969465648855,0.6265822784810127
ACSIncome-CA,tabpfn_temp,2,0.1,lac,race,mondrian,0.9,0.9170833333333334,1.2783333333333333,0.030751121900978395,0.9057971014492754,0.23088945723216825
ACSIncome-CA,tabpfn_temp,2,0.1,aps,predclass,marginal,0.9,1.0,2.0,0.0,1.0,0.0
ACSIncome-CA,tabpfn_temp,2,0.1,aps,sex,marginal,0.9,1.0,2.0,0.0,1.0,0.0
ACSIncome-CA,tabpfn_temp,2,0.1,aps,age,marginal,0.9,1.0,2.0,0.0,1.0,0.0
ACSIncome-CA,tabpfn_temp,2,0.1,aps,race,marginal,0.9,1.0,2.0,0.0,1.0,0.0
ACSIncome-CA,tabpfn_temp,2,0.1,aps,predclass,mondrian,0.9,1.0,2.0,0.0,1.0,0.0
ACSIncome-CA,tabpfn_temp,2,0.1,aps,sex,mondrian,0.9,1.0,2.0,0.0,1.0,0.0
ACSIncome-CA,tabpfn_temp,2,0.1,aps,age,mondrian,0.9,1.0,1.9929166666666667,0.0,1.0,0.053291536050156685
ACSIncome-CA,tabpfn_temp,2,0.1,aps,race,mondrian,0.9,1.0,2.0,0.0,1.0,0.0
ACSIncome-CA,tabpfn_temp,2,0.2,lac,predclass,marginal,0.8,0.8079166666666666,1.0045833333333334,0.05919834091220655,0.7718550106609808,0.004726708454988904
ACSIncome-CA,tabpfn_temp,2,0.2,lac,sex,marginal,0.8,0.8079166666666666,1.0045833333333334,0.01900626359365254,0.7987065481002426,0.0011170341804118689
ACSIncome-CA,tabpfn_temp,2,0.2,lac,age,marginal,0.8,0.8079166666666666,1.0045833333333334,0.25062497519939686,0.6835443037974683,0.012658227848101333
ACSIncome-CA,tabpfn_temp,2,0.2,lac,race,marginal,0.8,0.8079166666666666,1.0045833333333334,0.0473746545598106,0.7647058823529411,0.006040268456375841
ACSIncome-CA,tabpfn_temp,2,0.2,lac,predclass,mondrian,0.8,0.8241666666666667,1.0395833333333333,0.010620145316022955,0.8176972281449894,0.1012793176972282
ACSIncome-CA,tabpfn_temp,2,0.2,lac,sex,mondrian,0.8,0.8108333333333333,1.015,0.005006148206176619,0.8084074373484236,0.029102667744543176
ACSIncome-CA,tabpfn_temp,2,0.2,lac,age,mondrian,0.8,0.8358333333333333,1.0695833333333333,0.13670092456648542,0.7974683544303798,0.25316455696202533
ACSIncome-CA,tabpfn_temp,2,0.2,lac,race,mondrian,0.8,0.8158333333333333,1.0275,0.008270920468177456,0.8091787439613527,0.0980392156862746
ACSIncome-CA,tabpfn_temp,2,0.2,aps,predclass,marginal,0.8,1.0,2.0,0.0,1.0,0.0
ACSIncome-CA,tabpfn_temp,2,0.2,aps,sex,marginal,0.8,1.0,2.0,0.0,1.0,0.0
ACSIncome-CA,tabpfn_temp,2,0.2,aps,age,marginal,0.8,1.0,2.0,0.0,1.0,0.0
ACSIncome-CA,tabpfn_temp,2,0.2,aps,race,marginal,0.8,1.0,2.0,0.0,1.0,0.0
ACSIncome-CA,tabpfn_temp,2,0.2,aps,predclass,mondrian,0.8,1.0,1.985,0.0,1.0,0.024623803009576006
ACSIncome-CA,tabpfn_temp,2,0.2,aps,sex,mondrian,0.8,1.0,1.9983333333333333,0.0,1.0,0.0034393809114359186
ACSIncome-CA,tabpfn_temp,2,0.2,aps,age,mondrian,0.8,1.0,1.98125,0.0,1.0,0.12539184952978055
ACSIncome-CA,tabpfn_temp,2,0.2,aps,race,mondrian,0.8,1.0,1.9970833333333333,0.0,1.0,0.01690821256038655
ACSIncome-CA,tabpfn_temp,3,0.05,lac,predclass,marginal,0.95,0.95625,1.4420833333333334,0.005543906879621696,0.9529652351738241,0.18231040701336587
ACSIncome-CA,tabpfn_temp,3,0.05,lac,sex,marginal,0.95,0.95625,1.4420833333333334,0.015281670154406624,0.9490994518402506,0.010945762099644929
ACSIncome-CA,tabpfn_temp,3,0.05,lac,age,marginal,0.95,0.95625,1.4420833333333334,0.02868549585899338,0.9388235294117647,0.49376088341473756
ACSIncome-CA,tabpfn_temp,3,0.05,lac,race,marginal,0.95,0.95625,1.4420833333333334,0.0360634648370497,0.9457547169811321,0.10216557635912493
ACSIncome-CA,tabpfn_temp,3,0.05,lac,predclass,mondrian,0.95,0.9575,1.4508333333333334,0.007653611520971881,0.9529652351738241,0.16754247452391446
ACSIncome-CA,tabpfn_temp,3,0.05,lac,sex,mondrian,0.95,0.9595833333333333,1.4545833333333333,0.0043714711475233425,0.9572573463935886,0.08785687737915349
ACSIncome-CA,tabpfn_temp,3,0.05,lac,age,mondrian,0.95,0.965,1.4891666666666667,0.026790844844441497,0.9520451339915373,0.7828204687410465
ACSIncome-CA,tabpfn_temp,3,0.05,lac,race,mondrian,0.95,0.9595833333333333,1.4616666666666667,0.045154373927958846,0.9457547169811321,0.08887886307241133
ACSIncome-CA,tabpfn_temp,3,0.05,aps,predclass,marginal,0.95,1.0,2.0,0.0,1.0,0.0
ACSIncome-CA,tabpfn_temp,3,0.05,aps,sex,marginal,0.95,1.0,2.0,0.0,1.0,0.0
ACSIncome-CA,tabpfn_temp,3,0.05,aps,age,marginal,0.95,1.0,2.0,0.0,1.0,0.0
ACSIncome-CA,tabpfn_temp,3,0.05,aps,race,marginal,0.95,1.0,2.0,0.0,1.0,0.0
ACSIncome-CA,tabpfn_temp,3,0.05,aps,predclass,mondrian,0.95,1.0,2.0,0.0,1.0,0.0
ACSIncome-CA,tabpfn_temp,3,0.05,aps,sex,mondrian,0.95,1.0,2.0,0.0,1.0,0.0
ACSIncome-CA,tabpfn_temp,3,0.05,aps,age,mondrian,0.95,1.0,2.0,0.0,1.0,0.0
ACSIncome-CA,tabpfn_temp,3,0.05,aps,race,mondrian,0.95,1.0,2.0,0.0,1.0,0.0
ACSIncome-CA,tabpfn_temp,3,0.1,lac,predclass,marginal,0.9,0.9141666666666667,1.2516666666666667,0.01562648304901937,0.9049079754601227,0.11194809004857942
ACSIncome-CA,tabpfn_temp,3,0.1,lac,sex,marginal,0.9,0.9141666666666667,1.2516666666666667,0.017389655044973362,0.9060297572435395,0.001040394792168442
ACSIncome-CA,tabpfn_temp,3,0.1,lac,age,marginal,0.9,0.9141666666666667,1.2516666666666667,0.0697812699086855,0.8941176470588236,0.30649394775960936
ACSIncome-CA,tabpfn_temp,3,0.1,lac,race,marginal,0.9,0.9141666666666667,1.2516666666666667,0.04686963979416803,0.8985849056603774,0.04195804195804187
ACSIncome-CA,tabpfn_temp,3,0.1,lac,predclass,mondrian,0.9,0.9179166666666667,1.265,0.006424029061289249,0.9141104294478528,0.1446679264493973
ACSIncome-CA,tabpfn_temp,3,0.1,lac,sex,mondrian,0.9,0.91625,1.2608333333333333,0.006608459413794732,0.9127337488869101,0.080189892969037
ACSIncome-CA,tabpfn_temp,3,0.1,lac,age,mondrian,0.9,0.9254166666666667,1.2891666666666666,0.03903164153748151,0.9176470588235294,0.4761904761904763
ACSIncome-CA,tabpfn_temp,3,0.1,lac,race,mondrian,0.9,0.9154166666666667,1.255,0.03938035488552827,0.8985849056603774,0.02666365892172351
ACSIncome-CA,tabpfn_temp,3,0.1,aps,predclass,marginal,0.9,1.0,2.0,0.0,1.0,0.0
ACSIncome-CA,tabpfn_temp,3,0.1,aps,sex,marginal,0.9,1.0,2.0,0.0,1.0,0.0
ACSIncome-CA,tabpfn_temp,3,0.1,aps,age,marginal,0.9,1.0,2.0,0.0,1.0,0.0
ACSIncome-CA,tabpfn_temp,3,0.1,aps,race,marginal,0.9,1.0,2.0,0.0,1.0,0.0
ACSIncome-CA,tabpfn_temp,3,0.1,aps,predclass,mondrian,0.9,1.0,2.0,0.0,1.0,0.0
ACSIncome-CA,tabpfn_temp,3,0.1,aps,sex,mondrian,0.9,1.0,2.0,0.0,1.0,0.0
ACSIncome-CA,tabpfn_temp,3,0.1,aps,age,mondrian,0.9,1.0,1.99625,0.0,1.0,0.032490974729241895
ACSIncome-CA,tabpfn_temp,3,0.1,aps,race,mondrian,0.9,1.0,2.0,0.0,1.0,0.0
ACSIncome-CA,tabpfn_temp,3,0.2,lac,predclass,marginal,0.8,0.82875,1.02375,0.05611641773014764,0.7955010224948875,0.013413234621590497
ACSIncome-CA,tabpfn_temp,3,0.2,lac,sex,marginal,0.8,0.82875,1.02375,0.02730199550789325,0.8159749412685983,0.00614404726125839
ACSIncome-CA,tabpfn_temp,3,0.2,lac,age,marginal,0.8,0.82875,1.02375,0.1772200255954769,0.783068783068783,0.025279783393501676
ACSIncome-CA,tabpfn_temp,3,0.2,lac,race,marginal,0.8,0.82875,1.02375,0.05691979961608695,0.8066037735849056,0.013267240975701089
ACSIncome-CA,tabpfn_temp,3,0.2,lac,predclass,mondrian,0.8,0.8320833333333333,1.0341666666666667,0.028953431182211165,0.8149284253578732,0.08384458077709622
ACSIncome-CA,tabpfn_temp,3,0.2,lac,sex,mondrian,0.8,0.8320833333333333,1.0291666666666666,0.0026281822866510707,0.8308535630383712,0.054815974941268664
ACSIncome-CA,tabpfn_temp,3,0.2,lac,age,mondrian,0.8,0.8479166666666667,1.0670833333333334,0.13314928859630504,0.8235294117647058,0.1428571428571428
ACSIncome-CA,tabpfn_temp,3,0.2,lac,race,mondrian,0.8,0.83125,1.0295833333333333,0.037314481015028766,0.8113207547169812,0.03964456596035548
ACSIncome-CA,tabpfn_temp,3,0.2,aps,predclass,marginal,0.8,1.0,2.0,0.0,1.0,0.0
ACSIncome-CA,tabpfn_temp,3,0.2,aps,sex,marginal,0.8,1.0,2.0,0.0,1.0,0.0
ACSIncome-CA,tabpfn_temp,3,0.2,aps,age,marginal,0.8,1.0,2.0,0.0,1.0,0.0
ACSIncome-CA,tabpfn_temp,3,0.2,aps,race,marginal,0.8,1.0,2.0,0.0,1.0,0.0
ACSIncome-CA,tabpfn_temp,3,0.2,aps,predclass,mondrian,0.8,1.0,1.9966666666666666,0.0,1.0,0.005625879043600568
ACSIncome-CA,tabpfn_temp,3,0.2,aps,sex,mondrian,0.8,1.0,1.9995833333333333,0.0,1.0,0.0008904719501334757
ACSIncome-CA,tabpfn_temp,3,0.2,aps,age,mondrian,0.8,1.0,1.9841666666666666,0.0,1.0,0.13718411552346566
ACSIncome-CA,tabpfn_temp,3,0.2,aps,race,mondrian,0.8,1.0,1.99625,0.0,1.0,0.045454545454545414
ACSIncome-CA,tabpfn_temp,4,0.05,lac,predclass,marginal,0.95,0.93625,1.3370833333333334,0.013195975520132186,0.9283489096573209,0.10820179631761384
ACSIncome-CA,tabpfn_temp,4,0.05,lac,sex,marginal,0.95,0.93625,1.3370833333333334,0.00025720182536626,0.9361135758651287,0.0018519925474200782
ACSIncome-CA,tabpfn_temp,4,0.05,lac,age,marginal,0.95,0.93625,1.3370833333333334,0.07557932263814615,0.8941176470588236,0.43606654783125376
ACSIncome-CA,tabpfn_temp,4,0.05,lac,race,marginal,0.95,0.93625,1.3370833333333334,0.06772898493259327,0.8865979381443299,0.14189967000076753
ACSIncome-CA,tabpfn_temp,4,0.05,lac,predclass,mondrian,0.95,0.9420833333333334,1.36625,0.02215371674720401,0.9331941544885177,0.2572012044823393
ACSIncome-CA,tabpfn_temp,4,0.05,lac,sex,mondrian,0.95,0.9395833333333333,1.3491666666666666,0.0199244286669209,0.9290150842945873,0.07446027695548318
ACSIncome-CA,tabpfn_temp,4,0.05,lac,age,mondrian,0.95,0.94625,1.375,0.06884531590413934,0.8941176470588236,0.46215092097445054
ACSIncome-CA,tabpfn_temp,4,0.05,lac,race,mondrian,0.95,0.9420833333333334,1.3758333333333332,0.06083961141950833,0.9175257731958762,0.22132971783786548
ACSIncome-CA,tabpfn_temp,4,0.05,aps,predclass,marginal,0.95,1.0,2.0,0.0,1.0,0.0
ACSIncome-CA,tabpfn_temp,4,0.05,aps,sex,marginal,0.95,1.0,2.0,0.0,1.0,0.0
ACSIncome-CA,tabpfn_temp,4,0.05,aps,age,marginal,0.95,1.0,2.0,0.0,1.0,0.0
ACSIncome-CA,tabpfn_temp,4,0.05,aps,race,marginal,0.95,1.0,2.0,0.0,1.0,0.0
ACSIncome-CA,tabpfn_temp,4,0.05,aps,predclass,mondrian,0.95,1.0,2.0,0.0,1.0,0.0
ACSIncome-CA,tabpfn_temp,4,0.05,aps,sex,mondrian,0.95,1.0,2.0,0.0,1.0,0.0
ACSIncome-CA,tabpfn_temp,4,0.05,aps,age,mondrian,0.95,1.0,2.0,0.0,1.0,0.0
ACSIncome-CA,tabpfn_temp,4,0.05,aps,race,mondrian,0.95,1.0,2.0,0.0,1.0,0.0
ACSIncome-CA,tabpfn_temp,4,0.1,lac,predclass,marginal,0.9,0.8866666666666667,1.1833333333333333,0.02750624895670073,0.8701973001038421,0.0753560225200911
ACSIncome-CA,tabpfn_temp,4,0.1,lac,sex,marginal,0.9,0.8866666666666667,1.1833333333333333,0.009579896714995928,0.8821681068342498,0.010678406408159091
ACSIncome-CA,tabpfn_temp,4,0.1,lac,age,marginal,0.9,0.8866666666666667,1.1833333333333333,0.16296296296296287,0.8,0.2487225193107545
ACSIncome-CA,tabpfn_temp,4,0.1,lac,race,marginal,0.9,0.8866666666666667,1.1833333333333333,0.1203409992069786,0.7835051546391752,0.09319280652835693
ACSIncome-CA,tabpfn_temp,4,0.1,lac,predclass,mondrian,0.9,0.8825,1.1708333333333334,0.0002644831630451705,0.8823938761308281,0.14132506064685657
ACSIncome-CA,tabpfn_temp,4,0.1,lac,sex,mondrian,0.9,0.88625,1.17875,0.008035988738881561,0.8819875776397516,0.04592202672250312
ACSIncome-CA,tabpfn_temp,4,0.1,lac,age,mondrian,0.9,0.8908333333333334,1.195,0.13018419489007715,0.8294117647058824,0.3294117647058823
ACSIncome-CA,tabpfn_temp,4,0.1,lac,race,mondrian,0.9,0.8858333333333334,1.1808333333333334,0.17359734337827115,0.7422680412371134,0.10061272126045528
ACSIncome-CA,tabpfn_temp,4,0.1,aps,predclass,marginal,0.9,1.0,2.0,0.0,1.0,0.0
ACSIncome-CA,tabpfn_temp,4,0.1,aps,sex,marginal,0.9,1.0,2.0,0.0,1.0,0.0
ACSIncome-CA,tabpfn_temp,4,0.1,aps,age,marginal,0.9,1.0,2.0,0.0,1.0,0.0
ACSIncome-CA,tabpfn_temp,4,0.1,aps,race,marginal,0.9,1.0,2.0,0.0,1.0,0.0
ACSIncome-CA,tabpfn_temp,4,0.1,aps,predclass,mondrian,0.9,1.0,2.0,0.0,1.0,0.0
ACSIncome-CA,tabpfn_temp,4,0.1,aps,sex,mondrian,0.9,1.0,2.0,0.0,1.0,0.0
ACSIncome-CA,tabpfn_temp,4,0.1,aps,age,mondrian,0.9,1.0,1.9958333333333333,0.0,1.0,0.03367003367003374
ACSIncome-CA,tabpfn_temp,4,0.1,aps,race,mondrian,0.9,1.0,2.0,0.0,1.0,0.0
ACSIncome-CA,tabpfn_temp,4,0.2,lac,predclass,marginal,0.8,0.8104166666666667,1.0,0.061448977512427394,0.7736240913811008,0.0
ACSIncome-CA,tabpfn_temp,4,0.2,lac,sex,marginal,0.8,0.8104166666666667,1.0,0.001104782908415869,0.809897879025923,0.0
ACSIncome-CA,tabpfn_temp,4,0.2,lac,age,marginal,0.8,0.8104166666666667,1.0,0.2713606654783125,0.6882352941176471,0.0
ACSIncome-CA,tabpfn_temp,4,0.2,lac,race,marginal,0.8,0.8104166666666667,1.0,0.11706019288327241,0.7216494845360825,0.0
ACSIncome-CA,tabpfn_temp,4,0.2,lac,predclass,mondrian,0.8,0.8191666666666667,1.0166666666666666,0.039642123929872874,0.7954309449636553,0.04153686396677059
ACSIncome-CA,tabpfn_temp,4,0.2,lac,sex,mondrian,0.8,0.8104166666666667,1.0,0.001104782908415869,0.809897879025923,0.0
ACSIncome-CA,tabpfn_temp,4,0.2,lac,age,mondrian,0.8,0.81625,1.0095833333333333,0.2360665478312537,0.7235294117647059,0.04705882352941182
ACSIncome-CA,tabpfn_temp,4,0.2,lac,race,mondrian,0.8,0.8108333333333333,1.00125,0.11706019288327241,0.7216494845360825,0.007211538461538547
ACSIncome-CA,tabpfn_temp,4,0.2,aps,predclass,marginal,0.8,1.0,1.9870833333333333,0.0,1.0,0.021572720946416046
ACSIncome-CA,tabpfn_temp,4,0.2,aps,sex,marginal,0.8,1.0,1.9870833333333333,0.0,1.0,0.005759508626019594
ACSIncome-CA,tabpfn_temp,4,0.2,aps,age,marginal,0.8,1.0,1.9870833333333333,0.0,1.0,0.10437710437710446
ACSIncome-CA,tabpfn_temp,4,0.2,aps,race,marginal,0.8,1.0,1.9870833333333333,0.0,1.0,0.013407018239492308
ACSIncome-CA,tabpfn_temp,4,0.2,aps,predclass,mondrian,0.8,1.0,1.9841666666666666,0.0,1.0,0.026443980514961662
ACSIncome-CA,tabpfn_temp,4,0.2,aps,sex,mondrian,0.8,1.0,1.9904166666666667,0.0,1.0,0.015389591063038166
ACSIncome-CA,tabpfn_temp,4,0.2,aps,age,mondrian,0.8,1.0,1.9833333333333334,0.0,1.0,0.10437710437710446
ACSIncome-CA,tabpfn_temp,4,0.2,aps,race,mondrian,0.8,1.0,1.9879166666666668,0.0,1.0,0.020618556701030855
ACSIncome-CA,xgboost,0,0.05,lac,predclass,marginal,0.95,0.9575,1.45375,0.004220999793422386,0.9557007988380537,0.1939083008026714
ACSIncome-CA,xgboost,0,0.05,lac,sex,marginal,0.95,0.9575,1.45375,0.007315669323960994,0.9539579967689822,0.018781333503874897
ACSIncome-CA,xgboost,0,0.05,lac,age,marginal,0.95,0.9575,1.45375,0.07373000493939741,0.9086021505376344,0.49060986781834837
ACSIncome-CA,xgboost,0,0.05,lac,race,marginal,0.95,0.9575,1.45375,0.044911578244911654,0.9279279279279279,0.08623689315210936
ACSIncome-CA,xgboost,0,0.05,lac,predclass,mondrian,0.95,0.95625,1.4420833333333334,0.009807116068975663,0.9520697167755992,0.25172449777130357
ACSIncome-CA,xgboost,0,0.05,lac,sex,mondrian,0.95,0.9595833333333333,1.46125,0.005064801092206417,0.9569707401032702,0.09671781981375771
ACSIncome-CA,xgboost,0,0.05,lac,age,mondrian,0.95,0.9591666666666666,1.4658333333333333,0.029047192353643947,0.9408602150537635,0.6721949922109502
ACSIncome-CA,xgboost,0,0.05,lac,race,mondrian,0.95,0.95625,1.46625,0.05053090980019259,0.9404600811907984,0.273994562898487
ACSIncome-CA,xgboost,0,0.05,aps,predclass,marginal,0.95,1.0,2.0,0.0,1.0,0.0
ACSIncome-CA,xgboost,0,0.05,aps,sex,marginal,0.95,1.0,2.0,0.0,1.0,0.0
ACSIncome-CA,xgboost,0,0.05,aps,age,marginal,0.95,1.0,2.0,0.0,1.0,0.0
ACSIncome-CA,xgboost,0,0.05,aps,race,marginal,0.95,1.0,2.0,0.0,1.0,0.0
ACSIncome-CA,xgboost,0,0.05,aps,predclass,mondrian,0.95,1.0,2.0,0.0,1.0,0.0
ACSIncome-CA,xgboost,0,0.05,aps,sex,mondrian,0.95,1.0,2.0,0.0,1.0,0.0
ACSIncome-CA,xgboost,0,0.05,aps,age,mondrian,0.95,1.0,2.0,0.0,1.0,0.0
ACSIncome-CA,xgboost,0,0.05,aps,race,mondrian,0.95,1.0,2.0,0.0,1.0,0.0
ACSIncome-CA,xgboost,0,0.1,lac,predclass,marginal,0.9,0.9079166666666667,1.2529166666666667,0.02521312641489748,0.8934506353861192,0.11119629778706308
ACSIncome-CA,xgboost,0,0.1,lac,sex,marginal,0.9,0.9079166666666667,1.2529166666666667,0.02669482453237837,0.8949919224555735,0.029845205887014448
ACSIncome-CA,xgboost,0,0.1,lac,age,marginal,0.9,0.9079166666666667,1.2529166666666667,0.10614005091378853,0.8655913978494624,0.29814962574565884
ACSIncome-CA,xgboost,0,0.1,lac,race,marginal,0.9,0.9079166666666667,1.2529166666666667,0.05291958625291959,0.8828828828828829,0.06686686686686683
ACSIncome-CA,xgboost,0,0.1,lac,predclass,mondrian,0.9,0.91,1.26125,0.006934195422493961,0.9070442992011619,0.2176370493891051
ACSIncome-CA,xgboost,0,0.1,lac,sex,mondrian,0.9,0.9079166666666667,1.2541666666666667,0.02669482453237837,0.8949919224555735,0.028931789933794638
ACSIncome-CA,xgboost,0,0.1,lac,age,mondrian,0.9,0.9116666666666666,1.2725,0.059899692237546986,0.8870967741935484,0.424731182795699
ACSIncome-CA,xgboost,0,0.1,lac,race,mondrian,0.9,0.91125,1.265,0.04334519454050356,0.8998646820027063,0.11165845648604256
ACSIncome-CA,xgboost,0,0.1,aps,predclass,marginal,0.9,1.0,2.0,0.0,1.0,0.0
ACSIncome-CA,xgboost,0,0.1,aps,sex,marginal,0.9,1.0,2.0,0.0,1.0,0.0
ACSIncome-CA,xgboost,0,0.1,aps,age,marginal,0.9,1.0,2.0,0.0,1.0,0.0
ACSIncome-CA,xgboost,0,0.1,aps,race,marginal,0.9,1.0,2.0,0.0,1.0,0.0
ACSIncome-CA,xgboost,0,0.1,aps,predclass,mondrian,0.9,1.0,2.0,0.0,1.0,0.0
ACSIncome-CA,xgboost,0,0.1,aps,sex,mondrian,0.9,1.0,2.0,0.0,1.0,0.0
ACSIncome-CA,xgboost,0,0.1,aps,age,mondrian,0.9,1.0,1.995,0.0,1.0,0.042402826855123754
ACSIncome-CA,xgboost,0,0.1,aps,race,mondrian,0.9,1.0,2.0,0.0,1.0,0.0
ACSIncome-CA,xgboost,0,0.2,lac,predclass,marginal,0.8,0.8108333333333333,1.0045833333333334,0.07749005977974988,0.7663734115347018,0.0005302870578012264
ACSIncome-CA,xgboost,0,0.2,lac,sex,marginal,0.8,0.8108333333333333,1.0045833333333334,0.03638926812720533,0.7932148626817448,0.0005436006662236093
ACSIncome-CA,xgboost,0,0.2,lac,age,marginal,0.8,0.8108333333333333,1.0045833333333334,0.22656635890421362,0.7204301075268817,0.00694444444444442
ACSIncome-CA,xgboost,0,0.2,lac,race,marginal,0.8,0.8108333333333333,1.0045833333333334,0.0721388054721388,0.7747747747747747,0.006089309878213767
ACSIncome-CA,xgboost,0,0.2,lac,predclass,mondrian,0.8,0.8358333333333333,1.06,0.013727832829667053,0.8279569892473119,0.1407624633431086
ACSIncome-CA,xgboost,0,0.2,lac,sex,mondrian,0.8,0.8116666666666666,1.0066666666666666,0.033105419601322406,0.7956381260096931,0.01292407108239102
ACSIncome-CA,xgboost,0,0.2,lac,age,mondrian,0.8,0.8295833333333333,1.0441666666666667,0.1483853553199842,0.7986111111111112,0.22043010752688175
ACSIncome-CA,xgboost,0,0.2,lac,race,mondrian,0.8,0.8141666666666667,1.01375,0.042448086336223434,0.8044654939106901,0.09009009009009006
ACSIncome-CA,xgboost,0,0.2,aps,predclass,marginal,0.8,1.0,2.0,0.0,1.0,0.0
ACSIncome-CA,xgboost,0,0.2,aps,sex,marginal,0.8,1.0,2.0,0.0,1.0,0.0
ACSIncome-CA,xgboost,0,0.2,aps,age,marginal,0.8,1.0,2.0,0.0,1.0,0.0
ACSIncome-CA,xgboost,0,0.2,aps,race,marginal,0.8,1.0,2.0,0.0,1.0,0.0
ACSIncome-CA,xgboost,0,0.2,aps,predclass,mondrian,0.8,1.0,1.9895833333333333,0.0,1.0,0.018155410312272968
ACSIncome-CA,xgboost,0,0.2,aps,sex,mondrian,0.8,1.0,2.0,0.0,1.0,0.0
ACSIncome-CA,xgboost,0,0.2,aps,age,mondrian,0.8,1.0,1.985,0.0,1.0,0.12720848056537104
ACSIncome-CA,xgboost,0,0.2,aps,race,mondrian,0.8,1.0,1.99875,0.0,1.0,0.00738916256157629
ACSIncome-CA,xgboost,1,0.05,lac,predclass,marginal,0.95,0.95375,1.4354166666666666,0.005667833254040078,0.9514899514899515,0.21082210737383145
ACSIncome-CA,xgboost,1,0.05,lac,sex,marginal,0.95,0.95375,1.4354166666666666,0.006438320526671482,0.9507427677873339,0.03163362880372511
ACSIncome-CA,xgboost,1,0.05,lac,age,marginal,0.95,0.95375,1.4354166666666666,0.03872266973532801,0.9454545454545454,0.5439816569392861
ACSIncome-CA,xgboost,1,0.05,lac,race,marginal,0.95,0.95375,1.4354166666666666,0.027370816162276324,0.9328165374677002,0.12231850117096021
ACSIncome-CA,xgboost,1,0.05,lac,predclass,mondrian,0.95,0.95625,1.4433333333333334,0.0037039692212106345,0.9540229885057471,0.16811023707575434
ACSIncome-CA,xgboost,1,0.05,lac,sex,mondrian,0.95,0.9554166666666667,1.45375,0.0017108872551104826,0.9545049063336307,0.019507462551237698
ACSIncome-CA,xgboost,1,0.05,lac,age,mondrian,0.95,0.955,1.46,0.017869324641855533,0.9462025316455697,0.7365269461077844
ACSIncome-CA,xgboost,1,0.05,lac,race,mondrian,0.95,0.9575,1.4608333333333334,0.029431524547803622,0.9405684754521964,0.08440281030444963
ACSIncome-CA,xgboost,1,0.05,aps,predclass,marginal,0.95,1.0,2.0,0.0,1.0,0.0
ACSIncome-CA,xgboost,1,0.05,aps,sex,marginal,0.95,1.0,2.0,0.0,1.0,0.0
ACSIncome-CA,xgboost,1,0.05,aps,age,marginal,0.95,1.0,2.0,0.0,1.0,0.0
ACSIncome-CA,xgboost,1,0.05,aps,race,marginal,0.95,1.0,2.0,0.0,1.0,0.0
ACSIncome-CA,xgboost,1,0.05,aps,predclass,mondrian,0.95,1.0,2.0,0.0,1.0,0.0
ACSIncome-CA,xgboost,1,0.05,aps,sex,mondrian,0.95,1.0,2.0,0.0,1.0,0.0
ACSIncome-CA,xgboost,1,0.05,aps,age,mondrian,0.95,1.0,2.0,0.0,1.0,0.0
ACSIncome-CA,xgboost,1,0.05,aps,race,mondrian,0.95,1.0,2.0,0.0,1.0,0.0
ACSIncome-CA,xgboost,1,0.1,lac,predclass,marginal,0.9,0.8983333333333333,1.2329166666666667,0.015128704783877178,0.8892371995820272,0.11313725106828554
ACSIncome-CA,xgboost,1,0.1,lac,sex,marginal,0.9,0.8983333333333333,1.2329166666666667,5.3007513814984364e-05,0.8983050847457628,0.033311735096344774
ACSIncome-CA,xgboost,1,0.1,lac,age,marginal,0.9,0.8983333333333333,1.2329166666666667,0.10291442431592512,0.8622754491017964,0.28289623285075427
ACSIncome-CA,xgboost,1,0.1,lac,race,marginal,0.9,0.8983333333333333,1.2329166666666667,0.04674763538659843,0.875968992248062,0.01889636608344558
ACSIncome-CA,xgboost,1,0.1,lac,predclass,mondrian,0.9,0.8995833333333333,1.2383333333333333,0.011993908545632648,0.8923719958202717,0.12672136810067847
ACSIncome-CA,xgboost,1,0.1,lac,sex,mondrian,0.9,0.8983333333333333,1.24375,0.023487908358378218,0.8858162355040142,0.06569095642991618
ACSIncome-CA,xgboost,1,0.1,lac,age,mondrian,0.9,0.9108333333333334,1.28125,0.06573217201959713,0.8863636363636364,0.658682634730539
ACSIncome-CA,xgboost,1,0.1,lac,race,mondrian,0.9,0.905,1.2575,0.055058548009367714,0.87,0.06927321668909836
ACSIncome-CA,xgboost,1,0.1,aps,predclass,marginal,0.9,1.0,2.0,0.0,1.0,0.0
ACSIncome-CA,xgboost,1,0.1,aps,sex,marginal,0.9,1.0,2.0,0.0,1.0,0.0
ACSIncome-CA,xgboost,1,0.1,aps,age,marginal,0.9,1.0,2.0,0.0,1.0,0.0
ACSIncome-CA,xgboost,1,0.1,aps,race,marginal,0.9,1.0,2.0,0.0,1.0,0.0
ACSIncome-CA,xgboost,1,0.1,aps,predclass,mondrian,0.9,1.0,2.0,0.0,1.0,0.0
ACSIncome-CA,xgboost,1,0.1,aps,sex,mondrian,0.9,1.0,2.0,0.0,1.0,0.0
ACSIncome-CA,xgboost,1,0.1,aps,age,mondrian,0.9,1.0,1.9933333333333334,0.0,1.0,0.05063291139240511
ACSIncome-CA,xgboost,1,0.1,aps,race,mondrian,0.9,1.0,2.0,0.0,1.0,0.0
ACSIncome-CA,xgboost,1,0.2,lac,predclass,marginal,0.8,0.8008333333333333,1.0204166666666667,0.05456674422191665,0.768025078369906,0.006015419808523159
ACSIncome-CA,xgboost,1,0.2,lac,sex,marginal,0.8,0.8008333333333333,1.0204166666666667,0.01629423075984182,0.792149866190901,0.0152543070348643
ACSIncome-CA,xgboost,1,0.2,lac,age,marginal,0.8,0.8008333333333333,1.0204166666666667,0.21566360948988106,0.7305389221556886,0.030223390275952777
ACSIncome-CA,xgboost,1,0.2,lac,race,marginal,0.8,0.8008333333333333,1.0204166666666667,0.05497763980417436,0.7881136950904393,0.01929815006444824
ACSIncome-CA,xgboost,1,0.2,lac,predclass,mondrian,0.8,0.81375,1.0416666666666667,0.00041927628134519335,0.8135828135828136,0.10449320794148376
ACSIncome-CA,xgboost,1,0.2,lac,sex,mondrian,0.8,0.8020833333333334,1.02375,0.023661577712851267,0.7894736842105263,0.0023037344490950407
ACSIncome-CA,xgboost,1,0.2,lac,age,mondrian,0.8,0.8225,1.065,0.19392980437284235,0.7522727272727273,0.3173652694610778
ACSIncome-CA,xgboost,1,0.2,lac,race,mondrian,0.8,0.8091666666666667,1.03375,0.050293799054759836,0.7881136950904393,0.08000000000000007
ACSIncome-CA,xgboost,1,0.2,aps,predclass,marginal,0.8,1.0,2.0,0.0,1.0,0.0
ACSIncome-CA,xgboost,1,0.2,aps,sex,marginal,0.8,1.0,2.0,0.0,1.0,0.0
ACSIncome-CA,xgboost,1,0.2,aps,age,marginal,0.8,1.0,2.0,0.0,1.0,0.0
ACSIncome-CA,xgboost,1,0.2,aps,race,marginal,0.8,1.0,2.0,0.0,1.0,0.0
ACSIncome-CA,xgboost,1,0.2,aps,predclass,mondrian,0.8,1.0,1.9891666666666667,0.0,1.0,0.018018018018018056
ACSIncome-CA,xgboost,1,0.2,aps,sex,mondrian,0.8,1.0,2.0,0.0,1.0,0.0
ACSIncome-CA,xgboost,1,0.2,aps,age,mondrian,0.8,1.0,1.9766666666666666,0.0,1.0,0.17721518987341778
ACSIncome-CA,xgboost,1,0.2,aps,race,mondrian,0.8,1.0,1.9983333333333333,0.0,1.0,0.00936768149882905
ACSIncome-CA,xgboost,2,0.05,lac,predclass,marginal,0.95,0.9458333333333333,1.4633333333333334,0.008107542629982145,0.9409282700421941,0.16696307145098865
ACSIncome-CA,xgboost,2,0.05,lac,sex,marginal,0.95,0.9458333333333333,1.4633333333333334,0.004997806942850569,0.9434114793856103,0.0019073688805537614
ACSIncome-CA,xgboost,2,0.05,lac,age,marginal,0.95,0.9458333333333333,1.4633333333333334,0.07317169953573277,0.8860759493670886,0.5229554382762587
ACSIncome-CA,xgboost,2,0.05,lac,race,marginal,0.95,0.9458333333333333,1.4633333333333334,0.030122193805058317,0.9215686274509803,0.14762716680875232
ACSIncome-CA,xgboost,2,0.05,lac,predclass,mondrian,0.95,0.9470833333333334,1.4725,0.005518359661052408,0.9449035812672176,0.21806674338319887
ACSIncome-CA,xgboost,2,0.05,lac,sex,mondrian,0.95,0.95125,1.4833333333333334,0.00884799507309375,0.9466895958727429,0.05024220943382973
ACSIncome-CA,xgboost,2,0.05,lac,age,mondrian,0.95,0.955,1.5016666666666667,0.05430998367594586,0.9341692789968652,0.8101265822784811
ACSIncome-CA,xgboost,2,0.05,lac,race,mondrian,0.95,0.95,1.4825,0.05305066188912122,0.9215686274509803,0.2644621005909904
ACSIncome-CA,xgboost,2,0.05,aps,predclass,marginal,0.95,1.0,2.0,0.0,1.0,0.0
ACSIncome-CA,xgboost,2,0.05,aps,sex,marginal,0.95,1.0,2.0,0.0,1.0,0.0
ACSIncome-CA,xgboost,2,0.05,aps,age,marginal,0.95,1.0,2.0,0.0,1.0,0.0
ACSIncome-CA,xgboost,2,0.05,aps,race,marginal,0.95,1.0,2.0,0.0,1.0,0.0
ACSIncome-CA,xgboost,2,0.05,aps,predclass,mondrian,0.95,1.0,2.0,0.0,1.0,0.0
ACSIncome-CA,xgboost,2,0.05,aps,sex,mondrian,0.95,1.0,2.0,0.0,1.0,0.0
ACSIncome-CA,xgboost,2,0.05,aps,age,mondrian,0.95,1.0,1.9991666666666668,0.0,1.0,0.006269592476489061
ACSIncome-CA,xgboost,2,0.05,aps,race,mondrian,0.95,1.0,2.0,0.0,1.0,0.0
ACSIncome-CA,xgboost,2,0.1,lac,predclass,marginal,0.9,0.9025,1.28625,0.018429403354604634,0.8913502109704642,0.11095128500191787
ACSIncome-CA,xgboost,2,0.1,lac,sex,marginal,0.9,0.9025,1.28625,0.007327799831923554,0.898949070331447,0.006520782605129671
ACSIncome-CA,xgboost,2,0.1,lac,age,marginal,0.9,0.9025,1.28625,0.13013372485218844,0.8291139240506329,0.28723295147977534
ACSIncome-CA,xgboost,2,0.1,lac,race,marginal,0.9,0.9025,1.28625,0.02627650044789487,0.8823529411764706,0.13086104006820132
ACSIncome-CA,xgboost,2,0.1,lac,predclass,mondrian,0.9,0.9066666666666666,1.3,0.018272483174669563,0.8994490358126722,0.23293928932594077
ACSIncome-CA,xgboost,2,0.1,lac,sex,mondrian,0.9,0.9041666666666667,1.28625,0.01592486189995901,0.8959587274290628,0.0782556472090481
ACSIncome-CA,xgboost,2,0.1,lac,age,mondrian,0.9,0.9070833333333334,1.3041666666666667,0.05442244355382719,0.879746835443038,0.5949367088607596
ACSIncome-CA,xgboost,2,0.1,lac,race,mondrian,0.9,0.9004166666666666,1.2858333333333334,0.0363165604878547,0.8926174496644296,0.30448991190679164
ACSIncome-CA,xgboost,2,0.1,aps,predclass,marginal,0.9,1.0,2.0,0.0,1.0,0.0
ACSIncome-CA,xgboost,2,0.1,aps,sex,marginal,0.9,1.0,2.0,0.0,1.0,0.0
ACSIncome-CA,xgboost,2,0.1,aps,age,marginal,0.9,1.0,2.0,0.0,1.0,0.0
ACSIncome-CA,xgboost,2,0.1,aps,race,marginal,0.9,1.0,2.0,0.0,1.0,0.0
ACSIncome-CA,xgboost,2,0.1,aps,predclass,mondrian,0.9,1.0,2.0,0.0,1.0,0.0
ACSIncome-CA,xgboost,2,0.1,aps,sex,mondrian,0.9,1.0,2.0,0.0,1.0,0.0
ACSIncome-CA,xgboost,2,0.1,aps,age,mondrian,0.9,1.0,1.9933333333333334,0.0,1.0,0.050156739811912265
ACSIncome-CA,xgboost,2,0.1,aps,race,mondrian,0.9,1.0,2.0,0.0,1.0,0.0
ACSIncome-CA,xgboost,2,0.2,lac,predclass,marginal,0.8,0.80875,1.0345833333333334,0.05526205670049167,0.7753164556962026,0.01955399797747326
ACSIncome-CA,xgboost,2,0.2,lac,sex,marginal,0.8,0.80875,1.0345833333333334,0.019057701384163073,0.799514955537591,0.0013005419735845347
ACSIncome-CA,xgboost,2,0.2,lac,age,marginal,0.8,0.80875,1.0345833333333334,0.20312686004523628,0.7341772151898734,0.0507519542875281
ACSIncome-CA,xgboost,2,0.2,lac,race,marginal,0.8,0.80875,1.0345833333333334,0.07345836885478829,0.7647058823529411,0.015462560863271468
ACSIncome-CA,xgboost,2,0.2,lac,predclass,mondrian,0.8,0.81875,1.0495833333333333,0.005535795236600749,0.8154008438818565,0.12552742616033763
ACSIncome-CA,xgboost,2,0.2,lac,sex,mondrian,0.8,0.80875,1.0366666666666666,0.0009613305983258158,0.8082545141874462,0.04778431717375753
ACSIncome-CA,xgboost,2,0.2,lac,age,mondrian,0.8,0.8241666666666667,1.0754166666666667,0.1556882663386373,0.7784810126582279,0.2142857142857142
ACSIncome-CA,xgboost,2,0.2,lac,race,mondrian,0.8,0.8141666666666667,1.0491666666666666,0.049436173474602274,0.8033557046979866,0.1348394430235862
ACSIncome-CA,xgboost,2,0.2,aps,predclass,marginal,0.8,1.0,2.0,0.0,1.0,0.0
ACSIncome-CA,xgboost,2,0.2,aps,sex,marginal,0.8,1.0,2.0,0.0,1.0,0.0
ACSIncome-CA,xgboost,2,0.2,aps,age,marginal,0.8,1.0,2.0,0.0,1.0,0.0
ACSIncome-CA,xgboost,2,0.2,aps,race,marginal,0.8,1.0,2.0,0.0,1.0,0.0
ACSIncome-CA,xgboost,2,0.2,aps,predclass,mondrian,0.8,1.0,1.99375,0.0,1.0,0.010330578512396604
ACSIncome-CA,xgboost,2,0.2,aps,sex,mondrian,0.8,1.0,2.0,0.0,1.0,0.0
ACSIncome-CA,xgboost,2,0.2,aps,age,mondrian,0.8,0.9995833333333334,1.97625,0.0031347962382445305,0.9968652037617555,0.17868338557993724
ACSIncome-CA,xgboost,2,0.2,aps,race,mondrian,0.8,1.0,2.0,0.0,1.0,0.0
ACSIncome-CA,xgboost,3,0.05,lac,predclass,marginal,0.95,0.9541666666666667,1.4779166666666668,0.005428571428571449,0.951,0.20757142857142852
ACSIncome-CA,xgboost,3,0.05,lac,sex,marginal,0.95,0.9541666666666667,1.4779166666666668,0.012502867710176058,0.9483163664839468,0.014560645881549927
ACSIncome-CA,xgboost,3,0.05,lac,age,marginal,0.95,0.9541666666666667,1.4779166666666668,0.02753662299572801,0.9435825105782792,0.4858950944998939
ACSIncome-CA,xgboost,3,0.05,lac,race,marginal,0.95,0.9541666666666667,1.4779166666666668,0.024614065180103006,0.9481132075471698,0.09280631115688953
ACSIncome-CA,xgboost,3,0.05,lac,predclass,mondrian,0.95,0.95625,1.48875,0.0004285714285714448,0.956,0.23357142857142854
ACSIncome-CA,xgboost,3,0.05,lac,sex,mondrian,0.95,0.955,1.47125,0.0008953531589439567,0.9545810493343775,0.07901491627680923
ACSIncome-CA,xgboost,3,0.05,lac,age,mondrian,0.95,0.9570833333333333,1.4975,0.03659771168796444,0.9422382671480144,0.7089947089947091
ACSIncome-CA,xgboost,3,0.05,lac,race,mondrian,0.95,0.9583333333333334,1.5091666666666668,0.045154373927958846,0.9457547169811321,0.19377990430622005
ACSIncome-CA,xgboost,3,0.05,aps,predclass,marginal,0.95,1.0,2.0,0.0,1.0,0.0
ACSIncome-CA,xgboost,3,0.05,aps,sex,marginal,0.95,1.0,2.0,0.0,1.0,0.0
ACSIncome-CA,xgboost,3,0.05,aps,age,marginal,0.95,1.0,2.0,0.0,1.0,0.0
ACSIncome-CA,xgboost,3,0.05,aps,race,marginal,0.95,1.0,2.0,0.0,1.0,0.0
ACSIncome-CA,xgboost,3,0.05,aps,predclass,mondrian,0.95,1.0,2.0,0.0,1.0,0.0
ACSIncome-CA,xgboost,3,0.05,aps,sex,mondrian,0.95,1.0,2.0,0.0,1.0,0.0
ACSIncome-CA,xgboost,3,0.05,aps,age,mondrian,0.95,1.0,2.0,0.0,1.0,0.0
ACSIncome-CA,xgboost,3,0.05,aps,race,mondrian,0.95,1.0,2.0,0.0,1.0,0.0
ACSIncome-CA,xgboost,3,0.1,lac,predclass,marginal,0.9,0.9145833333333333,1.3008333333333333,0.02671428571428569,0.899,0.12200000000000011
ACSIncome-CA,xgboost,3,0.1,lac,sex,marginal,0.9,0.9145833333333333,1.3008333333333333,0.0048916685436076746,0.9122944400939702,0.029849289191399953
ACSIncome-CA,xgboost,3,0.1,lac,age,marginal,0.9,0.9145833333333333,1.3008333333333333,0.09810326055813423,0.873015873015873,0.3210617965597793
ACSIncome-CA,xgboost,3,0.1,lac,race,marginal,0.9,0.9145833333333333,1.3008333333333333,0.019652137272344272,0.9009433962264151,0.05387651397838167
ACSIncome-CA,xgboost,3,0.1,lac,predclass,mondrian,0.9,0.9154166666666667,1.30375,0.028142857142857136,0.899,0.11700000000000021
ACSIncome-CA,xgboost,3,0.1,lac,sex,mondrian,0.9,0.91125,1.2929166666666667,0.018967680121834918,0.9011576135351737,0.09697497543705991
ACSIncome-CA,xgboost,3,0.1,lac,age,mondrian,0.9,0.9220833333333334,1.32625,0.05076081521779685,0.9069111424541608,0.5714285714285714
ACSIncome-CA,xgboost,3,0.1,lac,race,mondrian,0.9,0.9154166666666667,1.3033333333333332,0.03181328713891096,0.8962264150943396,0.03402539735307131
ACSIncome-CA,xgboost,3,0.1,aps,predclass,marginal,0.9,1.0,2.0,0.0,1.0,0.0
ACSIncome-CA,xgboost,3,0.1,aps,sex,marginal,0.9,1.0,2.0,0.0,1.0,0.0
ACSIncome-CA,xgboost,3,0.1,aps,age,marginal,0.9,1.0,2.0,0.0,1.0,0.0
ACSIncome-CA,xgboost,3,0.1,aps,race,marginal,0.9,1.0,2.0,0.0,1.0,0.0
ACSIncome-CA,xgboost,3,0.1,aps,predclass,mondrian,0.9,1.0,2.0,0.0,1.0,0.0
ACSIncome-CA,xgboost,3,0.1,aps,sex,mondrian,0.9,1.0,2.0,0.0,1.0,0.0
ACSIncome-CA,xgboost,3,0.1,aps,age,mondrian,0.9,1.0,1.99625,0.0,1.0,0.032490974729241895
ACSIncome-CA,xgboost,3,0.1,aps,race,mondrian,0.9,1.0,2.0,0.0,1.0,0.0
ACSIncome-CA,xgboost,3,0.2,lac,predclass,marginal,0.8,0.80875,1.0279166666666666,0.0852857142857143,0.759,0.010428571428571454
ACSIncome-CA,xgboost,3,0.2,lac,sex,marginal,0.8,0.80875,1.0279166666666666,0.029745389175291903,0.7948316366483946,0.0027606722400772554
ACSIncome-CA,xgboost,3,0.2,lac,age,marginal,0.8,0.80875,1.0279166666666666,0.1998166294195175,0.746031746031746,0.0528604799320449
ACSIncome-CA,xgboost,3,0.2,lac,race,marginal,0.8,0.80875,1.0279166666666666,0.03620838990589448,0.7900943396226415,0.024250791653168458
ACSIncome-CA,xgboost,3,0.2,lac,predclass,mondrian,0.8,0.8166666666666667,1.0495833333333333,0.03199999999999992,0.798,0.119
ACSIncome-CA,xgboost,3,0.2,lac,sex,mondrian,0.8,0.81375,1.0358333333333334,0.010307021061021326,0.8089271730618638,0.035547751819819284
ACSIncome-CA,xgboost,3,0.2,lac,age,mondrian,0.8,0.8354166666666667,1.0854166666666667,0.14694414950095558,0.7952941176470588,0.3015873015873016
ACSIncome-CA,xgboost,3,0.2,lac,race,mondrian,0.8,0.8141666666666667,1.0404166666666668,0.027096041991771846,0.7924528301886793,0.05741626794258381
ACSIncome-CA,xgboost,3,0.2,aps,predclass,marginal,0.8,1.0,2.0,0.0,1.0,0.0
ACSIncome-CA,xgboost,3,0.2,aps,sex,marginal,0.8,1.0,2.0,0.0,1.0,0.0
ACSIncome-CA,xgboost,3,0.2,aps,age,marginal,0.8,1.0,2.0,0.0,1.0,0.0
ACSIncome-CA,xgboost,3,0.2,aps,race,marginal,0.8,1.0,2.0,0.0,1.0,0.0
ACSIncome-CA,xgboost,3,0.2,aps,predclass,mondrian,0.8,1.0,1.9983333333333333,0.0,1.0,0.0028571428571428914
ACSIncome-CA,xgboost,3,0.2,aps,sex,mondrian,0.8,1.0,2.0,0.0,1.0,0.0
ACSIncome-CA,xgboost,3,0.2,aps,age,mondrian,0.8,1.0,1.9804166666666667,0.0,1.0,0.16967509025270755
ACSIncome-CA,xgboost,3,0.2,aps,race,mondrian,0.8,1.0,1.99875,0.0,1.0,0.018181818181818077
ACSIncome-CA,xgboost,4,0.05,lac,predclass,marginal,0.95,0.9379166666666666,1.3979166666666667,0.0012382111085225134,0.9374120956399438,0.18782411362204776
ACSIncome-CA,xgboost,4,0.05,lac,sex,marginal,0.95,0.9379166666666666,1.3979166666666667,0.010090815246143525,0.9325643300798581,0.005935158653098904
ACSIncome-CA,xgboost,4,0.05,lac,age,marginal,0.95,0.9379166666666666,1.3979166666666667,0.09071103188750251,0.8823529411764706,0.44864329570211914
ACSIncome-CA,xgboost,4,0.05,lac,race,marginal,0.95,0.9379166666666666,1.3979166666666667,0.05432196669310074,0.9072164948453608,0.20357627075285878
ACSIncome-CA,xgboost,4,0.05,lac,predclass,mondrian,0.95,0.9395833333333333,1.40625,0.013956839498502904,0.9338959212376934,0.2341599578921938
ACSIncome-CA,xgboost,4,0.05,lac,sex,mondrian,0.95,0.9379166666666666,1.4066666666666667,0.02180081705143544,0.9263531499556344,0.044018454405226004
ACSIncome-CA,xgboost,4,0.05,lac,age,mondrian,0.95,0.9404166666666667,1.4129166666666666,0.047831253713606636,0.9117647058823529,0.5756189344424638
ACSIncome-CA,xgboost,4,0.05,lac,race,mondrian,0.95,0.9420833333333334,1.4254166666666668,0.05528846153846145,0.9230769230769231,0.29311094625361345
ACSIncome-CA,xgboost,4,0.05,aps,predclass,marginal,0.95,1.0,2.0,0.0,1.0,0.0
ACSIncome-CA,xgboost,4,0.05,aps,sex,marginal,0.95,1.0,2.0,0.0,1.0,0.0
ACSIncome-CA,xgboost,4,0.05,aps,age,marginal,0.95,1.0,2.0,0.0,1.0,0.0
ACSIncome-CA,xgboost,4,0.05,aps,race,marginal,0.95,1.0,2.0,0.0,1.0,0.0
ACSIncome-CA,xgboost,4,0.05,aps,predclass,mondrian,0.95,1.0,2.0,0.0,1.0,0.0
ACSIncome-CA,xgboost,4,0.05,aps,sex,mondrian,0.95,1.0,2.0,0.0,1.0,0.0
ACSIncome-CA,xgboost,4,0.05,aps,age,mondrian,0.95,1.0,2.0,0.0,1.0,0.0
ACSIncome-CA,xgboost,4,0.05,aps,race,mondrian,0.95,1.0,2.0,0.0,1.0,0.0
ACSIncome-CA,xgboost,4,0.1,lac,predclass,marginal,0.9,0.8804166666666666,1.1954166666666666,0.032870837755515914,0.8609406952965235,0.09126090445497148
ACSIncome-CA,xgboost,4,0.1,lac,sex,marginal,0.9,0.8804166666666666,1.1954166666666666,0.0003840601782568731,0.8802129547471162,0.007083854068284712
ACSIncome-CA,xgboost,4,0.1,lac,age,marginal,0.9,0.8804166666666666,1.1954166666666666,0.16884531590413943,0.7941176470588235,0.2260051495345612
ACSIncome-CA,xgboost,4,0.1,lac,race,marginal,0.9,0.8804166666666666,1.1954166666666666,0.09801249008723245,0.7938144329896907,0.15504847663144972
ACSIncome-CA,xgboost,4,0.1,lac,predclass,mondrian,0.9,0.87875,1.2020833333333334,0.0007204921781298612,0.878323108384458,0.1973587705901132
ACSIncome-CA,xgboost,4,0.1,lac,sex,mondrian,0.9,0.88125,1.20125,0.03206658530074136,0.8642413487133984,0.10674293967048887
ACSIncome-CA,xgboost,4,0.1,lac,age,mondrian,0.9,0.88625,1.225,0.15622895622895616,0.8,0.28823529411764715
ACSIncome-CA,xgboost,4,0.1,lac,race,mondrian,0.9,0.8816666666666667,1.1958333333333333,0.07910388580491678,0.8247422680412371,0.24783198178608878
ACSIncome-CA,xgboost,4,0.1,aps,predclass,marginal,0.9,1.0,2.0,0.0,1.0,0.0
ACSIncome-CA,xgboost,4,0.1,aps,sex,marginal,0.9,1.0,2.0,0.0,1.0,0.0
ACSIncome-CA,xgboost,4,0.1,aps,age,marginal,0.9,1.0,2.0,0.0,1.0,0.0
ACSIncome-CA,xgboost,4,0.1,aps,race,marginal,0.9,1.0,2.0,0.0,1.0,0.0
ACSIncome-CA,xgboost,4,0.1,aps,predclass,mondrian,0.9,1.0,2.0,0.0,1.0,0.0
ACSIncome-CA,xgboost,4,0.1,aps,sex,mondrian,0.9,1.0,2.0,0.0,1.0,0.0
ACSIncome-CA,xgboost,4,0.1,aps,age,mondrian,0.9,1.0,1.9945833333333334,0.0,1.0,0.04377104377104368
ACSIncome-CA,xgboost,4,0.1,aps,race,mondrian,0.9,1.0,2.0,0.0,1.0,0.0
ACSIncome-CA,xgboost,4,0.2,lac,predclass,marginal,0.8,0.8008333333333333,1.0029166666666667,0.07457741192306688,0.7566462167689162,0.0019802749087518556
ACSIncome-CA,xgboost,4,0.2,lac,sex,marginal,0.8,0.8008333333333333,1.0029166666666667,0.007593378551598251,0.7968056787932565,0.002153106879556166
ACSIncome-CA,xgboost,4,0.2,lac,age,marginal,0.8,0.8008333333333333,1.0029166666666667,0.25622895622895625,0.7,0.004784688995215225
ACSIncome-CA,xgboost,4,0.2,lac,race,marginal,0.8,0.8008333333333333,1.0029166666666667,0.14837174797267916,0.6804123711340206,0.00496277915632759
ACSIncome-CA,xgboost,4,0.2,lac,predclass,mondrian,0.8,0.8166666666666667,1.0375,0.03227114666114439,0.7975460122699386,0.09202453987730053
ACSIncome-CA,xgboost,4,0.2,lac,sex,mondrian,0.8,0.80875,1.0225,0.02251875168592654,0.7968056787932565,0.04241948153967012
ACSIncome-CA,xgboost,4,0.2,lac,age,mondrian,0.8,0.8129166666666666,1.02625,0.2385818974054268,0.7176470588235294,0.05980861244019131
ACSIncome-CA,xgboost,4,0.2,lac,race,mondrian,0.8,0.805,1.0095833333333333,0.15852993655828707,0.6804123711340206,0.03846153846153855
ACSIncome-CA,xgboost,4,0.2,aps,predclass,marginal,0.8,1.0,2.0,0.0,1.0,0.0
ACSIncome-CA,xgboost,4,0.2,aps,sex,marginal,0.8,1.0,2.0,0.0,1.0,0.0
ACSIncome-CA,xgboost,4,0.2,aps,age,marginal,0.8,1.0,2.0,0.0,1.0,0.0
ACSIncome-CA,xgboost,4,0.2,aps,race,marginal,0.8,1.0,2.0,0.0,1.0,0.0
ACSIncome-CA,xgboost,4,0.2,aps,predclass,mondrian,0.8,1.0,1.98,0.0,1.0,0.03375527426160341
ACSIncome-CA,xgboost,4,0.2,aps,sex,mondrian,0.8,1.0,1.9920833333333334,0.0,1.0,0.01685891748003554
ACSIncome-CA,xgboost,4,0.2,aps,age,mondrian,0.8,1.0,1.98375,0.0,1.0,0.13131313131313127
ACSIncome-CA,xgboost,4,0.2,aps,race,mondrian,0.8,1.0,1.9929166666666667,0.0,1.0,0.020618556701030855
ACSIncome-CA,lightgbm,0,0.05,lac,predclass,marginal,0.95,0.9595833333333333,1.4566666666666668,0.014128352490421547,0.9513888888888888,0.17733990147783252
ACSIncome-CA,lightgbm,0,0.05,lac,sex,marginal,0.95,0.9595833333333333,1.4566666666666668,0.011618595313633961,0.9539579967689822,0.0077522181965803405
ACSIncome-CA,lightgbm,0,0.05,lac,age,marginal,0.95,0.9595833333333333,1.4566666666666668,0.052224628595311406,0.9301075268817204,0.5334739161822257
ACSIncome-CA,lightgbm,0,0.05,lac,race,marginal,0.95,0.9595833333333333,1.4566666666666668,0.012946279612946254,0.954954954954955,0.07599964496516232
ACSIncome-CA,lightgbm,0,0.05,lac,predclass,mondrian,0.95,0.9545833333333333,1.4366666666666668,0.00037629994526544586,0.9543650793650794,0.23405856595511754
ACSIncome-CA,lightgbm,0,0.05,lac,sex,mondrian,0.95,0.9591666666666666,1.4445833333333333,0.0009203673683888525,0.9586919104991394,0.07775435923245255
ACSIncome-CA,lightgbm,0,0.05,lac,age,mondrian,0.95,0.9620833333333333,1.4779166666666668,0.06675627240143378,0.9193548387096774,0.6920069362648869
ACSIncome-CA,lightgbm,0,0.05,lac,race,mondrian,0.95,0.9554166666666667,1.47375,0.05188408977312897,0.939106901217862,0.2663387338624146
ACSIncome-CA,lightgbm,0,0.05,aps,predclass,marginal,0.95,1.0,2.0,0.0,1.0,0.0
ACSIncome-CA,lightgbm,0,0.05,aps,sex,marginal,0.95,1.0,2.0,0.0,1.0,0.0
ACSIncome-CA,lightgbm,0,0.05,aps,age,marginal,0.95,1.0,2.0,0.0,1.0,0.0
ACSIncome-CA,lightgbm,0,0.05,aps,race,marginal,0.95,1.0,2.0,0.0,1.0,0.0
ACSIncome-CA,lightgbm,0,0.05,aps,predclass,mondrian,0.95,1.0,2.0,0.0,1.0,0.0
ACSIncome-CA,lightgbm,0,0.05,aps,sex,mondrian,0.95,1.0,2.0,0.0,1.0,0.0
ACSIncome-CA,lightgbm,0,0.05,aps,age,mondrian,0.95,1.0,2.0,0.0,1.0,0.0
ACSIncome-CA,lightgbm,0,0.05,aps,race,mondrian,0.95,1.0,2.0,0.0,1.0,0.0
ACSIncome-CA,lightgbm,0,0.1,lac,predclass,marginal,0.9,0.91,1.2591666666666668,0.0227148330596606,0.8968253968253969,0.11590038314176243
ACSIncome-CA,lightgbm,0,0.1,lac,sex,marginal,0.9,0.91,1.2591666666666668,0.017651033397379057,0.901453957996769,0.03195148468325182
ACSIncome-CA,lightgbm,0,0.1,lac,age,marginal,0.9,0.91,1.2591666666666668,0.0829438808465367,0.8817204301075269,0.37142368631027023
ACSIncome-CA,lightgbm,0,0.1,lac,race,marginal,0.9,0.91,1.2591666666666668,0.03897230563897236,0.8918918918918919,0.0795292829775589
ACSIncome-CA,lightgbm,0,0.1,lac,predclass,mondrian,0.9,0.9045833333333333,1.2504166666666667,0.017412424740010923,0.8972701149425287,0.23019293924466333
ACSIncome-CA,lightgbm,0,0.1,lac,sex,mondrian,0.9,0.9125,1.2675,0.0011261292573943038,0.9119547657512116,0.06979498886383273
ACSIncome-CA,lightgbm,0,0.1,lac,age,mondrian,0.9,0.91125,1.2725,0.054523348151525486,0.8924731182795699,0.4731182795698925
ACSIncome-CA,lightgbm,0,0.1,lac,race,mondrian,0.9,0.9133333333333333,1.2695833333333333,0.037493108805693454,0.9032476319350473,0.12889983579638753
ACSIncome-CA,lightgbm,0,0.1,aps,predclass,marginal,0.9,1.0,2.0,0.0,1.0,0.0
ACSIncome-CA,lightgbm,0,0.1,aps,sex,marginal,0.9,1.0,2.0,0.0,1.0,0.0
ACSIncome-CA,lightgbm,0,0.1,aps,age,marginal,0.9,1.0,2.0,0.0,1.0,0.0
ACSIncome-CA,lightgbm,0,0.1,aps,race,marginal,0.9,1.0,2.0,0.0,1.0,0.0
ACSIncome-CA,lightgbm,0,0.1,aps,predclass,mondrian,0.9,1.0,2.0,0.0,1.0,0.0
ACSIncome-CA,lightgbm,0,0.1,aps,sex,mondrian,0.9,1.0,2.0,0.0,1.0,0.0
ACSIncome-CA,lightgbm,0,0.1,aps,age,mondrian,0.9,1.0,1.9945833333333334,0.0,1.0,0.04593639575971742
ACSIncome-CA,lightgbm,0,0.1,aps,race,mondrian,0.9,1.0,2.0,0.0,1.0,0.0
ACSIncome-CA,lightgbm,0,0.2,lac,predclass,marginal,0.8,0.8079166666666666,1.0,0.06906814449917897,0.7678571428571429,0.0
ACSIncome-CA,lightgbm,0,0.2,lac,sex,marginal,0.8,0.8079166666666666,1.0,0.03203351138224719,0.7924071082390953,0.0
ACSIncome-CA,lightgbm,0,0.2,lac,age,marginal,0.8,0.8079166666666666,1.0,0.22656635890421362,0.7204301075268817,0.0
ACSIncome-CA,lightgbm,0,0.2,lac,race,marginal,0.8,0.8079166666666666,1.0,0.061820441130786,0.7657657657657657,0.0
ACSIncome-CA,lightgbm,0,0.2,lac,predclass,mondrian,0.8,0.8325,1.0495833333333333,0.010536398467433039,0.8263888888888888,0.11805555555555558
ACSIncome-CA,lightgbm,0,0.2,lac,sex,mondrian,0.8,0.8108333333333333,1.0054166666666666,0.02637923028370115,0.7980613893376414,0.01050080775444262
ACSIncome-CA,lightgbm,0,0.2,lac,age,mondrian,0.8,0.8233333333333334,1.03125,0.15301498494961385,0.7939814814814815,0.17204301075268824
ACSIncome-CA,lightgbm,0,0.2,lac,race,mondrian,0.8,0.8141666666666667,1.01,0.054096721891038535,0.8017591339648173,0.14414414414414423
ACSIncome-CA,lightgbm,0,0.2,aps,predclass,marginal,0.8,1.0,1.9945833333333334,0.0,1.0,0.009339080459770166
ACSIncome-CA,lightgbm,0,0.2,aps,sex,marginal,0.8,1.0,1.9945833333333334,0.0,1.0,0.0021591095515225422
ACSIncome-CA,lightgbm,0,0.2,aps,age,marginal,0.8,1.0,1.9945833333333334,0.0,1.0,0.04593639575971742
ACSIncome-CA,lightgbm,0,0.2,aps,race,marginal,0.8,1.0,1.9945833333333334,0.0,1.0,0.00738916256157629
ACSIncome-CA,lightgbm,0,0.2,aps,predclass,mondrian,0.8,1.0,1.9866666666666666,0.0,1.0,0.02298850574712641
ACSIncome-CA,lightgbm,0,0.2,aps,sex,mondrian,0.8,1.0,1.9966666666666666,0.0,1.0,0.0068846815834766595
ACSIncome-CA,lightgbm,0,0.2,aps,age,mondrian,0.8,1.0,1.9879166666666668,0.0,1.0,0.10247349823321561
ACSIncome-CA,lightgbm,0,0.2,aps,race,mondrian,0.8,1.0,1.9929166666666667,0.0,1.0,0.022167487684729092
ACSIncome-CA,lightgbm,1,0.05,lac,predclass,marginal,0.95,0.9529166666666666,1.43375,0.0046211520438325104,0.951048951048951,0.23749549419652505
ACSIncome-CA,lightgbm,1,0.05,lac,sex,marginal,0.95,0.9529166666666666,1.43375,0.0163716496287033,0.9452697419859265,0.02639146467432818
ACSIncome-CA,lightgbm,1,0.05,lac,age,marginal,0.95,0.9529166666666666,1.43375,0.04688092170090197,0.9341317365269461,0.47528992647616164
ACSIncome-CA,lightgbm,1,0.05,lac,race,marginal,0.95,0.9529166666666666,1.43375,0.017276957803072923,0.9405684754521964,0.1123185011709602
ACSIncome-CA,lightgbm,1,0.05,lac,predclass,mondrian,0.95,0.955,1.4458333333333333,0.0075264941244322925,0.9505154639175257,0.17396006055799873
ACSIncome-CA,lightgbm,1,0.05,lac,sex,mondrian,0.95,0.95375,1.4345833333333333,0.0030904775488767022,0.9523064894448788,0.045476959516906224
ACSIncome-CA,lightgbm,1,0.05,lac,age,mondrian,0.95,0.9566666666666667,1.4625,0.021735857893152244,0.9483240223463687,0.7305389221556886
ACSIncome-CA,lightgbm,1,0.05,lac,race,mondrian,0.95,0.9591666666666666,1.4683333333333333,0.01955503512880563,0.95,0.0830564784053156
ACSIncome-CA,lightgbm,1,0.05,aps,predclass,marginal,0.95,1.0,2.0,0.0,1.0,0.0
ACSIncome-CA,lightgbm,1,0.05,aps,sex,marginal,0.95,1.0,2.0,0.0,1.0,0.0
ACSIncome-CA,lightgbm,1,0.05,aps,age,marginal,0.95,1.0,2.0,0.0,1.0,0.0
ACSIncome-CA,lightgbm,1,0.05,aps,race,marginal,0.95,1.0,2.0,0.0,1.0,0.0
ACSIncome-CA,lightgbm,1,0.05,aps,predclass,mondrian,0.95,1.0,2.0,0.0,1.0,0.0
ACSIncome-CA,lightgbm,1,0.05,aps,sex,mondrian,0.95,1.0,2.0,0.0,1.0,0.0
ACSIncome-CA,lightgbm,1,0.05,aps,age,mondrian,0.95,1.0,1.9941666666666666,0.0,1.0,0.044303797468354444
ACSIncome-CA,lightgbm,1,0.05,aps,race,mondrian,0.95,1.0,2.0,0.0,1.0,0.0
ACSIncome-CA,lightgbm,1,0.1,lac,predclass,marginal,0.9,0.90375,1.2325,0.0062937062937062915,0.9,0.1219378559584745
ACSIncome-CA,lightgbm,1,0.1,lac,sex,marginal,0.9,0.90375,1.2325,0.0015002521344242847,0.9030492572322126,0.02237614550283551
ACSIncome-CA,lightgbm,1,0.1,lac,age,marginal,0.9,0.90375,1.2325,0.10009095732585471,0.8682634730538922,0.25860304707041615
ACSIncome-CA,lightgbm,1,0.1,lac,race,marginal,0.9,0.90375,1.2325,0.028527131782945747,0.8914728682170543,0.0762529274004684
ACSIncome-CA,lightgbm,1,0.1,lac,predclass,mondrian,0.9,0.90375,1.2329166666666667,0.0062937062937062915,0.9,0.12296878379352605
ACSIncome-CA,lightgbm,1,0.1,lac,sex,mondrian,0.9,0.90625,1.2383333333333333,0.016582284749389498,0.8974130240856378,0.03376578630020788
ACSIncome-CA,lightgbm,1,0.1,lac,age,mondrian,0.9,0.9116666666666666,1.2583333333333333,0.06616800920598387,0.8863636363636364,0.5508982035928143
ACSIncome-CA,lightgbm,1,0.1,lac,race,mondrian,0.9,0.9070833333333334,1.2395833333333333,0.05966753202742525,0.8630490956072352,0.10170542635658908
ACSIncome-CA,lightgbm,1,0.1,aps,predclass,marginal,0.9,1.0,2.0,0.0,1.0,0.0
ACSIncome-CA,lightgbm,1,0.1,aps,sex,marginal,0.9,1.0,2.0,0.0,1.0,0.0
ACSIncome-CA,lightgbm,1,0.1,aps,age,marginal,0.9,1.0,2.0,0.0,1.0,0.0
ACSIncome-CA,lightgbm,1,0.1,aps,race,marginal,0.9,1.0,2.0,0.0,1.0,0.0
ACSIncome-CA,lightgbm,1,0.1,aps,predclass,mondrian,0.9,1.0,2.0,0.0,1.0,0.0
ACSIncome-CA,lightgbm,1,0.1,aps,sex,mondrian,0.9,1.0,2.0,0.0,1.0,0.0
ACSIncome-CA,lightgbm,1,0.1,aps,age,mondrian,0.9,1.0,1.9870833333333333,0.0,1.0,0.09810126582278489
ACSIncome-CA,lightgbm,1,0.1,aps,race,mondrian,0.9,1.0,2.0,0.0,1.0,0.0
ACSIncome-CA,lightgbm,1,0.2,lac,predclass,marginal,0.8,0.8041666666666667,1.0,0.05370917742051762,0.7721649484536083,0.0
ACSIncome-CA,lightgbm,1,0.2,lac,sex,marginal,0.8,0.8041666666666667,1.0,0.015853431434432186,0.7957181088314005,0.0
ACSIncome-CA,lightgbm,1,0.2,lac,age,marginal,0.8,0.8041666666666667,1.0,0.22798074736602736,0.7245508982035929,0.0
ACSIncome-CA,lightgbm,1,0.2,lac,race,marginal,0.8,0.8041666666666667,1.0,0.06297163674212858,0.7777777777777778,0.0
ACSIncome-CA,lightgbm,1,0.2,lac,predclass,mondrian,0.8,0.8175,1.02625,0.02071948669886814,0.8051546391752578,0.06494845360824741
ACSIncome-CA,lightgbm,1,0.2,lac,sex,mondrian,0.8,0.8041666666666667,1.0,0.015853431434432186,0.7957181088314005,0.0
ACSIncome-CA,lightgbm,1,0.2,lac,age,mondrian,0.8,0.83125,1.05375,0.19344073647871118,0.759090909090909,0.37125748502994016
ACSIncome-CA,lightgbm,1,0.2,lac,race,mondrian,0.8,0.8058333333333333,1.0041666666666667,0.06297163674212858,0.7777777777777778,0.010000000000000009
ACSIncome-CA,lightgbm,1,0.2,aps,predclass,marginal,0.8,1.0,1.9904166666666667,0.0,1.0,0.016083916083916128
ACSIncome-CA,lightgbm,1,0.2,aps,sex,marginal,0.8,1.0,1.9904166666666667,0.0,1.0,0.0021042588050013133
ACSIncome-CA,lightgbm,1,0.2,aps,age,marginal,0.8,1.0,1.9904166666666667,0.0,1.0,0.06329113924050622
ACSIncome-CA,lightgbm,1,0.2,aps,race,marginal,0.8,1.0,1.9904166666666667,0.0,1.0,0.020000000000000018
ACSIncome-CA,lightgbm,1,0.2,aps,predclass,mondrian,0.8,1.0,1.9804166666666667,0.0,1.0,0.03286713286713283
ACSIncome-CA,lightgbm,1,0.2,aps,sex,mondrian,0.8,1.0,1.9916666666666667,0.0,1.0,0.008941530619860139
ACSIncome-CA,lightgbm,1,0.2,aps,age,mondrian,0.8,1.0,1.96875,0.0,1.0,0.2088607594936709
ACSIncome-CA,lightgbm,1,0.2,aps,race,mondrian,0.8,1.0,1.99625,0.0,1.0,0.015503875968992276
ACSIncome-CA,lightgbm,2,0.05,lac,predclass,marginal,0.95,0.9508333333333333,1.4658333333333333,0.01020352378015843,0.9446219382321619,0.16021675380992062
ACSIncome-CA,lightgbm,2,0.05,lac,sex,marginal,0.95,0.9508333333333333,1.4658333333333333,0.0036381810207064547,0.9490703314470493,0.021293855060818156
ACSIncome-CA,lightgbm,2,0.05,lac,age,marginal,0.95,0.9508333333333333,1.4658333333333333,0.06364826792587597,0.8987341772151899,0.5513471687631444
ACSIncome-CA,lightgbm,2,0.05,lac,race,marginal,0.95,0.9508333333333333,1.4658333333333333,0.029980107985223103,0.9313725490196079,0.13540778630292682
ACSIncome-CA,lightgbm,2,0.05,lac,predclass,mondrian,0.95,0.9520833333333333,1.4691666666666667,0.003509784755069467,0.9499467518636848,0.19847668781284633
ACSIncome-CA,lightgbm,2,0.05,lac,sex,mondrian,0.95,0.9504166666666667,1.45875,0.008899432863604284,0.945829750644884,0.07594928789939881
ACSIncome-CA,lightgbm,2,0.05,lac,age,mondrian,0.95,0.9575,1.4883333333333333,0.055971281221559366,0.9278996865203761,0.8354430379746836
ACSIncome-CA,lightgbm,2,0.05,lac,race,mondrian,0.95,0.9566666666666667,1.48625,0.021745647804312984,0.9503355704697987,0.26519777336374095
ACSIncome-CA,lightgbm,2,0.05,aps,predclass,marginal,0.95,1.0,2.0,0.0,1.0,0.0
ACSIncome-CA,lightgbm,2,0.05,aps,sex,marginal,0.95,1.0,2.0,0.0,1.0,0.0
ACSIncome-CA,lightgbm,2,0.05,aps,age,marginal,0.95,1.0,2.0,0.0,1.0,0.0
ACSIncome-CA,lightgbm,2,0.05,aps,race,marginal,0.95,1.0,2.0,0.0,1.0,0.0
ACSIncome-CA,lightgbm,2,0.05,aps,predclass,mondrian,0.95,1.0,2.0,0.0,1.0,0.0
ACSIncome-CA,lightgbm,2,0.05,aps,sex,mondrian,0.95,1.0,2.0,0.0,1.0,0.0
ACSIncome-CA,lightgbm,2,0.05,aps,age,mondrian,0.95,1.0,2.0,0.0,1.0,0.0
ACSIncome-CA,lightgbm,2,0.05,aps,race,mondrian,0.95,1.0,2.0,0.0,1.0,0.0
ACSIncome-CA,lightgbm,2,0.1,lac,predclass,marginal,0.9,0.905,1.2745833333333334,0.015386196596055446,0.8956336528221512,0.09825866566949415
ACSIncome-CA,lightgbm,2,0.1,lac,sex,marginal,0.9,0.905,1.2745833333333334,0.014155123864284858,0.8981406628940987,0.015582174998314269
ACSIncome-CA,lightgbm,2,0.1,lac,age,marginal,0.9,0.905,1.2745833333333334,0.136462838776239,0.8227848101265823,0.2812799600458402
ACSIncome-CA,lightgbm,2,0.1,lac,race,marginal,0.9,0.905,1.2745833333333334,0.018471156578573455,0.8921568627450981,0.07928388746803061
ACSIncome-CA,lightgbm,2,0.1,lac,predclass,mondrian,0.9,0.9033333333333333,1.27625,0.008344759268127833,0.9000684462696783,0.1707461080751289
ACSIncome-CA,lightgbm,2,0.1,lac,sex,mondrian,0.9,0.9008333333333334,1.2691666666666668,0.0011163390751346425,0.9002579535683577,0.066798226925459
ACSIncome-CA,lightgbm,2,0.1,lac,age,mondrian,0.9,0.9091666666666667,1.3029166666666667,0.029165509305186244,0.8987341772151899,0.6265822784810127
ACSIncome-CA,lightgbm,2,0.1,lac,race,mondrian,0.9,0.9095833333333333,1.2916666666666667,0.023014296574217052,0.9033816425120773,0.2871554418868998
ACSIncome-CA,lightgbm,2,0.1,aps,predclass,marginal,0.9,1.0,2.0,0.0,1.0,0.0
ACSIncome-CA,lightgbm,2,0.1,aps,sex,marginal,0.9,1.0,2.0,0.0,1.0,0.0
ACSIncome-CA,lightgbm,2,0.1,aps,age,marginal,0.9,1.0,2.0,0.0,1.0,0.0
ACSIncome-CA,lightgbm,2,0.1,aps,race,marginal,0.9,1.0,2.0,0.0,1.0,0.0
ACSIncome-CA,lightgbm,2,0.1,aps,predclass,mondrian,0.9,1.0,2.0,0.0,1.0,0.0
ACSIncome-CA,lightgbm,2,0.1,aps,sex,mondrian,0.9,1.0,2.0,0.0,1.0,0.0
ACSIncome-CA,lightgbm,2,0.1,aps,age,mondrian,0.9,1.0,1.9904166666666667,0.0,1.0,0.07210031347962387
ACSIncome-CA,lightgbm,2,0.1,aps,race,mondrian,0.9,1.0,2.0,0.0,1.0,0.0
ACSIncome-CA,lightgbm,2,0.2,lac,predclass,marginal,0.8,0.81,1.0320833333333332,0.05876319996151269,0.7742279020234292,0.019022814694299006
ACSIncome-CA,lightgbm,2,0.2,lac,sex,marginal,0.8,0.81,1.0320833333333332,5.004757995619169e-05,0.8099742046431643,0.008863287389191399
ACSIncome-CA,lightgbm,2,0.2,lac,age,marginal,0.8,0.81,1.0320833333333332,0.20318638149279789,0.7278481012658228,0.038034204991865384
ACSIncome-CA,lightgbm,2,0.2,lac,race,marginal,0.8,0.81,1.0320833333333332,0.051577152600170484,0.7745098039215687,0.010230179028133168
ACSIncome-CA,lightgbm,2,0.2,lac,predclass,mondrian,0.8,0.82,1.0520833333333333,0.0017844139315493779,0.8193018480492813,0.13312034078807233
ACSIncome-CA,lightgbm,2,0.2,lac,sex,mondrian,0.8,0.81,1.0370833333333334,0.010059563571200747,0.8048151332760103,0.04358796661548392
ACSIncome-CA,lightgbm,2,0.2,lac,age,mondrian,0.8,0.8270833333333333,1.0745833333333332,0.1430895599380977,0.7848101265822784,0.20506912442396308
ACSIncome-CA,lightgbm,2,0.2,lac,race,mondrian,0.8,0.8145833333333333,1.0483333333333333,0.06086393948442326,0.7843137254901961,0.13197969543147203
ACSIncome-CA,lightgbm,2,0.2,aps,predclass,marginal,0.8,1.0,2.0,0.0,1.0,0.0
ACSIncome-CA,lightgbm,2,0.2,aps,sex,marginal,0.8,1.0,2.0,0.0,1.0,0.0
ACSIncome-CA,lightgbm,2,0.2,aps,age,marginal,0.8,1.0,2.0,0.0,1.0,0.0
ACSIncome-CA,lightgbm,2,0.2,aps,race,marginal,0.8,1.0,2.0,0.0,1.0,0.0
ACSIncome-CA,lightgbm,2,0.2,aps,predclass,mondrian,0.8,1.0,1.9854166666666666,0.0,1.0,0.023956194387405816
ACSIncome-CA,lightgbm,2,0.2,aps,sex,mondrian,0.8,1.0,2.0,0.0,1.0,0.0
ACSIncome-CA,lightgbm,2,0.2,aps,age,mondrian,0.8,1.0,1.97125,0.0,1.0,0.21630094043887138
ACSIncome-CA,lightgbm,2,0.2,aps,race,mondrian,0.8,1.0,1.9966666666666666,0.0,1.0,0.019323671497584627
ACSIncome-CA,lightgbm,3,0.05,lac,predclass,marginal,0.95,0.9595833333333333,1.475,0.008863839151228903,0.9543610547667343,0.19047427779578885
ACSIncome-CA,lightgbm,3,0.05,lac,sex,marginal,0.95,0.9595833333333333,1.475,0.012364101916850667,0.9537979639780736,0.0040583764681108025
ACSIncome-CA,lightgbm,3,0.05,lac,age,marginal,0.95,0.9595833333333333,1.475,0.029320191775065507,0.9417989417989417,0.5053641962200042
ACSIncome-CA,lightgbm,3,0.05,lac,race,marginal,0.95,0.9595833333333333,1.475,0.03842195540308746,0.9433962264150944,0.09138281073764931
ACSIncome-CA,lightgbm,3,0.05,lac,predclass,mondrian,0.95,0.9583333333333334,1.4745833333333334,0.011906435500113277,0.9513184584178499,0.17568878012112998
ACSIncome-CA,lightgbm,3,0.05,lac,sex,mondrian,0.95,0.955,1.4633333333333334,0.0007782041474934109,0.9545859305431879,0.0808718675714104
ACSIncome-CA,lightgbm,3,0.05,lac,age,mondrian,0.95,0.9620833333333333,1.4970833333333333,0.025894802365390657,0.9529411764705882,0.7388115294252477
ACSIncome-CA,lightgbm,3,0.05,lac,race,mondrian,0.95,0.9604166666666667,1.4841666666666666,0.03842195540308746,0.9433962264150944,0.076114922813036
ACSIncome-CA,lightgbm,3,0.05,aps,predclass,marginal,0.95,1.0,2.0,0.0,1.0,0.0
ACSIncome-CA,lightgbm,3,0.05,aps,sex,marginal,0.95,1.0,2.0,0.0,1.0,0.0
ACSIncome-CA,lightgbm,3,0.05,aps,age,marginal,0.95,1.0,2.0,0.0,1.0,0.0
ACSIncome-CA,lightgbm,3,0.05,aps,race,marginal,0.95,1.0,2.0,0.0,1.0,0.0
ACSIncome-CA,lightgbm,3,0.05,aps,predclass,mondrian,0.95,1.0,2.0,0.0,1.0,0.0
ACSIncome-CA,lightgbm,3,0.05,aps,sex,mondrian,0.95,1.0,2.0,0.0,1.0,0.0
ACSIncome-CA,lightgbm,3,0.05,aps,age,mondrian,0.95,1.0,2.0,0.0,1.0,0.0
ACSIncome-CA,lightgbm,3,0.05,aps,race,mondrian,0.95,1.0,2.0,0.0,1.0,0.0
ACSIncome-CA,lightgbm,3,0.1,lac,predclass,marginal,0.9,0.9170833333333334,1.29625,0.026241496940189513,0.9016227180527383,0.12548665761968847
ACSIncome-CA,lightgbm,3,0.1,lac,sex,marginal,0.9,0.9170833333333334,1.29625,0.010234500244409084,0.9122944400939702,0.004499777207683575
ACSIncome-CA,lightgbm,3,0.1,lac,age,marginal,0.9,0.9170833333333334,1.29625,0.07501002807862023,0.8888888888888888,0.34272244637927374
ACSIncome-CA,lightgbm,3,0.1,lac,race,marginal,0.9,0.9170833333333334,1.29625,0.026329331046312188,0.9009433962264151,0.08326189939093176
ACSIncome-CA,lightgbm,3,0.1,lac,predclass,mondrian,0.9,0.9175,1.2970833333333334,0.025227298157228017,0.9026369168356998,0.12579364282414907
ACSIncome-CA,lightgbm,3,0.1,lac,sex,mondrian,0.9,0.9158333333333334,1.2995833333333333,0.012519603283240421,0.9091718610863758,0.07770675231561075
ACSIncome-CA,lightgbm,3,0.1,lac,age,mondrian,0.9,0.9279166666666666,1.33125,0.042094168325754966,0.918194640338505,0.5079365079365079
ACSIncome-CA,lightgbm,3,0.1,lac,race,mondrian,0.9,0.9191666666666667,1.3058333333333334,0.029823493609251295,0.9056603773584906,0.0342447026657553
ACSIncome-CA,lightgbm,3,0.1,aps,predclass,marginal,0.9,1.0,2.0,0.0,1.0,0.0
ACSIncome-CA,lightgbm,3,0.1,aps,sex,marginal,0.9,1.0,2.0,0.0,1.0,0.0
ACSIncome-CA,lightgbm,3,0.1,aps,age,marginal,0.9,1.0,2.0,0.0,1.0,0.0
ACSIncome-CA,lightgbm,3,0.1,aps,race,marginal,0.9,1.0,2.0,0.0,1.0,0.0
ACSIncome-CA,lightgbm,3,0.1,aps,predclass,mondrian,0.9,1.0,2.0,0.0,1.0,0.0
ACSIncome-CA,lightgbm,3,0.1,aps,sex,mondrian,0.9,1.0,2.0,0.0,1.0,0.0
ACSIncome-CA,lightgbm,3,0.1,aps,age,mondrian,0.9,1.0,1.9941666666666666,0.0,1.0,0.05054151624548742
ACSIncome-CA,lightgbm,3,0.1,aps,race,mondrian,0.9,1.0,2.0,0.0,1.0,0.0
ACSIncome-CA,lightgbm,3,0.2,lac,predclass,marginal,0.8,0.8141666666666667,1.0341666666666667,0.06329346351036147,0.7768762677484787,0.022914867551663942
ACSIncome-CA,lightgbm,3,0.2,lac,sex,marginal,0.8,0.8141666666666667,1.0341666666666667,0.0296066233819664,0.8003132341425215,0.009423522266331252
ACSIncome-CA,lightgbm,3,0.2,lac,age,marginal,0.8,0.8141666666666667,1.0341666666666667,0.2301300785055298,0.7301587301587301,0.05647058823529405
ACSIncome-CA,lightgbm,3,0.2,lac,race,marginal,0.8,0.8141666666666667,1.0341666666666667,0.05357811695304082,0.7900943396226415,0.008104631217838776
ACSIncome-CA,lightgbm,3,0.2,lac,predclass,mondrian,0.8,0.8175,1.0391666666666666,0.02591586310181293,0.8022312373225152,0.09533468559837721
ACSIncome-CA,lightgbm,3,0.2,lac,sex,mondrian,0.8,0.8108333333333333,1.0270833333333333,0.002400160103648963,0.8097102584181676,0.04420631893399962
ACSIncome-CA,lightgbm,3,0.2,lac,age,mondrian,0.8,0.8316666666666667,1.0654166666666667,0.17440645572308344,0.7858823529411765,0.2328042328042328
ACSIncome-CA,lightgbm,3,0.2,lac,race,mondrian,0.8,0.8108333333333333,1.0304166666666668,0.042003158132190355,0.7818181818181819,0.04716981132075482
ACSIncome-CA,lightgbm,3,0.2,aps,predclass,marginal,0.8,1.0,2.0,0.0,1.0,0.0
ACSIncome-CA,lightgbm,3,0.2,aps,sex,marginal,0.8,1.0,2.0,0.0,1.0,0.0
ACSIncome-CA,lightgbm,3,0.2,aps,age,marginal,0.8,1.0,2.0,0.0,1.0,0.0
ACSIncome-CA,lightgbm,3,0.2,aps,race,marginal,0.8,1.0,2.0,0.0,1.0,0.0
ACSIncome-CA,lightgbm,3,0.2,aps,predclass,mondrian,0.8,1.0,1.99625,0.0,1.0,0.006364922206506307
ACSIncome-CA,lightgbm,3,0.2,aps,sex,mondrian,0.8,1.0,2.0,0.0,1.0,0.0
ACSIncome-CA,lightgbm,3,0.2,aps,age,mondrian,0.8,1.0,1.98375,0.0,1.0,0.1407942238267148
ACSIncome-CA,lightgbm,3,0.2,aps,race,mondrian,0.8,1.0,1.9995833333333333,0.0,1.0,0.009090909090909038
ACSIncome-CA,lightgbm,4,0.05,lac,predclass,marginal,0.95,0.9383333333333334,1.3916666666666666,0.002366372211947021,0.9373680506685432,0.19590859132564997
ACSIncome-CA,lightgbm,4,0.05,lac,sex,marginal,0.95,0.9383333333333334,1.3916666666666666,0.010876361200581885,0.9325643300798581,0.007374513041666031
ACSIncome-CA,lightgbm,4,0.05,lac,age,marginal,0.95,0.9383333333333334,1.3916666666666666,0.07306397306397305,0.9,0.46714200831847874
ACSIncome-CA,lightgbm,4,0.05,lac,race,marginal,0.95,0.9383333333333334,1.3916666666666666,0.07013283108643942,0.8865979381443299,0.22552505691847213
ACSIncome-CA,lightgbm,4,0.05,lac,predclass,mondrian,0.95,0.9395833333333333,1.3958333333333333,0.010606264273170796,0.9352568613652358,0.23372597956092722
ACSIncome-CA,lightgbm,4,0.05,lac,sex,mondrian,0.95,0.9420833333333334,1.405,0.026310561794306797,0.9281277728482697,0.10109913701468831
ACSIncome-CA,lightgbm,4,0.05,lac,age,mondrian,0.95,0.94125,1.4116666666666666,0.07136066547831255,0.888235294117647,0.4764309764309764
ACSIncome-CA,lightgbm,4,0.05,lac,race,mondrian,0.95,0.9425,1.4175,0.09417129262490087,0.8865979381443299,0.14919354838709675
ACSIncome-CA,lightgbm,4,0.05,aps,predclass,marginal,0.95,1.0,2.0,0.0,1.0,0.0
ACSIncome-CA,lightgbm,4,0.05,aps,sex,marginal,0.95,1.0,2.0,0.0,1.0,0.0
ACSIncome-CA,lightgbm,4,0.05,aps,age,marginal,0.95,1.0,2.0,0.0,1.0,0.0
ACSIncome-CA,lightgbm,4,0.05,aps,race,marginal,0.95,1.0,2.0,0.0,1.0,0.0
ACSIncome-CA,lightgbm,4,0.05,aps,predclass,mondrian,0.95,1.0,2.0,0.0,1.0,0.0
ACSIncome-CA,lightgbm,4,0.05,aps,sex,mondrian,0.95,1.0,2.0,0.0,1.0,0.0
ACSIncome-CA,lightgbm,4,0.05,aps,age,mondrian,0.95,1.0,2.0,0.0,1.0,0.0
ACSIncome-CA,lightgbm,4,0.05,aps,race,mondrian,0.95,1.0,2.0,0.0,1.0,0.0
ACSIncome-CA,lightgbm,4,0.1,lac,predclass,marginal,0.9,0.8879166666666667,1.21,0.02289386044298314,0.874361593462717,0.08869151549175913
ACSIncome-CA,lightgbm,4,0.1,lac,sex,marginal,0.9,0.8879166666666667,1.21,0.009505315155878935,0.8828748890860693,0.01283081626379845
ACSIncome-CA,lightgbm,4,0.1,lac,age,marginal,0.9,0.8879166666666667,1.21,0.14783125371360661,0.8117647058823529,0.24787086551792425
ACSIncome-CA,lightgbm,4,0.1,lac,race,marginal,0.9,0.8879166666666667,1.21,0.10212628865979378,0.8041237113402062,0.17605075337034104
ACSIncome-CA,lightgbm,4,0.1,lac,predclass,mondrian,0.9,0.8891666666666667,1.2054166666666666,0.01122373502956886,0.884588318085855,0.1895922752180017
ACSIncome-CA,lightgbm,4,0.1,lac,sex,mondrian,0.9,0.88625,1.205,0.0398202793532455,0.865128660159716,0.09875713665362995
ACSIncome-CA,lightgbm,4,0.1,lac,age,mondrian,0.9,0.8995833333333333,1.2425,0.15537730243612602,0.7941176470588235,0.2938829787234043
ACSIncome-CA,lightgbm,4,0.1,lac,race,mondrian,0.9,0.885,1.20625,0.13545796986518632,0.7731958762886598,0.06433573234779222
ACSIncome-CA,lightgbm,4,0.1,aps,predclass,marginal,0.9,1.0,2.0,0.0,1.0,0.0
ACSIncome-CA,lightgbm,4,0.1,aps,sex,marginal,0.9,1.0,2.0,0.0,1.0,0.0
ACSIncome-CA,lightgbm,4,0.1,aps,age,marginal,0.9,1.0,2.0,0.0,1.0,0.0
ACSIncome-CA,lightgbm,4,0.1,aps,race,marginal,0.9,1.0,2.0,0.0,1.0,0.0
ACSIncome-CA,lightgbm,4,0.1,aps,predclass,mondrian,0.9,1.0,2.0,0.0,1.0,0.0
ACSIncome-CA,lightgbm,4,0.1,aps,sex,mondrian,0.9,1.0,2.0,0.0,1.0,0.0
ACSIncome-CA,lightgbm,4,0.1,aps,age,mondrian,0.9,1.0,1.99625,0.0,1.0,0.030303030303030276
ACSIncome-CA,lightgbm,4,0.1,aps,race,mondrian,0.9,1.0,2.0,0.0,1.0,0.0
ACSIncome-CA,lightgbm,4,0.2,lac,predclass,marginal,0.8,0.80125,1.0,0.07318861467308913,0.7579162410623085,0.0
ACSIncome-CA,lightgbm,4,0.2,lac,sex,marginal,0.8,0.80125,1.0,0.0016874949030125652,0.8003549245785271,0.0
ACSIncome-CA,lightgbm,4,0.2,lac,age,marginal,0.8,0.80125,1.0,0.23773024361259654,0.711764705882353,0.0
ACSIncome-CA,lightgbm,4,0.2,lac,race,marginal,0.8,0.80125,1.0,0.16899030467371012,0.6597938144329897,0.0
ACSIncome-CA,lightgbm,4,0.2,lac,predclass,mondrian,0.8,0.8141666666666667,1.03125,0.041523650423855196,0.7895812053115424,0.07660878447395292
ACSIncome-CA,lightgbm,4,0.2,lac,sex,mondrian,0.8,0.8108333333333333,1.01875,0.019755051855094297,0.8003549245785271,0.0353495679497251
ACSIncome-CA,lightgbm,4,0.2,lac,age,mondrian,0.8,0.8091666666666667,1.0179166666666666,0.2200831847890672,0.7294117647058823,0.04117647058823537
ACSIncome-CA,lightgbm,4,0.2,lac,race,mondrian,0.8,0.8025,1.0020833333333334,0.1739530838300376,0.6597938144329897,0.00992555831265518
ACSIncome-CA,lightgbm,4,0.2,aps,predclass,marginal,0.8,1.0,1.9929166666666667,0.0,1.0,0.011963406052075909
ACSIncome-CA,lightgbm,4,0.2,aps,sex,marginal,0.8,1.0,1.9929166666666667,0.0,1.0,0.0033171368209157226
ACSIncome-CA,lightgbm,4,0.2,aps,age,marginal,0.8,1.0,1.9929166666666667,0.0,1.0,0.05723905723905731
ACSIncome-CA,lightgbm,4,0.2,aps,race,marginal,0.8,1.0,1.9929166666666667,0.0,1.0,0.018214710547184598
ACSIncome-CA,lightgbm,4,0.2,aps,predclass,mondrian,0.8,1.0,1.9783333333333333,0.0,1.0,0.03659394792399717
ACSIncome-CA,lightgbm,4,0.2,aps,sex,mondrian,0.8,1.0,1.9854166666666666,0.0,1.0,0.03105590062111796
ACSIncome-CA,lightgbm,4,0.2,aps,age,mondrian,0.8,1.0,1.98625,0.0,1.0,0.11111111111111116
ACSIncome-CA,lightgbm,4,0.2,aps,race,mondrian,0.8,1.0,1.9958333333333333,0.0,1.0,0.020618556701030855
ACSIncome-CA,mlp,0,0.05,lac,predclass,marginal,0.95,0.9591666666666666,1.4783333333333333,0.0027614571092832163,0.9581081081081081,0.20258519388954155
ACSIncome-CA,mlp,0,0.05,lac,sex,marginal,0.95,0.9591666666666666,1.4783333333333333,0.02243638759978761,0.9483037156704361,0.008636438206089947
ACSIncome-CA,mlp,0,0.05,lac,age,marginal,0.95,0.9591666666666666,1.4783333333333333,0.05575819749990507,0.9301075268817204,0.46562949875670734
ACSIncome-CA,mlp,0,0.05,lac,race,marginal,0.95,0.9591666666666666,1.4783333333333333,0.017168399927020572,0.9532019704433498,0.1244602566441646
ACSIncome-CA,mlp,0,0.05,lac,predclass,mondrian,0.95,0.95875,1.4770833333333333,0.010663924794359514,0.9521739130434783,0.1182432432432432
ACSIncome-CA,mlp,0,0.05,lac,sex,mondrian,0.95,0.9591666666666666,1.4758333333333333,0.020768047959203506,0.9491114701130856,0.006537110825021841
ACSIncome-CA,mlp,0,0.05,lac,age,mondrian,0.95,0.95875,1.4925,0.04365382027008846,0.9354838709677419,0.5998564948372545
ACSIncome-CA,mlp,0,0.05,lac,race,mondrian,0.95,0.9616666666666667,1.4983333333333333,0.030119919742429113,0.952638700947226,0.13227029465189144
ACSIncome-CA,mlp,0,0.05,aps,predclass,marginal,0.95,1.0,2.0,0.0,1.0,0.0
ACSIncome-CA,mlp,0,0.05,aps,sex,marginal,0.95,1.0,2.0,0.0,1.0,0.0
ACSIncome-CA,mlp,0,0.05,aps,age,marginal,0.95,1.0,2.0,0.0,1.0,0.0
ACSIncome-CA,mlp,0,0.05,aps,race,marginal,0.95,1.0,2.0,0.0,1.0,0.0
ACSIncome-CA,mlp,0,0.05,aps,predclass,mondrian,0.95,1.0,2.0,0.0,1.0,0.0
ACSIncome-CA,mlp,0,0.05,aps,sex,mondrian,0.95,1.0,2.0,0.0,1.0,0.0
ACSIncome-CA,mlp,0,0.05,aps,age,mondrian,0.95,1.0,2.0,0.0,1.0,0.0
ACSIncome-CA,mlp,0,0.05,aps,race,mondrian,0.95,1.0,2.0,0.0,1.0,0.0
ACSIncome-CA,mlp,0,0.1,lac,predclass,marginal,0.9,0.9120833333333334,1.2658333333333334,0.010781433607520485,0.9054347826086957,0.12062279670975329
ACSIncome-CA,mlp,0,0.1,lac,sex,marginal,0.9,0.9120833333333334,1.2658333333333334,0.01528060082471594,0.9046849757673667,0.019850461156882382
ACSIncome-CA,mlp,0,0.1,lac,age,marginal,0.9,0.9120833333333334,1.2658333333333334,0.09538736274174553,0.8763440860215054,0.2828900013087292
ACSIncome-CA,mlp,0,0.1,lac,race,marginal,0.9,0.9120833333333334,1.2658333333333334,0.019477792516848114,0.9066305818673883,0.061329715965523945
ACSIncome-CA,mlp,0,0.1,lac,predclass,mondrian,0.9,0.91375,1.2629166666666667,0.020534665099882554,0.9010869565217391,0.06366039952996472
ACSIncome-CA,mlp,0,0.1,lac,sex,mondrian,0.9,0.9108333333333334,1.2654166666666666,0.007693826309160046,0.907108239095315,0.03906278240124106
ACSIncome-CA,mlp,0,0.1,lac,age,mondrian,0.9,0.9204166666666667,1.3008333333333333,0.06174246741897493,0.8817204301075269,0.42361111111111116
ACSIncome-CA,mlp,0,0.1,lac,race,mondrian,0.9,0.9166666666666666,1.2854166666666667,0.059363152055980195,0.9046008119079838,0.23454509990369266
ACSIncome-CA,mlp,0,0.1,aps,predclass,marginal,0.9,1.0,2.0,0.0,1.0,0.0
ACSIncome-CA,mlp,0,0.1,aps,sex,marginal,0.9,1.0,2.0,0.0,1.0,0.0
ACSIncome-CA,mlp,0,0.1,aps,age,marginal,0.9,1.0,2.0,0.0,1.0,0.0
ACSIncome-CA,mlp,0,0.1,aps,race,marginal,0.9,1.0,2.0,0.0,1.0,0.0
ACSIncome-CA,mlp,0,0.1,aps,predclass,mondrian,0.9,1.0,2.0,0.0,1.0,0.0
ACSIncome-CA,mlp,0,0.1,aps,sex,mondrian,0.9,1.0,2.0,0.0,1.0,0.0
ACSIncome-CA,mlp,0,0.1,aps,age,mondrian,0.9,1.0,1.9933333333333334,0.0,1.0,0.05653710247349819
ACSIncome-CA,mlp,0,0.1,aps,race,mondrian,0.9,1.0,2.0,0.0,1.0,0.0
ACSIncome-CA,mlp,0,0.2,lac,predclass,marginal,0.8,0.80625,1.0191666666666668,0.025998824911868335,0.7902173913043479,0.00769682726204457
ACSIncome-CA,mlp,0,0.2,lac,sex,marginal,0.8,0.80625,1.0191666666666668,0.010239434544084491,0.8012924071082391,0.007126590831361357
ACSIncome-CA,mlp,0,0.2,lac,age,marginal,0.8,0.80625,1.0191666666666668,0.21043732664614911,0.7365591397849462,0.02334815152551384
ACSIncome-CA,mlp,0,0.2,lac,race,marginal,0.8,0.80625,1.0191666666666668,0.027746284850479697,0.8010825439783491,0.00619596445736148
ACSIncome-CA,mlp,0,0.2,lac,predclass,mondrian,0.8,0.8058333333333333,1.0229166666666667,0.007696827262044681,0.8010869565217391,0.052732079905992935
ACSIncome-CA,mlp,0,0.2,lac,sex,mondrian,0.8,0.8070833333333334,1.0233333333333334,0.0063911311064707155,0.8037865748709122,0.04523424878836835
ACSIncome-CA,mlp,0,0.2,lac,age,mondrian,0.8,0.8245833333333333,1.0591666666666666,0.16926934913940506,0.7741935483870968,0.09677419354838701
ACSIncome-CA,mlp,0,0.2,lac,race,mondrian,0.8,0.8108333333333333,1.0316666666666667,0.08782115448782113,0.7950617283950617,0.1711711711711712
ACSIncome-CA,mlp,0,0.2,aps,predclass,marginal,0.8,1.0,2.0,0.0,1.0,0.0
ACSIncome-CA,mlp,0,0.2,aps,sex,marginal,0.8,1.0,2.0,0.0,1.0,0.0
ACSIncome-CA,mlp,0,0.2,aps,age,marginal,0.8,1.0,2.0,0.0,1.0,0.0
ACSIncome-CA,mlp,0,0.2,aps,race,marginal,0.8,1.0,2.0,0.0,1.0,0.0
ACSIncome-CA,mlp,0,0.2,aps,predclass,mondrian,0.8,1.0,2.0,0.0,1.0,0.0
ACSIncome-CA,mlp,0,0.2,aps,sex,mondrian,0.8,1.0,1.9925,0.0,1.0,0.015490533562822817
ACSIncome-CA,mlp,0,0.2,aps,age,mondrian,0.8,1.0,1.9825,0.0,1.0,0.1484098939929328
ACSIncome-CA,mlp,0,0.2,aps,race,mondrian,0.8,1.0,2.0,0.0,1.0,0.0
ACSIncome-CA,mlp,1,0.05,lac,predclass,marginal,0.95,0.94875,1.4170833333333333,0.0003472222222222765,0.9486111111111111,0.2128472222222222
ACSIncome-CA,mlp,1,0.05,lac,sex,marginal,0.95,0.94875,1.4170833333333333,0.009124964516351808,0.944487881157154,0.00912217464720344
ACSIncome-CA,mlp,1,0.05,lac,age,marginal,0.95,0.94875,1.4170833333333333,0.03772834078678089,0.9401197604790419,0.4830781475024635
ACSIncome-CA,mlp,1,0.05,lac,race,marginal,0.95,0.94875,1.4170833333333333,0.0397674418604651,0.9302325581395349,0.12997658079625296
ACSIncome-CA,mlp,1,0.05,lac,predclass,mondrian,0.95,0.9495833333333333,1.42375,0.0010416666666666075,0.9489583333333333,0.20173611111111112
ACSIncome-CA,mlp,1,0.05,lac,sex,mondrian,0.95,0.9495833333333333,1.425,0.005887321369909437,0.9468334636434714,0.007407102588370851
ACSIncome-CA,mlp,1,0.05,lac,age,mondrian,0.95,0.95,1.4445833333333333,0.06295842790586548,0.9068181818181819,0.6227544910179641
ACSIncome-CA,mlp,1,0.05,lac,race,mondrian,0.95,0.95125,1.4279166666666667,0.029712736536983586,0.9328165374677002,0.07700500456886283
ACSIncome-CA,mlp,1,0.05,aps,predclass,marginal,0.95,1.0,2.0,0.0,1.0,0.0
ACSIncome-CA,mlp,1,0.05,aps,sex,marginal,0.95,1.0,2.0,0.0,1.0,0.0
ACSIncome-CA,mlp,1,0.05,aps,age,marginal,0.95,1.0,2.0,0.0,1.0,0.0
ACSIncome-CA,mlp,1,0.05,aps,race,marginal,0.95,1.0,2.0,0.0,1.0,0.0
ACSIncome-CA,mlp,1,0.05,aps,predclass,mondrian,0.95,1.0,2.0,0.0,1.0,0.0
ACSIncome-CA,mlp,1,0.05,aps,sex,mondrian,0.95,1.0,2.0,0.0,1.0,0.0
ACSIncome-CA,mlp,1,0.05,aps,age,mondrian,0.95,1.0,2.0,0.0,1.0,0.0
ACSIncome-CA,mlp,1,0.05,aps,race,mondrian,0.95,1.0,2.0,0.0,1.0,0.0
ACSIncome-CA,mlp,1,0.1,lac,predclass,marginal,0.9,0.8970833333333333,1.2408333333333332,0.015972222222222276,0.8875,0.1298611111111112
ACSIncome-CA,mlp,1,0.1,lac,sex,marginal,0.9,0.8970833333333333,1.2408333333333332,0.0006186534836050139,0.8967943706020328,0.021804222327462153
ACSIncome-CA,mlp,1,0.1,lac,age,marginal,0.9,0.8970833333333333,1.2408333333333332,0.10017261219792872,0.8681818181818182,0.3297771545516561
ACSIncome-CA,mlp,1,0.1,lac,race,marginal,0.9,0.8970833333333333,1.2408333333333332,0.03059625171710567,0.8733850129198967,0.07225459760724728
ACSIncome-CA,mlp,1,0.1,lac,predclass,mondrian,0.9,0.9004166666666666,1.24875,0.016319444444444442,0.890625,0.1322916666666667
ACSIncome-CA,mlp,1,0.1,lac,sex,mondrian,0.9,0.89625,1.24125,0.01623076123672107,0.8876003568242641,0.024173518701539054
ACSIncome-CA,mlp,1,0.1,lac,age,mondrian,0.9,0.9029166666666667,1.2641666666666667,0.11340621403912543,0.8454545454545455,0.5568862275449102
ACSIncome-CA,mlp,1,0.1,lac,race,mondrian,0.9,0.8983333333333333,1.2491666666666668,0.06564455155960369,0.8475452196382429,0.08556677309848992
ACSIncome-CA,mlp,1,0.1,aps,predclass,marginal,0.9,1.0,2.0,0.0,1.0,0.0
ACSIncome-CA,mlp,1,0.1,aps,sex,marginal,0.9,1.0,2.0,0.0,1.0,0.0
ACSIncome-CA,mlp,1,0.1,aps,age,marginal,0.9,1.0,2.0,0.0,1.0,0.0
ACSIncome-CA,mlp,1,0.1,aps,race,marginal,0.9,1.0,2.0,0.0,1.0,0.0
ACSIncome-CA,mlp,1,0.1,aps,predclass,mondrian,0.9,1.0,2.0,0.0,1.0,0.0
ACSIncome-CA,mlp,1,0.1,aps,sex,mondrian,0.9,1.0,2.0,0.0,1.0,0.0
ACSIncome-CA,mlp,1,0.1,aps,age,mondrian,0.9,1.0,1.995,0.0,1.0,0.03797468354430378
ACSIncome-CA,mlp,1,0.1,aps,race,mondrian,0.9,1.0,2.0,0.0,1.0,0.0
ACSIncome-CA,mlp,1,0.2,lac,predclass,marginal,0.8,0.7979166666666667,1.01125,0.04861111111111105,0.76875,0.007291666666666696
ACSIncome-CA,mlp,1,0.2,lac,sex,marginal,0.8,0.7979166666666667,1.01125,0.010939774397231261,0.7928068803752932,0.00902034442329569
ACSIncome-CA,mlp,1,0.2,lac,age,marginal,0.8,0.7979166666666667,1.01125,0.22233381338588643,0.7365269461077845,0.016759776536312776
ACSIncome-CA,mlp,1,0.2,lac,race,marginal,0.8,0.7979166666666667,1.01125,0.06903981264637005,0.76,0.011251682368775162
ACSIncome-CA,mlp,1,0.2,lac,predclass,mondrian,0.8,0.80875,1.0333333333333334,0.009375000000000022,0.803125,0.08333333333333326
ACSIncome-CA,mlp,1,0.2,lac,sex,mondrian,0.8,0.8008333333333333,1.0158333333333334,0.018858120507002973,0.7920250195465207,0.022180854662464222
ACSIncome-CA,mlp,1,0.2,lac,age,mondrian,0.8,0.8258333333333333,1.0670833333333334,0.17931530494821635,0.7795454545454545,0.35928143712574845
ACSIncome-CA,mlp,1,0.2,lac,race,mondrian,0.8,0.8004166666666667,1.01625,0.04940423240080127,0.772609819121447,0.1100000000000001
ACSIncome-CA,mlp,1,0.2,aps,predclass,marginal,0.8,1.0,2.0,0.0,1.0,0.0
ACSIncome-CA,mlp,1,0.2,aps,sex,marginal,0.8,1.0,2.0,0.0,1.0,0.0
ACSIncome-CA,mlp,1,0.2,aps,age,marginal,0.8,1.0,2.0,0.0,1.0,0.0
ACSIncome-CA,mlp,1,0.2,aps,race,marginal,0.8,1.0,2.0,0.0,1.0,0.0
ACSIncome-CA,mlp,1,0.2,aps,predclass,mondrian,0.8,1.0,1.9945833333333334,0.0,1.0,0.009027777777777857
ACSIncome-CA,mlp,1,0.2,aps,sex,mondrian,0.8,1.0,2.0,0.0,1.0,0.0
ACSIncome-CA,mlp,1,0.2,aps,age,mondrian,0.8,1.0,1.9820833333333334,0.0,1.0,0.13607594936708867
ACSIncome-CA,mlp,1,0.2,aps,race,mondrian,0.8,1.0,1.9995833333333333,0.0,1.0,0.0025839793281654533
ACSIncome-CA,mlp,2,0.05,lac,predclass,marginal,0.95,0.9583333333333334,1.5179166666666666,0.0031873341137472755,0.9570637119113573,0.1336449193894227
ACSIncome-CA,mlp,2,0.05,lac,sex,marginal,0.95,0.9583333333333334,1.5179166666666666,0.010774131796131181,0.9531123686337915,0.01445193381763632
ACSIncome-CA,mlp,2,0.05,lac,age,marginal,0.95,0.9583333333333334,1.5179166666666666,0.03513749454386739,0.930379746835443,0.47605253759771426
ACSIncome-CA,mlp,2,0.05,lac,race,marginal,0.95,0.9583333333333334,1.5179166666666666,0.04797451975714151,0.9215686274509803,0.16563672478481561
ACSIncome-CA,mlp,2,0.05,lac,predclass,mondrian,0.95,0.9570833333333333,1.5133333333333334,0.012219079961520274,0.9522160664819944,0.20732739136985834
ACSIncome-CA,mlp,2,0.05,lac,sex,mondrian,0.95,0.9595833333333333,1.525,0.001675898823256361,0.9587712206952304,0.0460020672430943
ACSIncome-CA,mlp,2,0.05,lac,age,mondrian,0.95,0.9583333333333334,1.53875,0.06251736042220546,0.9184952978056427,0.8481012658227849
ACSIncome-CA,mlp,2,0.05,lac,race,mondrian,0.95,0.9604166666666667,1.5329166666666667,0.03817059818851398,0.9313725490196079,0.1416595623756749
ACSIncome-CA,mlp,2,0.05,aps,predclass,marginal,0.95,1.0,2.0,0.0,1.0,0.0
ACSIncome-CA,mlp,2,0.05,aps,sex,marginal,0.95,1.0,2.0,0.0,1.0,0.0
ACSIncome-CA,mlp,2,0.05,aps,age,marginal,0.95,1.0,2.0,0.0,1.0,0.0
ACSIncome-CA,mlp,2,0.05,aps,race,marginal,0.95,1.0,2.0,0.0,1.0,0.0
ACSIncome-CA,mlp,2,0.05,aps,predclass,mondrian,0.95,1.0,2.0,0.0,1.0,0.0
ACSIncome-CA,mlp,2,0.05,aps,sex,mondrian,0.95,1.0,2.0,0.0,1.0,0.0
ACSIncome-CA,mlp,2,0.05,aps,age,mondrian,0.95,1.0,1.9979166666666666,0.0,1.0,0.01567398119122254
ACSIncome-CA,mlp,2,0.05,aps,race,mondrian,0.95,1.0,2.0,0.0,1.0,0.0
ACSIncome-CA,mlp,2,0.1,lac,predclass,marginal,0.9,0.91125,1.3283333333333334,0.008962204012563868,0.9058577405857741,0.11320251741443466
ACSIncome-CA,mlp,2,0.1,lac,sex,marginal,0.9,0.91125,1.3283333333333334,0.00036075963885118245,0.9110751818916734,0.0030890478517422437
ACSIncome-CA,mlp,2,0.1,lac,age,marginal,0.9,0.91125,1.3283333333333334,0.10801158684179202,0.8481012658227848,0.377266775127971
ACSIncome-CA,mlp,2,0.1,lac,race,marginal,0.9,0.91125,1.3283333333333334,0.05857469891509903,0.8627450980392157,0.1589788861914221
ACSIncome-CA,mlp,2,0.1,lac,predclass,mondrian,0.9,0.9108333333333334,1.3216666666666668,0.01606995908622022,0.9044321329639889,0.20947159795547
ACSIncome-CA,mlp,2,0.1,lac,sex,mondrian,0.9,0.9129166666666667,1.3258333333333334,0.01955539676261675,0.9028374892519346,0.0866559944836447
ACSIncome-CA,mlp,2,0.1,lac,age,mondrian,0.9,0.9216666666666666,1.3604166666666666,0.030182572906039984,0.9122137404580153,0.6139240506329113
ACSIncome-CA,mlp,2,0.1,lac,race,mondrian,0.9,0.9133333333333333,1.3358333333333334,0.036777147407186184,0.8921568627450981,0.20405110473528043
ACSIncome-CA,mlp,2,0.1,aps,predclass,marginal,0.9,1.0,2.0,0.0,1.0,0.0
ACSIncome-CA,mlp,2,0.1,aps,sex,marginal,0.9,1.0,2.0,0.0,1.0,0.0
ACSIncome-CA,mlp,2,0.1,aps,age,marginal,0.9,1.0,2.0,0.0,1.0,0.0
ACSIncome-CA,mlp,2,0.1,aps,race,marginal,0.9,1.0,2.0,0.0,1.0,0.0
ACSIncome-CA,mlp,2,0.1,aps,predclass,mondrian,0.9,1.0,2.0,0.0,1.0,0.0
ACSIncome-CA,mlp,2,0.1,aps,sex,mondrian,0.9,1.0,2.0,0.0,1.0,0.0
ACSIncome-CA,mlp,2,0.1,aps,age,mondrian,0.9,1.0,1.9908333333333332,0.0,1.0,0.06896551724137923
ACSIncome-CA,mlp,2,0.1,aps,race,mondrian,0.9,1.0,2.0,0.0,1.0,0.0
ACSIncome-CA,mlp,2,0.2,lac,predclass,marginal,0.8,0.8129166666666666,1.0629166666666667,0.05415280659256594,0.7803347280334728,0.034513033298948725
ACSIncome-CA,mlp,2,0.2,lac,sex,marginal,0.8,0.8129166666666666,1.0629166666666667,0.0009641110194344993,0.8124494745351657,0.006385932181358633
ACSIncome-CA,mlp,2,0.2,lac,age,marginal,0.8,0.8129166666666666,1.0629166666666667,0.2158446093408991,0.7151898734177216,0.07293361374548635
ACSIncome-CA,mlp,2,0.2,lac,race,marginal,0.8,0.8129166666666666,1.0629166666666667,0.056550156294401854,0.7647058823529411,0.03125411238320819
ACSIncome-CA,mlp,2,0.2,lac,predclass,mondrian,0.8,0.8225,1.0804166666666666,0.020323601339839348,0.814404432132964,0.2018828451882846
ACSIncome-CA,mlp,2,0.2,lac,sex,mondrian,0.8,0.8216666666666667,1.0779166666666666,0.02769021382133441,0.8073946689595872,0.06442305219336997
ACSIncome-CA,mlp,2,0.2,lac,age,mondrian,0.8,0.8420833333333333,1.1275,0.15900162691956665,0.759493670886076,0.24884792626728114
ACSIncome-CA,mlp,2,0.2,lac,race,mondrian,0.8,0.82125,1.08,0.06818002368732734,0.7647058823529411,0.1013422818791947
ACSIncome-CA,mlp,2,0.2,aps,predclass,marginal,0.8,1.0,2.0,0.0,1.0,0.0
ACSIncome-CA,mlp,2,0.2,aps,sex,marginal,0.8,1.0,2.0,0.0,1.0,0.0
ACSIncome-CA,mlp,2,0.2,aps,age,marginal,0.8,1.0,2.0,0.0,1.0,0.0
ACSIncome-CA,mlp,2,0.2,aps,race,marginal,0.8,1.0,2.0,0.0,1.0,0.0
ACSIncome-CA,mlp,2,0.2,aps,predclass,mondrian,0.8,1.0,1.9920833333333334,0.0,1.0,0.013157894736842035
ACSIncome-CA,mlp,2,0.2,aps,sex,mondrian,0.8,1.0,2.0,0.0,1.0,0.0
ACSIncome-CA,mlp,2,0.2,aps,age,mondrian,0.8,1.0,1.97875,0.0,1.0,0.15987460815047028
ACSIncome-CA,mlp,2,0.2,aps,race,mondrian,0.8,1.0,2.0,0.0,1.0,0.0
ACSIncome-CA,mlp,3,0.05,lac,predclass,marginal,0.95,0.9579166666666666,1.5016666666666667,0.009409502101289213,0.9539568345323741,0.22448892371251494
ACSIncome-CA,mlp,3,0.05,lac,sex,marginal,0.95,0.9579166666666666,1.5016666666666667,0.005455099503441585,0.9553641346906813,0.05919651119086855
ACSIncome-CA,mlp,3,0.05,lac,age,marginal,0.95,0.9579166666666666,1.5016666666666667,0.018738181193054926,0.9523809523809523,0.5188362709704821
ACSIncome-CA,mlp,3,0.05,lac,race,marginal,0.95,0.9579166666666666,1.5016666666666667,0.022255574614065243,0.9504716981132075,0.13437852470110534
ACSIncome-CA,mlp,3,0.05,lac,predclass,mondrian,0.95,0.9579166666666666,1.5045833333333334,0.0076857326020371985,0.9534653465346534,0.15107201367618783
ACSIncome-CA,mlp,3,0.05,lac,sex,mondrian,0.95,0.9575,1.50375,0.0004560443660042157,0.9572573463935886,0.09993019871401065
ACSIncome-CA,mlp,3,0.05,lac,age,mondrian,0.95,0.9608333333333333,1.51375,0.016044973544973473,0.9575,0.6921284358107462
ACSIncome-CA,mlp,3,0.05,lac,race,mondrian,0.95,0.9566666666666667,1.51125,0.04285714285714293,0.948051948051948,0.23182946086171907
ACSIncome-CA,mlp,3,0.05,aps,predclass,marginal,0.95,1.0,2.0,0.0,1.0,0.0
ACSIncome-CA,mlp,3,0.05,aps,sex,marginal,0.95,1.0,2.0,0.0,1.0,0.0
ACSIncome-CA,mlp,3,0.05,aps,age,marginal,0.95,1.0,2.0,0.0,1.0,0.0
ACSIncome-CA,mlp,3,0.05,aps,race,marginal,0.95,1.0,2.0,0.0,1.0,0.0
ACSIncome-CA,mlp,3,0.05,aps,predclass,mondrian,0.95,1.0,2.0,0.0,1.0,0.0
ACSIncome-CA,mlp,3,0.05,aps,sex,mondrian,0.95,1.0,2.0,0.0,1.0,0.0
ACSIncome-CA,mlp,3,0.05,aps,age,mondrian,0.95,1.0,2.0,0.0,1.0,0.0
ACSIncome-CA,mlp,3,0.05,aps,race,mondrian,0.95,1.0,2.0,0.0,1.0,0.0
ACSIncome-CA,mlp,3,0.1,lac,predclass,marginal,0.9,0.9170833333333334,1.31375,0.031205926348030433,0.899009900990099,0.11131134696203415
ACSIncome-CA,mlp,3,0.1,lac,sex,marginal,0.9,0.9170833333333334,1.31375,0.025296516002345726,0.9052466718872357,0.027348018333820168
ACSIncome-CA,mlp,3,0.1,lac,age,marginal,0.9,0.9170833333333334,1.31375,0.08920214696387985,0.8783068783068783,0.3449139944786579
ACSIncome-CA,mlp,3,0.1,lac,race,marginal,0.9,0.9170833333333334,1.31375,0.03441757572920079,0.8985849056603774,0.08326189939093176
ACSIncome-CA,mlp,3,0.1,lac,predclass,mondrian,0.9,0.9183333333333333,1.3195833333333333,0.036783246669990666,0.897029702970297,0.09611083410499321
ACSIncome-CA,mlp,3,0.1,lac,sex,mondrian,0.9,0.915,1.31625,0.009129255106616108,0.9107282693813625,0.06551767660039154
ACSIncome-CA,mlp,3,0.1,lac,age,mondrian,0.9,0.92375,1.34125,0.05298789551921845,0.8964705882352941,0.5608465608465609
ACSIncome-CA,mlp,3,0.1,lac,race,mondrian,0.9,0.92125,1.33,0.02522941148930191,0.9127358490566038,0.08736747123843913
ACSIncome-CA,mlp,3,0.1,aps,predclass,marginal,0.9,1.0,2.0,0.0,1.0,0.0
ACSIncome-CA,mlp,3,0.1,aps,sex,marginal,0.9,1.0,2.0,0.0,1.0,0.0
ACSIncome-CA,mlp,3,0.1,aps,age,marginal,0.9,1.0,2.0,0.0,1.0,0.0
ACSIncome-CA,mlp,3,0.1,aps,race,marginal,0.9,1.0,2.0,0.0,1.0,0.0
ACSIncome-CA,mlp,3,0.1,aps,predclass,mondrian,0.9,1.0,2.0,0.0,1.0,0.0
ACSIncome-CA,mlp,3,0.1,aps,sex,mondrian,0.9,1.0,2.0,0.0,1.0,0.0
ACSIncome-CA,mlp,3,0.1,aps,age,mondrian,0.9,1.0,1.9995833333333333,0.0,1.0,0.0036101083032491488
ACSIncome-CA,mlp,3,0.1,aps,race,mondrian,0.9,1.0,2.0,0.0,1.0,0.0
ACSIncome-CA,mlp,3,0.2,lac,predclass,marginal,0.8,0.8329166666666666,1.0841666666666667,0.07734881401809246,0.7881188118811882,0.029047652966735615
ACSIncome-CA,mlp,3,0.2,lac,sex,marginal,0.8,0.8329166666666666,1.0841666666666667,0.02616537117060458,0.8206734534064213,0.012583756313320649
ACSIncome-CA,mlp,3,0.2,lac,age,marginal,0.8,0.8329166666666666,1.0841666666666667,0.19477393845624902,0.7619047619047619,0.10807390104056047
ACSIncome-CA,mlp,3,0.2,lac,race,marginal,0.8,0.8329166666666666,1.0841666666666667,0.0907963004737199,0.7727272727272727,0.05591250854408747
ACSIncome-CA,mlp,3,0.2,lac,predclass,mondrian,0.8,0.8275,1.0754166666666667,0.02525820927416489,0.8128712871287128,0.1381793575040957
ACSIncome-CA,mlp,3,0.2,lac,sex,mondrian,0.8,0.8283333333333334,1.08,0.0020389506516762523,0.8272484416740873,0.0683480803949037
ACSIncome-CA,mlp,3,0.2,lac,age,mondrian,0.8,0.8533333333333334,1.1316666666666666,0.13063495434274786,0.8188235294117647,0.25396825396825395
ACSIncome-CA,mlp,3,0.2,lac,race,mondrian,0.8,0.83125,1.08125,0.043672456575682306,0.8,0.08923979246559899
ACSIncome-CA,mlp,3,0.2,aps,predclass,marginal,0.8,1.0,2.0,0.0,1.0,0.0
ACSIncome-CA,mlp,3,0.2,aps,sex,marginal,0.8,1.0,2.0,0.0,1.0,0.0
ACSIncome-CA,mlp,3,0.2,aps,age,marginal,0.8,1.0,2.0,0.0,1.0,0.0
ACSIncome-CA,mlp,3,0.2,aps,race,marginal,0.8,1.0,2.0,0.0,1.0,0.0
ACSIncome-CA,mlp,3,0.2,aps,predclass,mondrian,0.8,1.0,2.0,0.0,1.0,0.0
ACSIncome-CA,mlp,3,0.2,aps,sex,mondrian,0.8,1.0,2.0,0.0,1.0,0.0
ACSIncome-CA,mlp,3,0.2,aps,age,mondrian,0.8,1.0,1.9879166666666668,0.0,1.0,0.10469314079422376
ACSIncome-CA,mlp,3,0.2,aps,race,mondrian,0.8,1.0,2.0,0.0,1.0,0.0
ACSIncome-CA,mlp,4,0.05,lac,predclass,marginal,0.95,0.9441666666666667,1.47375,0.028293339545960472,0.9274028629856851,0.10470433934750156
ACSIncome-CA,mlp,4,0.05,lac,sex,marginal,0.95,0.9441666666666667,1.47375,0.009910286051645234,0.9395129615082483,0.04028867942545711
ACSIncome-CA,mlp,4,0.05,lac,age,marginal,0.95,0.9441666666666667,1.47375,0.10081204198851257,0.8823529411764706,0.36772422809656846
ACSIncome-CA,mlp,4,0.05,lac,race,marginal,0.95,0.9441666666666667,1.47375,0.08765364789849328,0.8762886597938144,0.12455552428947847
ACSIncome-CA,mlp,4,0.05,lac,predclass,mondrian,0.95,0.9454166666666667,1.47625,0.006242827435651854,0.941717791411043,0.19194860776750966
ACSIncome-CA,mlp,4,0.05,lac,sex,mondrian,0.95,0.9441666666666667,1.475,0.006818287955914548,0.940550133096717,0.030655111868853613
ACSIncome-CA,mlp,4,0.05,lac,age,mondrian,0.95,0.9470833333333334,1.4879166666666668,0.0722123192711428,0.8941176470588236,0.5580365054049263
ACSIncome-CA,mlp,4,0.05,lac,race,mondrian,0.95,0.94875,1.4916666666666667,0.06083961141950833,0.9175257731958762,0.18344818962403098
ACSIncome-CA,mlp,4,0.05,aps,predclass,marginal,0.95,1.0,2.0,0.0,1.0,0.0
ACSIncome-CA,mlp,4,0.05,aps,sex,marginal,0.95,1.0,2.0,0.0,1.0,0.0
ACSIncome-CA,mlp,4,0.05,aps,age,marginal,0.95,1.0,2.0,0.0,1.0,0.0
ACSIncome-CA,mlp,4,0.05,aps,race,marginal,0.95,1.0,2.0,0.0,1.0,0.0
ACSIncome-CA,mlp,4,0.05,aps,predclass,mondrian,0.95,1.0,2.0,0.0,1.0,0.0
ACSIncome-CA,mlp,4,0.05,aps,sex,mondrian,0.95,1.0,2.0,0.0,1.0,0.0
ACSIncome-CA,mlp,4,0.05,aps,age,mondrian,0.95,1.0,2.0,0.0,1.0,0.0
ACSIncome-CA,mlp,4,0.05,aps,race,mondrian,0.95,1.0,2.0,0.0,1.0,0.0
ACSIncome-CA,mlp,4,0.1,lac,predclass,marginal,0.9,0.8954166666666666,1.2925,0.04955864461184023,0.8660531697341514,0.0551111801403017
ACSIncome-CA,mlp,4,0.1,lac,sex,marginal,0.9,0.8954166666666666,1.2925,0.006466290877838898,0.8923802042419482,0.01564539884057048
ACSIncome-CA,mlp,4,0.1,lac,age,marginal,0.9,0.8954166666666666,1.2925,0.16718162012279658,0.8058823529411765,0.2527827292533176
ACSIncome-CA,mlp,4,0.1,lac,race,marginal,0.9,0.8954166666666666,1.2925,0.1268586439333862,0.7938144329896907,0.1301178660049629
ACSIncome-CA,mlp,4,0.1,lac,predclass,mondrian,0.9,0.895,1.2945833333333334,0.009163625067950654,0.8895705521472392,0.18447619787217517
ACSIncome-CA,mlp,4,0.1,lac,sex,mondrian,0.9,0.8908333333333334,1.2866666666666666,0.023368423840727237,0.878438331854481,0.07205554444189644
ACSIncome-CA,mlp,4,0.1,lac,age,mondrian,0.9,0.9,1.3091666666666666,0.10746682511388395,0.8352941176470589,0.4176470588235295
ACSIncome-CA,mlp,4,0.1,lac,race,mondrian,0.9,0.8970833333333333,1.3045833333333334,0.1237609040444092,0.8041237113402062,0.1262181215011402
ACSIncome-CA,mlp,4,0.1,aps,predclass,marginal,0.9,1.0,2.0,0.0,1.0,0.0
ACSIncome-CA,mlp,4,0.1,aps,sex,marginal,0.9,1.0,2.0,0.0,1.0,0.0
ACSIncome-CA,mlp,4,0.1,aps,age,marginal,0.9,1.0,2.0,0.0,1.0,0.0
ACSIncome-CA,mlp,4,0.1,aps,race,marginal,0.9,1.0,2.0,0.0,1.0,0.0
ACSIncome-CA,mlp,4,0.1,aps,predclass,mondrian,0.9,1.0,2.0,0.0,1.0,0.0
ACSIncome-CA,mlp,4,0.1,aps,sex,mondrian,0.9,1.0,2.0,0.0,1.0,0.0
ACSIncome-CA,mlp,4,0.1,aps,age,mondrian,0.9,1.0,1.9970833333333333,0.0,1.0,0.023569023569023573
ACSIncome-CA,mlp,4,0.1,aps,race,mondrian,0.9,1.0,2.0,0.0,1.0,0.0
ACSIncome-CA,mlp,4,0.2,lac,predclass,marginal,0.8,0.7929166666666667,1.02875,0.06811886826641811,0.7525562372188139,0.023957443503921594
ACSIncome-CA,mlp,4,0.2,lac,sex,marginal,0.8,0.7929166666666667,1.02875,0.0006405649797061042,0.7926158680282797,0.0043473381702145986
ACSIncome-CA,mlp,4,0.2,lac,age,marginal,0.8,0.7929166666666667,1.02875,0.25201029906912265,0.6941176470588235,0.03780946722123191
ACSIncome-CA,mlp,4,0.2,lac,race,marginal,0.8,0.7929166666666667,1.02875,0.1537182471668671,0.6701030927835051,0.011820042404339537
ACSIncome-CA,mlp,4,0.2,lac,predclass,mondrian,0.8,0.8095833333333333,1.0683333333333334,0.003058856013736788,0.8077709611451943,0.16768916155419222
ACSIncome-CA,mlp,4,0.2,lac,sex,mondrian,0.8,0.7975,1.0391666666666666,0.013019012721383505,0.7905944986690329,0.02030988289301172
ACSIncome-CA,mlp,4,0.2,lac,age,mondrian,0.8,0.8108333333333333,1.0658333333333334,0.21923153099623693,0.7235294117647059,0.1722488038277512
ACSIncome-CA,mlp,4,0.2,lac,race,mondrian,0.8,0.7904166666666667,1.0325,0.16364380547952218,0.6701030927835051,0.04812959408212003
ACSIncome-CA,mlp,4,0.2,aps,predclass,marginal,0.8,1.0,2.0,0.0,1.0,0.0
ACSIncome-CA,mlp,4,0.2,aps,sex,marginal,0.8,1.0,2.0,0.0,1.0,0.0
ACSIncome-CA,mlp,4,0.2,aps,age,marginal,0.8,1.0,2.0,0.0,1.0,0.0
ACSIncome-CA,mlp,4,0.2,aps,race,marginal,0.8,1.0,2.0,0.0,1.0,0.0
ACSIncome-CA,mlp,4,0.2,aps,predclass,mondrian,0.8,0.9995833333333334,1.98875,0.0007032348804500987,0.9992967651195499,0.018987341772152
ACSIncome-CA,mlp,4,0.2,aps,sex,mondrian,0.8,1.0,2.0,0.0,1.0,0.0
ACSIncome-CA,mlp,4,0.2,aps,age,mondrian,0.8,1.0,1.9854166666666666,0.0,1.0,0.11784511784511786
ACSIncome-CA,mlp,4,0.2,aps,race,mondrian,0.8,1.0,2.0,0.0,1.0,0.0
ACSEmployment-CA,tabpfn,0,0.05,lac,predclass,marginal,0.95,0.9341666666666667,1.3570833333333334,0.042974971380016824,0.9141295862607338,0.1951830527842482
ACSEmployment-CA,tabpfn,0,0.05,lac,sex,marginal,0.95,0.9341666666666667,1.3570833333333334,0.03079025734477092,0.9188741721854304,0.19893661940530682
ACSEmployment-CA,tabpfn,0,0.05,lac,age,marginal,0.95,0.9341666666666667,1.3570833333333334,0.03970700738761568,0.9182509505703422,0.4358551635208696
ACSEmployment-CA,tabpfn,0,0.05,lac,race,marginal,0.95,0.9341666666666667,1.3570833333333334,0.02101965660720262,0.9223300970873787,0.07172003457355935
ACSEmployment-CA,tabpfn,0,0.05,lac,predclass,mondrian,0.95,0.9441666666666667,1.3825,0.010845246989931168,0.9391100702576113,0.3432598108465026
ACSEmployment-CA,tabpfn,0,0.05,lac,sex,mondrian,0.95,0.9383333333333334,1.3675,0.009178185697142127,0.9337748344370861,0.10323792168540824
ACSEmployment-CA,tabpfn,0,0.05,lac,age,mondrian,0.95,0.93875,1.38125,0.07033957954288905,0.8904899135446686,0.39074088497719606
ACSEmployment-CA,tabpfn,0,0.05,lac,race,mondrian,0.95,0.9391666666666667,1.38,0.039456462245067936,0.9309868875086267,0.18420551628947446
ACSEmployment-CA,tabpfn,0,0.05,aps,predclass,marginal,0.95,1.0,2.0,0.0,1.0,0.0
ACSEmployment-CA,tabpfn,0,0.05,aps,sex,marginal,0.95,1.0,2.0,0.0,1.0,0.0
ACSEmployment-CA,tabpfn,0,0.05,aps,age,marginal,0.95,1.0,2.0,0.0,1.0,0.0
ACSEmployment-CA,tabpfn,0,0.05,aps,race,marginal,0.95,1.0,2.0,0.0,1.0,0.0
ACSEmployment-CA,tabpfn,0,0.05,aps,predclass,mondrian,0.95,1.0,2.0,0.0,1.0,0.0
ACSEmployment-CA,tabpfn,0,0.05,aps,sex,mondrian,0.95,1.0,2.0,0.0,1.0,0.0
ACSEmployment-CA,tabpfn,0,0.05,aps,age,mondrian,0.95,1.0,2.0,0.0,1.0,0.0
ACSEmployment-CA,tabpfn,0,0.05,aps,race,mondrian,0.95,1.0,2.0,0.0,1.0,0.0
ACSEmployment-CA,tabpfn,0,0.1,lac,predclass,marginal,0.9,0.8879166666666667,1.1920833333333334,0.09111723624095613,0.8454332552693209,0.05850196625039494
ACSEmployment-CA,tabpfn,0,0.1,lac,sex,marginal,0.9,0.8879166666666667,1.1920833333333334,0.006005822480999123,0.8849337748344371,0.11839970665362909
ACSEmployment-CA,tabpfn,0,0.1,lac,age,marginal,0.9,0.8879166666666667,1.1920833333333334,0.08054452146671165,0.8443804034582133,0.28220006750266124
ACSEmployment-CA,tabpfn,0,0.1,lac,race,marginal,0.9,0.8879166666666667,1.1920833333333334,0.03001100004782631,0.8640776699029126,0.021617342589209443
ACSEmployment-CA,tabpfn,0,0.1,lac,predclass,mondrian,0.9,0.8883333333333333,1.1970833333333333,0.00829613258743489,0.8844652615144418,0.273807954157798
ACSEmployment-CA,tabpfn,0,0.1,lac,sex,mondrian,0.9,0.8904166666666666,1.1958333333333333,0.019373083248144463,0.8807947019867549,0.14595093115249558
ACSEmployment-CA,tabpfn,0,0.1,lac,age,mondrian,0.9,0.8875,1.2008333333333334,0.0902213013518347,0.8184438040345822,0.3235411203710916
ACSEmployment-CA,tabpfn,0,0.1,lac,race,mondrian,0.9,0.89125,1.1983333333333333,0.03350199496244122,0.8778280542986425,0.11808612568426846
ACSEmployment-CA,tabpfn,0,0.1,aps,predclass,marginal,0.9,1.0,2.0,0.0,1.0,0.0
ACSEmployment-CA,tabpfn,0,0.1,aps,sex,marginal,0.9,1.0,2.0,0.0,1.0,0.0
ACSEmployment-CA,tabpfn,0,0.1,aps,age,marginal,0.9,1.0,2.0,0.0,1.0,0.0
ACSEmployment-CA,tabpfn,0,0.1,aps,race,marginal,0.9,1.0,2.0,0.0,1.0,0.0
ACSEmployment-CA,tabpfn,0,0.1,aps,predclass,mondrian,0.9,1.0,2.0,0.0,1.0,0.0
ACSEmployment-CA,tabpfn,0,0.1,aps,sex,mondrian,0.9,1.0,2.0,0.0,1.0,0.0
ACSEmployment-CA,tabpfn,0,0.1,aps,age,mondrian,0.9,1.0,2.0,0.0,1.0,0.0
ACSEmployment-CA,tabpfn,0,0.1,aps,race,mondrian,0.9,1.0,2.0,0.0,1.0,0.0
ACSEmployment-CA,tabpfn,0,0.2,lac,predclass,marginal,0.8,0.81125,1.0,0.11588006186520672,0.7572209211553473,0.0
ACSEmployment-CA,tabpfn,0,0.2,lac,sex,marginal,0.8,0.81125,1.0,0.04168518600826698,0.790268456375839,0.0
ACSEmployment-CA,tabpfn,0,0.2,lac,age,marginal,0.8,0.81125,1.0,0.188479545828249,0.6974063400576369,0.0
ACSEmployment-CA,tabpfn,0,0.2,lac,race,marginal,0.8,0.81125,1.0,0.04524714064604318,0.7766990291262136,0.0
ACSEmployment-CA,tabpfn,0,0.2,lac,predclass,mondrian,0.8,0.8295833333333333,1.03875,0.0815318963695002,0.7915690866510539,0.07259953161592514
ACSEmployment-CA,tabpfn,0,0.2,lac,sex,mondrian,0.8,0.815,1.0075,0.03413485043779729,0.7978187919463087,0.015100671140939603
ACSEmployment-CA,tabpfn,0,0.2,lac,age,mondrian,0.8,0.82875,1.0325,0.12219712507896952,0.7636887608069164,0.13832853025936598
ACSEmployment-CA,tabpfn,0,0.2,lac,race,mondrian,0.8,0.81625,1.0116666666666667,0.04842412358314607,0.7766990291262136,0.06896551724137923
ACSEmployment-CA,tabpfn,0,0.2,aps,predclass,marginal,0.8,1.0,1.98125,0.0,1.0,0.04021447721179627
ACSEmployment-CA,tabpfn,0,0.2,aps,sex,marginal,0.8,1.0,1.98125,0.0,1.0,0.019417529667985267
ACSEmployment-CA,tabpfn,0,0.2,aps,age,marginal,0.8,1.0,1.98125,0.0,1.0,0.06756756756756754
ACSEmployment-CA,tabpfn,0,0.2,aps,race,marginal,0.8,1.0,1.98125,0.0,1.0,0.03167420814479649
ACSEmployment-CA,tabpfn,0,0.2,aps,predclass,mondrian,0.8,1.0,1.9691666666666667,0.0,1.0,0.06613047363717595
ACSEmployment-CA,tabpfn,0,0.2,aps,sex,mondrian,0.8,1.0,1.9808333333333332,0.0,1.0,0.038079470198675525
ACSEmployment-CA,tabpfn,0,0.2,aps,age,mondrian,0.8,1.0,1.9704166666666667,0.0,1.0,0.072072072072072
ACSEmployment-CA,tabpfn,0,0.2,aps,race,mondrian,0.8,1.0,1.98,0.0,1.0,0.028295376121463045
ACSEmployment-CA,tabpfn,1,0.05,lac,predclass,marginal,0.95,0.9491666666666667,1.4,0.04023686407424831,0.9296685529506872,0.1738319277146121
ACSEmployment-CA,tabpfn,1,0.05,lac,sex,marginal,0.95,0.9491666666666667,1.4,0.00942325032561142,0.9442508710801394,0.1639745744787433
ACSEmployment-CA,tabpfn,1,0.05,lac,age,marginal,0.95,0.9491666666666667,1.4,0.07426330218838517,0.9197396963123644,0.37568232458356454
ACSEmployment-CA,tabpfn,1,0.05,lac,race,marginal,0.95,0.9491666666666667,1.4,0.024046673617427183,0.9431664411366711,0.06014133213050665
ACSEmployment-CA,tabpfn,1,0.05,lac,predclass,mondrian,0.95,0.9533333333333334,1.4145833333333333,0.015470263048690036,0.9458367016976557,0.2855388212821772
ACSEmployment-CA,tabpfn,1,0.05,lac,sex,mondrian,0.95,0.95,1.4054166666666668,0.00567732742594429,0.9472843450479234,0.10422626932796031
ACSEmployment-CA,tabpfn,1,0.05,lac,age,mondrian,0.95,0.9579166666666666,1.435,0.0171724664799211,0.9447513812154696,0.5216645820736041
ACSEmployment-CA,tabpfn,1,0.05,lac,race,mondrian,0.95,0.9520833333333333,1.4108333333333334,0.06588129538949206,0.898989898989899,0.21969696969696972
ACSEmployment-CA,tabpfn,1,0.05,aps,predclass,marginal,0.95,1.0,2.0,0.0,1.0,0.0
ACSEmployment-CA,tabpfn,1,0.05,aps,sex,marginal,0.95,1.0,2.0,0.0,1.0,0.0
ACSEmployment-CA,tabpfn,1,0.05,aps,age,marginal,0.95,1.0,2.0,0.0,1.0,0.0
ACSEmployment-CA,tabpfn,1,0.05,aps,race,marginal,0.95,1.0,2.0,0.0,1.0,0.0
ACSEmployment-CA,tabpfn,1,0.05,aps,predclass,mondrian,0.95,1.0,2.0,0.0,1.0,0.0
ACSEmployment-CA,tabpfn,1,0.05,aps,sex,mondrian,0.95,1.0,2.0,0.0,1.0,0.0
ACSEmployment-CA,tabpfn,1,0.05,aps,age,mondrian,0.95,1.0,2.0,0.0,1.0,0.0
ACSEmployment-CA,tabpfn,1,0.05,aps,race,mondrian,0.95,1.0,2.0,0.0,1.0,0.0
ACSEmployment-CA,tabpfn,1,0.1,lac,predclass,marginal,0.9,0.9,1.2145833333333333,0.07056708773827336,0.8658043654001617,0.057655507214845025
ACSEmployment-CA,tabpfn,1,0.1,lac,sex,marginal,0.9,0.9,1.2145833333333333,0.019703665772394796,0.8905750798722045,0.10743785552871521
ACSEmployment-CA,tabpfn,1,0.1,lac,age,marginal,0.9,0.9,1.2145833333333333,0.10869151059829196,0.850828729281768,0.22908297232599173
ACSEmployment-CA,tabpfn,1,0.1,lac,race,marginal,0.9,0.9,1.2145833333333333,0.055638350720317975,0.8787878787878788,0.046307593336143205
ACSEmployment-CA,tabpfn,1,0.1,lac,predclass,mondrian,0.9,0.8958333333333334,1.2154166666666666,0.006429723813820121,0.8925193465176269,0.27447691590129786
ACSEmployment-CA,tabpfn,1,0.1,lac,sex,mondrian,0.9,0.9016666666666666,1.2225,0.00018924424753152813,0.9015679442508711,0.16435862898108677
ACSEmployment-CA,tabpfn,1,0.1,lac,age,mondrian,0.9,0.8925,1.2291666666666667,0.035347289858720266,0.8770614692653673,0.539465074092788
ACSEmployment-CA,tabpfn,1,0.1,lac,race,mondrian,0.9,0.9045833333333333,1.2279166666666668,0.10453480945284221,0.8181818181818182,0.19444444444444442
ACSEmployment-CA,tabpfn,1,0.1,aps,predclass,marginal,0.9,1.0,2.0,0.0,1.0,0.0
ACSEmployment-CA,tabpfn,1,0.1,aps,sex,marginal,0.9,1.0,2.0,0.0,1.0,0.0
ACSEmployment-CA,tabpfn,1,0.1,aps,age,marginal,0.9,1.0,2.0,0.0,1.0,0.0
ACSEmployment-CA,tabpfn,1,0.1,aps,race,marginal,0.9,1.0,2.0,0.0,1.0,0.0
ACSEmployment-CA,tabpfn,1,0.1,aps,predclass,mondrian,0.9,1.0,2.0,0.0,1.0,0.0
ACSEmployment-CA,tabpfn,1,0.1,aps,sex,mondrian,0.9,1.0,2.0,0.0,1.0,0.0
ACSEmployment-CA,tabpfn,1,0.1,aps,age,mondrian,0.9,1.0,2.0,0.0,1.0,0.0
ACSEmployment-CA,tabpfn,1,0.1,aps,race,mondrian,0.9,1.0,2.0,0.0,1.0,0.0
ACSEmployment-CA,tabpfn,1,0.2,lac,predclass,marginal,0.8,0.8045833333333333,1.0,0.09554013503115111,0.7582861762328214,0.0
ACSEmployment-CA,tabpfn,1,0.2,lac,sex,marginal,0.8,0.8045833333333333,1.0,0.062347630550700694,0.7747603833865815,0.0
ACSEmployment-CA,tabpfn,1,0.2,lac,age,marginal,0.8,0.8045833333333333,1.0,0.20831711216215099,0.6657458563535912,0.0
ACSEmployment-CA,tabpfn,1,0.2,lac,race,marginal,0.8,0.8045833333333333,1.0,0.03881910439287495,0.7878787878787878,0.0
ACSEmployment-CA,tabpfn,1,0.2,lac,predclass,mondrian,0.8,0.8154166666666667,1.0204166666666667,0.07452154166009206,0.7793047696038804,0.039611964430072755
ACSEmployment-CA,tabpfn,1,0.2,lac,sex,mondrian,0.8,0.8125,1.01625,0.047171911700860436,0.7899361022364217,0.031150159744409045
ACSEmployment-CA,tabpfn,1,0.2,lac,age,mondrian,0.8,0.8283333333333334,1.04875,0.08448381019910889,0.7895791583166333,0.32320441988950277
ACSEmployment-CA,tabpfn,1,0.2,lac,race,mondrian,0.8,0.8045833333333333,1.0,0.03881910439287495,0.7878787878787878,0.0
ACSEmployment-CA,tabpfn,1,0.2,aps,predclass,marginal,0.8,1.0,1.975,0.0,1.0,0.05159071367153922
ACSEmployment-CA,tabpfn,1,0.2,aps,sex,marginal,0.8,1.0,1.975,0.0,1.0,0.03790450957909841
ACSEmployment-CA,tabpfn,1,0.2,aps,age,marginal,0.8,1.0,1.975,0.0,1.0,0.08995502248875553
ACSEmployment-CA,tabpfn,1,0.2,aps,race,marginal,0.8,1.0,1.975,0.0,1.0,0.00790102429446704
ACSEmployment-CA,tabpfn,1,0.2,aps,predclass,mondrian,0.8,1.0,1.9708333333333334,0.0,1.0,0.06018916595012902
ACSEmployment-CA,tabpfn,1,0.2,aps,sex,mondrian,0.8,1.0,1.9754166666666666,0.0,1.0,0.05139372822299659
ACSEmployment-CA,tabpfn,1,0.2,aps,age,mondrian,0.8,1.0,1.9633333333333334,0.0,1.0,0.09445277361319349
ACSEmployment-CA,tabpfn,1,0.2,aps,race,mondrian,0.8,1.0,1.9733333333333334,0.0,1.0,0.05108596109949293
ACSEmployment-CA,tabpfn,2,0.05,lac,predclass,marginal,0.95,0.95125,1.395,0.04406282789498461,0.9300080450522928,0.20695740572443366
ACSEmployment-CA,tabpfn,2,0.05,lac,sex,marginal,0.95,0.95125,1.395,0.020103214139128633,0.9412737799834574,0.16760109422821712
ACSEmployment-CA,tabpfn,2,0.05,lac,age,marginal,0.95,0.95125,1.395,0.0466350464181392,0.9322381930184805,0.3396339822373733
ACSEmployment-CA,tabpfn,2,0.05,lac,race,marginal,0.95,0.95125,1.395,0.022044772044772065,0.9419191919191919,0.03790618204411289
ACSEmployment-CA,tabpfn,2,0.05,lac,predclass,mondrian,0.95,0.9504166666666667,1.4108333333333334,0.017302077459181997,0.9420756234915527,0.35100764801470774
ACSEmployment-CA,tabpfn,2,0.05,lac,sex,mondrian,0.95,0.9520833333333333,1.4116666666666666,0.00821921233069367,0.9479429051217464,0.03951055580209717
ACSEmployment-CA,tabpfn,2,0.05,lac,age,mondrian,0.95,0.9620833333333333,1.4691666666666667,0.043973660447041873,0.944206008583691,0.5013097694446937
ACSEmployment-CA,tabpfn,2,0.05,lac,race,mondrian,0.95,0.95375,1.4066666666666667,0.014998446722584657,0.9489655172413793,0.08372344130964815
ACSEmployment-CA,tabpfn,2,0.05,aps,predclass,marginal,0.95,1.0,2.0,0.0,1.0,0.0
ACSEmployment-CA,tabpfn,2,0.05,aps,sex,marginal,0.95,1.0,2.0,0.0,1.0,0.0
ACSEmployment-CA,tabpfn,2,0.05,aps,age,marginal,0.95,1.0,2.0,0.0,1.0,0.0
ACSEmployment-CA,tabpfn,2,0.05,aps,race,marginal,0.95,1.0,2.0,0.0,1.0,0.0
ACSEmployment-CA,tabpfn,2,0.05,aps,predclass,mondrian,0.95,1.0,2.0,0.0,1.0,0.0
ACSEmployment-CA,tabpfn,2,0.05,aps,sex,mondrian,0.95,1.0,2.0,0.0,1.0,0.0
ACSEmployment-CA,tabpfn,2,0.05,aps,age,mondrian,0.95,1.0,2.0,0.0,1.0,0.0
ACSEmployment-CA,tabpfn,2,0.05,aps,race,mondrian,0.95,1.0,2.0,0.0,1.0,0.0
ACSEmployment-CA,tabpfn,2,0.1,lac,predclass,marginal,0.9,0.9054166666666666,1.22625,0.08416292864935604,0.8648431214802896,0.06803944787438865
ACSEmployment-CA,tabpfn,2,0.1,lac,sex,marginal,0.9,0.9054166666666666,1.22625,0.002252210020146972,0.9042821158690176,0.1242340714998551
ACSEmployment-CA,tabpfn,2,0.1,lac,age,marginal,0.9,0.9054166666666666,1.22625,0.08086804086320498,0.871244635193133,0.21952094734009142
ACSEmployment-CA,tabpfn,2,0.1,lac,race,marginal,0.9,0.9054166666666666,1.22625,0.02904325421255438,0.8964646464646465,0.05623389652735011
ACSEmployment-CA,tabpfn,2,0.1,lac,predclass,mondrian,0.9,0.90375,1.23625,0.013953333134003376,0.8970233306516492,0.28927351856654826
ACSEmployment-CA,tabpfn,2,0.1,lac,sex,mondrian,0.9,0.9066666666666666,1.23125,0.014734162129953154,0.8992443324937027,0.07263950263869012
ACSEmployment-CA,tabpfn,2,0.1,lac,age,mondrian,0.9,0.9091666666666667,1.2579166666666666,0.04126670853144343,0.9014084507042254,0.49075984569839437
ACSEmployment-CA,tabpfn,2,0.1,lac,race,mondrian,0.9,0.9079166666666667,1.23375,0.04948129948129942,0.8964646464646465,0.09527360473262259
ACSEmployment-CA,tabpfn,2,0.1,aps,predclass,marginal,0.9,1.0,2.0,0.0,1.0,0.0
ACSEmployment-CA,tabpfn,2,0.1,aps,sex,marginal,0.9,1.0,2.0,0.0,1.0,0.0
ACSEmployment-CA,tabpfn,2,0.1,aps,age,marginal,0.9,1.0,2.0,0.0,1.0,0.0
ACSEmployment-CA,tabpfn,2,0.1,aps,race,marginal,0.9,1.0,2.0,0.0,1.0,0.0
ACSEmployment-CA,tabpfn,2,0.1,aps,predclass,mondrian,0.9,1.0,2.0,0.0,1.0,0.0
ACSEmployment-CA,tabpfn,2,0.1,aps,sex,mondrian,0.9,1.0,2.0,0.0,1.0,0.0
ACSEmployment-CA,tabpfn,2,0.1,aps,age,mondrian,0.9,1.0,2.0,0.0,1.0,0.0
ACSEmployment-CA,tabpfn,2,0.1,aps,race,mondrian,0.9,1.0,2.0,0.0,1.0,0.0
ACSEmployment-CA,tabpfn,2,0.2,lac,predclass,marginal,0.8,0.8158333333333333,1.0,0.11361393900918615,0.7610619469026548,0.0
ACSEmployment-CA,tabpfn,2,0.2,lac,sex,marginal,0.8,0.8158333333333333,1.0,0.05109870763563773,0.7900923593618808,0.0
ACSEmployment-CA,tabpfn,2,0.2,lac,age,marginal,0.8,0.8158333333333333,1.0,0.12519960527496188,0.7452229299363057,0.0
ACSEmployment-CA,tabpfn,2,0.2,lac,race,marginal,0.8,0.8158333333333333,1.0,0.05450145404998685,0.801354401805869,0.0
ACSEmployment-CA,tabpfn,2,0.2,lac,predclass,mondrian,0.8,0.8341666666666666,1.0345833333333334,0.07821570892069052,0.7964601769911505,0.0667739340305713
ACSEmployment-CA,tabpfn,2,0.2,lac,sex,mondrian,0.8,0.8158333333333333,1.0,0.05109870763563773,0.7900923593618808,0.0
ACSEmployment-CA,tabpfn,2,0.2,lac,age,mondrian,0.8,0.8279166666666666,1.0258333333333334,0.0798681204268733,0.7905544147843943,0.12420382165605104
ACSEmployment-CA,tabpfn,2,0.2,lac,race,mondrian,0.8,0.8216666666666667,1.0129166666666667,0.04019929019929025,0.8156565656565656,0.06997742663656892
ACSEmployment-CA,tabpfn,2,0.2,aps,predclass,marginal,0.8,1.0,1.9845833333333334,0.0,1.0,0.03197925669835788
ACSEmployment-CA,tabpfn,2,0.2,aps,sex,marginal,0.8,1.0,1.9845833333333334,0.0,1.0,0.000602117202425978
ACSEmployment-CA,tabpfn,2,0.2,aps,age,marginal,0.8,1.0,1.9845833333333334,0.0,1.0,0.05211267605633796
ACSEmployment-CA,tabpfn,2,0.2,aps,race,marginal,0.8,1.0,1.9845833333333334,0.0,1.0,0.02483069977426644
ACSEmployment-CA,tabpfn,2,0.2,aps,predclass,mondrian,0.8,1.0,1.9675,0.0,1.0,0.0674157303370786
ACSEmployment-CA,tabpfn,2,0.2,aps,sex,mondrian,0.8,1.0,1.9820833333333334,0.0,1.0,0.017232219312336428
ACSEmployment-CA,tabpfn,2,0.2,aps,age,mondrian,0.8,1.0,1.9666666666666666,0.0,1.0,0.08450704225352124
ACSEmployment-CA,tabpfn,2,0.2,aps,race,mondrian,0.8,1.0,1.9779166666666668,0.0,1.0,0.10810810810810811
ACSEmployment-CA,tabpfn,3,0.05,lac,predclass,marginal,0.95,0.9433333333333334,1.3508333333333333,0.04918556772103111,0.9200316706254948,0.17196982516394166
ACSEmployment-CA,tabpfn,3,0.05,lac,sex,marginal,0.95,0.9433333333333334,1.3508333333333333,0.02732870771297069,0.9295892707460185,0.18757999404146375
ACSEmployment-CA,tabpfn,3,0.05,lac,age,marginal,0.95,0.9433333333333334,1.3508333333333333,0.06595099049582054,0.9044715447154471,0.48239664524363013
ACSEmployment-CA,tabpfn,3,0.05,lac,race,marginal,0.95,0.9433333333333334,1.3508333333333333,0.03676484883833964,0.9212598425196851,0.04881441101913553
ACSEmployment-CA,tabpfn,3,0.05,lac,predclass,mondrian,0.95,0.9479166666666666,1.3575,0.02042086835172774,0.9382422802850356,0.30998355885074913
ACSEmployment-CA,tabpfn,3,0.05,lac,sex,mondrian,0.95,0.9433333333333334,1.35125,0.02732870771297069,0.9295892707460185,0.18840849445571406
ACSEmployment-CA,tabpfn,3,0.05,lac,age,mondrian,0.95,0.9408333333333333,1.3570833333333334,0.042959411314220985,0.923943661971831,0.6149414285063128
ACSEmployment-CA,tabpfn,3,0.05,lac,race,mondrian,0.95,0.94625,1.3629166666666668,0.01784386012028283,0.942649967040211,0.15418265024564248
ACSEmployment-CA,tabpfn,3,0.05,aps,predclass,marginal,0.95,1.0,2.0,0.0,1.0,0.0
ACSEmployment-CA,tabpfn,3,0.05,aps,sex,marginal,0.95,1.0,2.0,0.0,1.0,0.0
ACSEmployment-CA,tabpfn,3,0.05,aps,age,marginal,0.95,1.0,2.0,0.0,1.0,0.0
ACSEmployment-CA,tabpfn,3,0.05,aps,race,marginal,0.95,1.0,2.0,0.0,1.0,0.0
ACSEmployment-CA,tabpfn,3,0.05,aps,predclass,mondrian,0.95,1.0,2.0,0.0,1.0,0.0
ACSEmployment-CA,tabpfn,3,0.05,aps,sex,mondrian,0.95,1.0,2.0,0.0,1.0,0.0
ACSEmployment-CA,tabpfn,3,0.05,aps,age,mondrian,0.95,1.0,2.0,0.0,1.0,0.0
ACSEmployment-CA,tabpfn,3,0.05,aps,race,mondrian,0.95,1.0,2.0,0.0,1.0,0.0
ACSEmployment-CA,tabpfn,3,0.1,lac,predclass,marginal,0.9,0.8945833333333333,1.1825,0.0933552270111161,0.850356294536817,0.06434819304040085
ACSEmployment-CA,tabpfn,3,0.1,lac,sex,marginal,0.9,0.8945833333333333,1.1825,0.01460396916283957,0.8873239436619719,0.07620675981335467
ACSEmployment-CA,tabpfn,3,0.1,lac,age,marginal,0.9,0.8945833333333333,1.1825,0.10079010649261422,0.8414634146341463,0.31058094561528127
ACSEmployment-CA,tabpfn,3,0.1,lac,race,marginal,0.9,0.8945833333333333,1.1825,0.03361823361823357,0.8774928774928775,0.09838556505223184
ACSEmployment-CA,tabpfn,3,0.1,lac,predclass,mondrian,0.9,0.9004166666666666,1.2025,0.025447222239631362,0.8883610451306413,0.2561100700472343
ACSEmployment-CA,tabpfn,3,0.1,lac,sex,mondrian,0.9,0.8958333333333334,1.1904166666666667,0.02121599971110122,0.8851634534786254,0.17528443676208427
ACSEmployment-CA,tabpfn,3,0.1,lac,age,mondrian,0.9,0.9041666666666667,1.2158333333333333,0.03657310292012117,0.8901408450704226,0.5372168284789645
ACSEmployment-CA,tabpfn,3,0.1,lac,race,mondrian,0.9,0.8991666666666667,1.1958333333333333,0.009666577146251965,0.8965062623599209,0.12257442178702016
ACSEmployment-CA,tabpfn,3,0.1,aps,predclass,marginal,0.9,1.0,2.0,0.0,1.0,0.0
ACSEmployment-CA,tabpfn,3,0.1,aps,sex,marginal,0.9,1.0,2.0,0.0,1.0,0.0
ACSEmployment-CA,tabpfn,3,0.1,aps,age,marginal,0.9,1.0,2.0,0.0,1.0,0.0
ACSEmployment-CA,tabpfn,3,0.1,aps,race,marginal,0.9,1.0,2.0,0.0,1.0,0.0
ACSEmployment-CA,tabpfn,3,0.1,aps,predclass,mondrian,0.9,1.0,2.0,0.0,1.0,0.0
ACSEmployment-CA,tabpfn,3,0.1,aps,sex,mondrian,0.9,1.0,2.0,0.0,1.0,0.0
ACSEmployment-CA,tabpfn,3,0.1,aps,age,mondrian,0.9,1.0,1.9970833333333333,0.0,1.0,0.009859154929577452
ACSEmployment-CA,tabpfn,3,0.1,aps,race,mondrian,0.9,1.0,2.0,0.0,1.0,0.0
ACSEmployment-CA,tabpfn,3,0.2,lac,predclass,marginal,0.8,0.8233333333333334,1.0,0.11510057930504292,0.7688044338875692,0.0
ACSEmployment-CA,tabpfn,3,0.2,lac,sex,marginal,0.8,0.8233333333333334,1.0,0.03627345652734015,0.8053024026512013,0.0
ACSEmployment-CA,tabpfn,3,0.2,lac,age,marginal,0.8,0.8233333333333334,1.0,0.15551301335521217,0.7346278317152104,0.0
ACSEmployment-CA,tabpfn,3,0.2,lac,race,marginal,0.8,0.8233333333333334,1.0,0.010162191264553533,0.8188976377952756,0.0
ACSEmployment-CA,tabpfn,3,0.2,lac,predclass,mondrian,0.8,0.8304166666666667,1.0166666666666666,0.10164056346973016,0.782264449722882,0.031670625494853555
ACSEmployment-CA,tabpfn,3,0.2,lac,sex,mondrian,0.8,0.8275,1.0075,0.027988452384838047,0.8135874067937034,0.014913007456503813
ACSEmployment-CA,tabpfn,3,0.2,lac,age,mondrian,0.8,0.84,1.0408333333333333,0.102587197001753,0.7875536480686696,0.3074433656957929
ACSEmployment-CA,tabpfn,3,0.2,lac,race,mondrian,0.8,0.8241666666666667,1.0008333333333332,0.01262853020102872,0.8220171390903098,0.015748031496062964
ACSEmployment-CA,tabpfn,3,0.2,aps,predclass,marginal,0.8,1.0,1.9766666666666666,0.0,1.0,0.049252418645558516
ACSEmployment-CA,tabpfn,3,0.2,aps,sex,marginal,0.8,1.0,1.9766666666666666,0.0,1.0,0.01027257177501184
ACSEmployment-CA,tabpfn,3,0.2,aps,age,marginal,0.8,1.0,1.9766666666666666,0.0,1.0,0.07887323943661961
ACSEmployment-CA,tabpfn,3,0.2,aps,race,marginal,0.8,1.0,1.9766666666666666,0.0,1.0,0.012982087778835805
ACSEmployment-CA,tabpfn,3,0.2,aps,predclass,mondrian,0.8,1.0,1.9675,0.0,1.0,0.06860158311345654
ACSEmployment-CA,tabpfn,3,0.2,aps,sex,mondrian,0.8,1.0,1.97,0.0,1.0,0.06035205364626983
ACSEmployment-CA,tabpfn,3,0.2,aps,age,mondrian,0.8,1.0,1.9629166666666666,0.0,1.0,0.09436619718309869
ACSEmployment-CA,tabpfn,3,0.2,aps,race,mondrian,0.8,1.0,1.98,0.0,1.0,0.03988603988603989
ACSEmployment-CA,tabpfn,4,0.05,lac,predclass,marginal,0.95,0.94625,1.40125,0.038787165562904735,0.9272281275551921,0.1938566320544144
ACSEmployment-CA,tabpfn,4,0.05,lac,sex,marginal,0.95,0.94625,1.40125,0.019166137807401618,0.9363714531384351,0.20628569800039065
ACSEmployment-CA,tabpfn,4,0.05,lac,age,marginal,0.95,0.94625,1.40125,0.07246376811594202,0.9166666666666666,0.38696210661528596
ACSEmployment-CA,tabpfn,4,0.05,lac,race,marginal,0.95,0.94625,1.40125,0.030643946526077936,0.9361702127659575,0.09145972138098113
ACSEmployment-CA,tabpfn,4,0.05,lac,predclass,mondrian,0.95,0.95,1.4195833333333334,0.013588325155560632,0.9430756159728122,0.4182362826343844
ACSEmployment-CA,tabpfn,4,0.05,lac,sex,mondrian,0.95,0.9470833333333334,1.4066666666666667,0.007577342626427508,0.9434114793856103,0.12003634010389042
ACSEmployment-CA,tabpfn,4,0.05,lac,age,mondrian,0.95,0.9545833333333333,1.4683333333333333,0.03911487262976443,0.938858695652174,0.5816354625550662
ACSEmployment-CA,tabpfn,4,0.05,lac,race,mondrian,0.95,0.9479166666666666,1.4083333333333334,0.05055377693172969,0.9258241758241759,0.2293847884399065
ACSEmployment-CA,tabpfn,4,0.05,aps,predclass,marginal,0.95,1.0,2.0,0.0,1.0,0.0
ACSEmployment-CA,tabpfn,4,0.05,aps,sex,marginal,0.95,1.0,2.0,0.0,1.0,0.0
ACSEmployment-CA,tabpfn,4,0.05,aps,age,marginal,0.95,1.0,2.0,0.0,1.0,0.0
ACSEmployment-CA,tabpfn,4,0.05,aps,race,marginal,0.95,1.0,2.0,0.0,1.0,0.0
ACSEmployment-CA,tabpfn,4,0.05,aps,predclass,mondrian,0.95,1.0,2.0,0.0,1.0,0.0
ACSEmployment-CA,tabpfn,4,0.05,aps,sex,mondrian,0.95,1.0,2.0,0.0,1.0,0.0
ACSEmployment-CA,tabpfn,4,0.05,aps,age,mondrian,0.95,1.0,2.0,0.0,1.0,0.0
ACSEmployment-CA,tabpfn,4,0.05,aps,race,mondrian,0.95,1.0,2.0,0.0,1.0,0.0
ACSEmployment-CA,tabpfn,4,0.1,lac,predclass,marginal,0.9,0.89375,1.2016666666666667,0.0767886258215692,0.8560915780866721,0.06562688654373727
ACSEmployment-CA,tabpfn,4,0.1,lac,sex,marginal,0.9,0.89375,1.2016666666666667,0.019299598020618203,0.8843977364591754,0.0959884779349256
ACSEmployment-CA,tabpfn,4,0.1,lac,age,marginal,0.9,0.89375,1.2016666666666667,0.08182367149758452,0.8611111111111112,0.2971623751970571
ACSEmployment-CA,tabpfn,4,0.1,lac,race,marginal,0.9,0.89375,1.2016666666666667,0.021900714248003217,0.8874399450926561,0.039045600069222086
ACSEmployment-CA,tabpfn,4,0.1,lac,predclass,mondrian,0.9,0.89875,1.2283333333333333,0.00862191735714024,0.8945216680294358,0.2696796253623728
ACSEmployment-CA,tabpfn,4,0.1,lac,sex,mondrian,0.9,0.8945833333333333,1.2054166666666666,0.01768278314592131,0.8860145513338723,0.10326414487106139
ACSEmployment-CA,tabpfn,4,0.1,lac,age,mondrian,0.9,0.8958333333333334,1.24125,0.03994086381919171,0.876358695652174,0.4236931389796432
ACSEmployment-CA,tabpfn,4,0.1,lac,race,mondrian,0.9,0.8941666666666667,1.2025,0.019182145288340058,0.8901098901098901,0.0685354468540309
ACSEmployment-CA,tabpfn,4,0.1,aps,predclass,marginal,0.9,1.0,2.0,0.0,1.0,0.0
ACSEmployment-CA,tabpfn,4,0.1,aps,sex,marginal,0.9,1.0,2.0,0.0,1.0,0.0
ACSEmployment-CA,tabpfn,4,0.1,aps,age,marginal,0.9,1.0,2.0,0.0,1.0,0.0
ACSEmployment-CA,tabpfn,4,0.1,aps,race,marginal,0.9,1.0,2.0,0.0,1.0,0.0
ACSEmployment-CA,tabpfn,4,0.1,aps,predclass,mondrian,0.9,1.0,2.0,0.0,1.0,0.0
ACSEmployment-CA,tabpfn,4,0.1,aps,sex,mondrian,0.9,1.0,2.0,0.0,1.0,0.0
ACSEmployment-CA,tabpfn,4,0.1,aps,age,mondrian,0.9,1.0,2.0,0.0,1.0,0.0
ACSEmployment-CA,tabpfn,4,0.1,aps,race,mondrian,0.9,1.0,2.0,0.0,1.0,0.0
ACSEmployment-CA,tabpfn,4,0.2,lac,predclass,marginal,0.8,0.8075,1.0,0.09765670861031583,0.759607522485691,0.0
ACSEmployment-CA,tabpfn,4,0.2,lac,sex,marginal,0.8,0.8075,1.0,0.06652574565680847,0.7752627324171383,0.0
ACSEmployment-CA,tabpfn,4,0.2,lac,age,marginal,0.8,0.8075,1.0,0.16759864287509418,0.6965317919075145,0.0
ACSEmployment-CA,tabpfn,4,0.2,lac,race,marginal,0.8,0.8075,1.0,0.043664300301468506,0.7942477876106194,0.0
ACSEmployment-CA,tabpfn,4,0.2,lac,predclass,mondrian,0.8,0.8154166666666667,1.0195833333333333,0.0821211403355816,0.7751430907604252,0.038430089942763646
ACSEmployment-CA,tabpfn,4,0.2,lac,sex,mondrian,0.8,0.8075,1.0,0.06652574565680847,0.7752627324171383,0.0
ACSEmployment-CA,tabpfn,4,0.2,lac,age,mondrian,0.8,0.8241666666666667,1.0358333333333334,0.09245413420457393,0.7716763005780347,0.17630057803468202
ACSEmployment-CA,tabpfn,4,0.2,lac,race,mondrian,0.8,0.8075,1.0,0.043664300301468506,0.7942477876106194,0.0
ACSEmployment-CA,tabpfn,4,0.2,aps,predclass,marginal,0.8,1.0,1.97125,0.0,1.0,0.05862361937128302
ACSEmployment-CA,tabpfn,4,0.2,aps,sex,marginal,0.8,1.0,1.97125,0.0,1.0,0.005732533220818903
ACSEmployment-CA,tabpfn,4,0.2,aps,age,marginal,0.8,1.0,1.97125,0.0,1.0,0.09375
ACSEmployment-CA,tabpfn,4,0.2,aps,race,marginal,0.8,1.0,1.97125,0.0,1.0,0.027764271127103113
ACSEmployment-CA,tabpfn,4,0.2,aps,predclass,mondrian,0.8,1.0,1.9666666666666666,0.0,1.0,0.06796941376380627
ACSEmployment-CA,tabpfn,4,0.2,aps,sex,mondrian,0.8,1.0,1.9783333333333333,0.0,1.0,0.0263611725313857
ACSEmployment-CA,tabpfn,4,0.2,aps,age,mondrian,0.8,1.0,1.9633333333333334,0.0,1.0,0.10869565217391308
ACSEmployment-CA,tabpfn,4,0.2,aps,race,mondrian,0.8,1.0,1.9816666666666667,0.0,1.0,0.025260138091996343
ACSEmployment-CA,tabpfn_temp,0,0.05,lac,predclass,marginal,0.95,0.9345833333333333,1.3575,0.0421943312551144,0.9149102263856362,0.1959636929091506
ACSEmployment-CA,tabpfn_temp,0,0.05,lac,sex,marginal,0.95,0.9345833333333333,1.3575,0.03162918351926758,0.9188741721854304,0.1997755455798036
ACSEmployment-CA,tabpfn_temp,0,0.05,lac,age,marginal,0.95,0.9345833333333333,1.3575,0.03970700738761568,0.9182509505703422,0.4358551635208696
ACSEmployment-CA,tabpfn_temp,0,0.05,lac,race,marginal,0.95,0.9345833333333333,1.3575,0.02101965660720262,0.9223300970873787,0.07102990344864568
ACSEmployment-CA,tabpfn_temp,0,0.05,lac,predclass,mondrian,0.95,0.9441666666666667,1.3825,0.010845246989931168,0.9391100702576113,0.3432598108465026
ACSEmployment-CA,tabpfn_temp,0,0.05,lac,sex,mondrian,0.95,0.9383333333333334,1.3675,0.009178185697142127,0.9337748344370861,0.10323792168540824
ACSEmployment-CA,tabpfn_temp,0,0.05,lac,age,mondrian,0.95,0.93875,1.38125,0.07033957954288905,0.8904899135446686,0.39074088497719606
ACSEmployment-CA,tabpfn_temp,0,0.05,lac,race,mondrian,0.95,0.9391666666666667,1.38,0.039456462245067936,0.9309868875086267,0.18420551628947446
ACSEmployment-CA,tabpfn_temp,0,0.05,aps,predclass,marginal,0.95,1.0,2.0,0.0,1.0,0.0
ACSEmployment-CA,tabpfn_temp,0,0.05,aps,sex,marginal,0.95,1.0,2.0,0.0,1.0,0.0
ACSEmployment-CA,tabpfn_temp,0,0.05,aps,age,marginal,0.95,1.0,2.0,0.0,1.0,0.0
ACSEmployment-CA,tabpfn_temp,0,0.05,aps,race,marginal,0.95,1.0,2.0,0.0,1.0,0.0
ACSEmployment-CA,tabpfn_temp,0,0.05,aps,predclass,mondrian,0.95,1.0,2.0,0.0,1.0,0.0
ACSEmployment-CA,tabpfn_temp,0,0.05,aps,sex,mondrian,0.95,1.0,2.0,0.0,1.0,0.0
ACSEmployment-CA,tabpfn_temp,0,0.05,aps,age,mondrian,0.95,1.0,2.0,0.0,1.0,0.0
ACSEmployment-CA,tabpfn_temp,0,0.05,aps,race,mondrian,0.95,1.0,2.0,0.0,1.0,0.0
ACSEmployment-CA,tabpfn_temp,0,0.1,lac,predclass,marginal,0.9,0.8879166666666667,1.1920833333333334,0.09111723624095613,0.8454332552693209,0.05850196625039494
ACSEmployment-CA,tabpfn_temp,0,0.1,lac,sex,marginal,0.9,0.8879166666666667,1.1920833333333334,0.006005822480999123,0.8849337748344371,0.11839970665362909
ACSEmployment-CA,tabpfn_temp,0,0.1,lac,age,marginal,0.9,0.8879166666666667,1.1920833333333334,0.08054452146671165,0.8443804034582133,0.28220006750266124
ACSEmployment-CA,tabpfn_temp,0,0.1,lac,race,marginal,0.9,0.8879166666666667,1.1920833333333334,0.03001100004782631,0.8640776699029126,0.021617342589209443
ACSEmployment-CA,tabpfn_temp,0,0.1,lac,predclass,mondrian,0.9,0.8883333333333333,1.1970833333333333,0.00829613258743489,0.8844652615144418,0.273807954157798
ACSEmployment-CA,tabpfn_temp,0,0.1,lac,sex,mondrian,0.9,0.8904166666666666,1.1958333333333333,0.019373083248144463,0.8807947019867549,0.14595093115249558
ACSEmployment-CA,tabpfn_temp,0,0.1,lac,age,mondrian,0.9,0.8875,1.2008333333333334,0.0902213013518347,0.8184438040345822,0.3235411203710916
ACSEmployment-CA,tabpfn_temp,0,0.1,lac,race,mondrian,0.9,0.89125,1.1983333333333333,0.03350199496244122,0.8778280542986425,0.11808612568426846
ACSEmployment-CA,tabpfn_temp,0,0.1,aps,predclass,marginal,0.9,1.0,2.0,0.0,1.0,0.0
ACSEmployment-CA,tabpfn_temp,0,0.1,aps,sex,marginal,0.9,1.0,2.0,0.0,1.0,0.0
ACSEmployment-CA,tabpfn_temp,0,0.1,aps,age,marginal,0.9,1.0,2.0,0.0,1.0,0.0
ACSEmployment-CA,tabpfn_temp,0,0.1,aps,race,marginal,0.9,1.0,2.0,0.0,1.0,0.0
ACSEmployment-CA,tabpfn_temp,0,0.1,aps,predclass,mondrian,0.9,1.0,2.0,0.0,1.0,0.0
ACSEmployment-CA,tabpfn_temp,0,0.1,aps,sex,mondrian,0.9,1.0,2.0,0.0,1.0,0.0
ACSEmployment-CA,tabpfn_temp,0,0.1,aps,age,mondrian,0.9,1.0,2.0,0.0,1.0,0.0
ACSEmployment-CA,tabpfn_temp,0,0.1,aps,race,mondrian,0.9,1.0,2.0,0.0,1.0,0.0
ACSEmployment-CA,tabpfn_temp,0,0.2,lac,predclass,marginal,0.8,0.81125,1.0,0.11588006186520672,0.7572209211553473,0.0
ACSEmployment-CA,tabpfn_temp,0,0.2,lac,sex,marginal,0.8,0.81125,1.0,0.04168518600826698,0.790268456375839,0.0
ACSEmployment-CA,tabpfn_temp,0,0.2,lac,age,marginal,0.8,0.81125,1.0,0.188479545828249,0.6974063400576369,0.0
ACSEmployment-CA,tabpfn_temp,0,0.2,lac,race,marginal,0.8,0.81125,1.0,0.04524714064604318,0.7766990291262136,0.0
ACSEmployment-CA,tabpfn_temp,0,0.2,lac,predclass,mondrian,0.8,0.8295833333333333,1.03875,0.0815318963695002,0.7915690866510539,0.07259953161592514
ACSEmployment-CA,tabpfn_temp,0,0.2,lac,sex,mondrian,0.8,0.815,1.0075,0.03413485043779729,0.7978187919463087,0.015100671140939603
ACSEmployment-CA,tabpfn_temp,0,0.2,lac,age,mondrian,0.8,0.82875,1.0325,0.12219712507896952,0.7636887608069164,0.13832853025936598
ACSEmployment-CA,tabpfn_temp,0,0.2,lac,race,mondrian,0.8,0.81625,1.0116666666666667,0.04842412358314607,0.7766990291262136,0.06896551724137923
ACSEmployment-CA,tabpfn_temp,0,0.2,aps,predclass,marginal,0.8,1.0,1.98125,0.0,1.0,0.04021447721179627
ACSEmployment-CA,tabpfn_temp,0,0.2,aps,sex,marginal,0.8,1.0,1.98125,0.0,1.0,0.019417529667985267
ACSEmployment-CA,tabpfn_temp,0,0.2,aps,age,marginal,0.8,1.0,1.98125,0.0,1.0,0.06756756756756754
ACSEmployment-CA,tabpfn_temp,0,0.2,aps,race,marginal,0.8,1.0,1.98125,0.0,1.0,0.03167420814479649
ACSEmployment-CA,tabpfn_temp,0,0.2,aps,predclass,mondrian,0.8,1.0,1.9691666666666667,0.0,1.0,0.06613047363717595
ACSEmployment-CA,tabpfn_temp,0,0.2,aps,sex,mondrian,0.8,1.0,1.9808333333333332,0.0,1.0,0.038079470198675525
ACSEmployment-CA,tabpfn_temp,0,0.2,aps,age,mondrian,0.8,1.0,1.9704166666666667,0.0,1.0,0.072072072072072
ACSEmployment-CA,tabpfn_temp,0,0.2,aps,race,mondrian,0.8,1.0,1.98,0.0,1.0,0.028295376121463045
ACSEmployment-CA,tabpfn_temp,1,0.05,lac,predclass,marginal,0.95,0.9491666666666667,1.4,0.04023686407424831,0.9296685529506872,0.1738319277146121
ACSEmployment-CA,tabpfn_temp,1,0.05,lac,sex,marginal,0.95,0.9491666666666667,1.4,0.00942325032561142,0.9442508710801394,0.1639745744787433
ACSEmployment-CA,tabpfn_temp,1,0.05,lac,age,marginal,0.95,0.9491666666666667,1.4,0.07426330218838517,0.9197396963123644,0.37568232458356454
ACSEmployment-CA,tabpfn_temp,1,0.05,lac,race,marginal,0.95,0.9491666666666667,1.4,0.024046673617427183,0.9431664411366711,0.06014133213050665
ACSEmployment-CA,tabpfn_temp,1,0.05,lac,predclass,mondrian,0.95,0.9533333333333334,1.4145833333333333,0.015470263048690036,0.9458367016976557,0.2855388212821772
ACSEmployment-CA,tabpfn_temp,1,0.05,lac,sex,mondrian,0.95,0.95,1.4054166666666668,0.00567732742594429,0.9472843450479234,0.10422626932796031
ACSEmployment-CA,tabpfn_temp,1,0.05,lac,age,mondrian,0.95,0.9579166666666666,1.435,0.0171724664799211,0.9447513812154696,0.5216645820736041
ACSEmployment-CA,tabpfn_temp,1,0.05,lac,race,mondrian,0.95,0.9520833333333333,1.4108333333333334,0.06588129538949206,0.898989898989899,0.21969696969696972
ACSEmployment-CA,tabpfn_temp,1,0.05,aps,predclass,marginal,0.95,1.0,2.0,0.0,1.0,0.0
ACSEmployment-CA,tabpfn_temp,1,0.05,aps,sex,marginal,0.95,1.0,2.0,0.0,1.0,0.0
ACSEmployment-CA,tabpfn_temp,1,0.05,aps,age,marginal,0.95,1.0,2.0,0.0,1.0,0.0
ACSEmployment-CA,tabpfn_temp,1,0.05,aps,race,marginal,0.95,1.0,2.0,0.0,1.0,0.0
ACSEmployment-CA,tabpfn_temp,1,0.05,aps,predclass,mondrian,0.95,1.0,2.0,0.0,1.0,0.0
ACSEmployment-CA,tabpfn_temp,1,0.05,aps,sex,mondrian,0.95,1.0,2.0,0.0,1.0,0.0
ACSEmployment-CA,tabpfn_temp,1,0.05,aps,age,mondrian,0.95,1.0,2.0,0.0,1.0,0.0
ACSEmployment-CA,tabpfn_temp,1,0.05,aps,race,mondrian,0.95,1.0,2.0,0.0,1.0,0.0
ACSEmployment-CA,tabpfn_temp,1,0.1,lac,predclass,marginal,0.9,0.9,1.2145833333333333,0.07056708773827336,0.8658043654001617,0.057655507214845025
ACSEmployment-CA,tabpfn_temp,1,0.1,lac,sex,marginal,0.9,0.9,1.2145833333333333,0.019703665772394796,0.8905750798722045,0.10743785552871521
ACSEmployment-CA,tabpfn_temp,1,0.1,lac,age,marginal,0.9,0.9,1.2145833333333333,0.10869151059829196,0.850828729281768,0.22908297232599173
ACSEmployment-CA,tabpfn_temp,1,0.1,lac,race,marginal,0.9,0.9,1.2145833333333333,0.055638350720317975,0.8787878787878788,0.046307593336143205
ACSEmployment-CA,tabpfn_temp,1,0.1,lac,predclass,mondrian,0.9,0.8958333333333334,1.2154166666666666,0.006429723813820121,0.8925193465176269,0.27447691590129786
ACSEmployment-CA,tabpfn_temp,1,0.1,lac,sex,mondrian,0.9,0.9016666666666666,1.2225,0.00018924424753152813,0.9015679442508711,0.16435862898108677
ACSEmployment-CA,tabpfn_temp,1,0.1,lac,age,mondrian,0.9,0.8925,1.22875,0.035347289858720266,0.8770614692653673,0.5367026431535615
ACSEmployment-CA,tabpfn_temp,1,0.1,lac,race,mondrian,0.9,0.9045833333333333,1.2279166666666668,0.10453480945284221,0.8181818181818182,0.19444444444444442
ACSEmployment-CA,tabpfn_temp,1,0.1,aps,predclass,marginal,0.9,1.0,2.0,0.0,1.0,0.0
ACSEmployment-CA,tabpfn_temp,1,0.1,aps,sex,marginal,0.9,1.0,2.0,0.0,1.0,0.0
ACSEmployment-CA,tabpfn_temp,1,0.1,aps,age,marginal,0.9,1.0,2.0,0.0,1.0,0.0
ACSEmployment-CA,tabpfn_temp,1,0.1,aps,race,marginal,0.9,1.0,2.0,0.0,1.0,0.0
ACSEmployment-CA,tabpfn_temp,1,0.1,aps,predclass,mondrian,0.9,1.0,2.0,0.0,1.0,0.0
ACSEmployment-CA,tabpfn_temp,1,0.1,aps,sex,mondrian,0.9,1.0,2.0,0.0,1.0,0.0
ACSEmployment-CA,tabpfn_temp,1,0.1,aps,age,mondrian,0.9,1.0,2.0,0.0,1.0,0.0
ACSEmployment-CA,tabpfn_temp,1,0.1,aps,race,mondrian,0.9,1.0,2.0,0.0,1.0,0.0
ACSEmployment-CA,tabpfn_temp,1,0.2,lac,predclass,marginal,0.8,0.8045833333333333,1.0,0.09554013503115111,0.7582861762328214,0.0
ACSEmployment-CA,tabpfn_temp,1,0.2,lac,sex,marginal,0.8,0.8045833333333333,1.0,0.062347630550700694,0.7747603833865815,0.0
ACSEmployment-CA,tabpfn_temp,1,0.2,lac,age,marginal,0.8,0.8045833333333333,1.0,0.20831711216215099,0.6657458563535912,0.0
ACSEmployment-CA,tabpfn_temp,1,0.2,lac,race,marginal,0.8,0.8045833333333333,1.0,0.03881910439287495,0.7878787878787878,0.0
ACSEmployment-CA,tabpfn_temp,1,0.2,lac,predclass,mondrian,0.8,0.8154166666666667,1.0204166666666667,0.07452154166009206,0.7793047696038804,0.039611964430072755
ACSEmployment-CA,tabpfn_temp,1,0.2,lac,sex,mondrian,0.8,0.8125,1.01625,0.047171911700860436,0.7899361022364217,0.031150159744409045
ACSEmployment-CA,tabpfn_temp,1,0.2,lac,age,mondrian,0.8,0.8283333333333334,1.04875,0.08448381019910889,0.7895791583166333,0.32320441988950277
ACSEmployment-CA,tabpfn_temp,1,0.2,lac,race,mondrian,0.8,0.8045833333333333,1.0,0.03881910439287495,0.7878787878787878,0.0
ACSEmployment-CA,tabpfn_temp,1,0.2,aps,predclass,marginal,0.8,1.0,1.975,0.0,1.0,0.05159071367153922
ACSEmployment-CA,tabpfn_temp,1,0.2,aps,sex,marginal,0.8,1.0,1.975,0.0,1.0,0.03790450957909841
ACSEmployment-CA,tabpfn_temp,1,0.2,aps,age,marginal,0.8,1.0,1.975,0.0,1.0,0.08995502248875553
ACSEmployment-CA,tabpfn_temp,1,0.2,aps,race,marginal,0.8,1.0,1.975,0.0,1.0,0.00790102429446704
ACSEmployment-CA,tabpfn_temp,1,0.2,aps,predclass,mondrian,0.8,1.0,1.9708333333333334,0.0,1.0,0.06018916595012902
ACSEmployment-CA,tabpfn_temp,1,0.2,aps,sex,mondrian,0.8,1.0,1.9754166666666666,0.0,1.0,0.05139372822299659
ACSEmployment-CA,tabpfn_temp,1,0.2,aps,age,mondrian,0.8,1.0,1.9633333333333334,0.0,1.0,0.09445277361319349
ACSEmployment-CA,tabpfn_temp,1,0.2,aps,race,mondrian,0.8,1.0,1.9733333333333334,0.0,1.0,0.05108596109949293
ACSEmployment-CA,tabpfn_temp,2,0.05,lac,predclass,marginal,0.95,0.95125,1.395,0.04406282789498461,0.9300080450522928,0.20695740572443366
ACSEmployment-CA,tabpfn_temp,2,0.05,lac,sex,marginal,0.95,0.95125,1.395,0.020103214139128633,0.9412737799834574,0.16760109422821712
ACSEmployment-CA,tabpfn_temp,2,0.05,lac,age,marginal,0.95,0.95125,1.395,0.0466350464181392,0.9322381930184805,0.3396339822373733
ACSEmployment-CA,tabpfn_temp,2,0.05,lac,race,marginal,0.95,0.95125,1.395,0.022044772044772065,0.9419191919191919,0.03790618204411289
ACSEmployment-CA,tabpfn_temp,2,0.05,lac,predclass,mondrian,0.95,0.9504166666666667,1.4108333333333334,0.017302077459181997,0.9420756234915527,0.35100764801470774
ACSEmployment-CA,tabpfn_temp,2,0.05,lac,sex,mondrian,0.95,0.9520833333333333,1.4116666666666666,0.00821921233069367,0.9479429051217464,0.03951055580209717
ACSEmployment-CA,tabpfn_temp,2,0.05,lac,age,mondrian,0.95,0.9620833333333333,1.4691666666666667,0.043973660447041873,0.944206008583691,0.5013097694446937
ACSEmployment-CA,tabpfn_temp,2,0.05,lac,race,mondrian,0.95,0.95375,1.4066666666666667,0.014998446722584657,0.9489655172413793,0.08372344130964815
ACSEmployment-CA,tabpfn_temp,2,0.05,aps,predclass,marginal,0.95,1.0,2.0,0.0,1.0,0.0
ACSEmployment-CA,tabpfn_temp,2,0.05,aps,sex,marginal,0.95,1.0,2.0,0.0,1.0,0.0
ACSEmployment-CA,tabpfn_temp,2,0.05,aps,age,marginal,0.95,1.0,2.0,0.0,1.0,0.0
ACSEmployment-CA,tabpfn_temp,2,0.05,aps,race,marginal,0.95,1.0,2.0,0.0,1.0,0.0
ACSEmployment-CA,tabpfn_temp,2,0.05,aps,predclass,mondrian,0.95,1.0,2.0,0.0,1.0,0.0
ACSEmployment-CA,tabpfn_temp,2,0.05,aps,sex,mondrian,0.95,1.0,2.0,0.0,1.0,0.0
ACSEmployment-CA,tabpfn_temp,2,0.05,aps,age,mondrian,0.95,1.0,2.0,0.0,1.0,0.0
ACSEmployment-CA,tabpfn_temp,2,0.05,aps,race,mondrian,0.95,1.0,2.0,0.0,1.0,0.0
ACSEmployment-CA,tabpfn_temp,2,0.1,lac,predclass,marginal,0.9,0.9054166666666666,1.22625,0.08416292864935604,0.8648431214802896,0.06803944787438865
ACSEmployment-CA,tabpfn_temp,2,0.1,lac,sex,marginal,0.9,0.9054166666666666,1.22625,0.002252210020146972,0.9042821158690176,0.1242340714998551
ACSEmployment-CA,tabpfn_temp,2,0.1,lac,age,marginal,0.9,0.9054166666666666,1.22625,0.08086804086320498,0.871244635193133,0.21952094734009142
ACSEmployment-CA,tabpfn_temp,2,0.1,lac,race,marginal,0.9,0.9054166666666666,1.22625,0.02904325421255438,0.8964646464646465,0.05623389652735011
ACSEmployment-CA,tabpfn_temp,2,0.1,lac,predclass,mondrian,0.9,0.90375,1.23625,0.013953333134003376,0.8970233306516492,0.28927351856654826
ACSEmployment-CA,tabpfn_temp,2,0.1,lac,sex,mondrian,0.9,0.9066666666666666,1.2316666666666667,0.014734162129953154,0.8992443324937027,0.0718123727793023
ACSEmployment-CA,tabpfn_temp,2,0.1,lac,age,mondrian,0.9,0.9091666666666667,1.2579166666666666,0.04126670853144343,0.9014084507042254,0.49075984569839437
ACSEmployment-CA,tabpfn_temp,2,0.1,lac,race,mondrian,0.9,0.9079166666666667,1.23375,0.04948129948129942,0.8964646464646465,0.09527360473262259
ACSEmployment-CA,tabpfn_temp,2,0.1,aps,predclass,marginal,0.9,1.0,2.0,0.0,1.0,0.0
ACSEmployment-CA,tabpfn_temp,2,0.1,aps,sex,marginal,0.9,1.0,2.0,0.0,1.0,0.0
ACSEmployment-CA,tabpfn_temp,2,0.1,aps,age,marginal,0.9,1.0,2.0,0.0,1.0,0.0
ACSEmployment-CA,tabpfn_temp,2,0.1,aps,race,marginal,0.9,1.0,2.0,0.0,1.0,0.0
ACSEmployment-CA,tabpfn_temp,2,0.1,aps,predclass,mondrian,0.9,1.0,2.0,0.0,1.0,0.0
ACSEmployment-CA,tabpfn_temp,2,0.1,aps,sex,mondrian,0.9,1.0,2.0,0.0,1.0,0.0
ACSEmployment-CA,tabpfn_temp,2,0.1,aps,age,mondrian,0.9,1.0,2.0,0.0,1.0,0.0
ACSEmployment-CA,tabpfn_temp,2,0.1,aps,race,mondrian,0.9,1.0,2.0,0.0,1.0,0.0
ACSEmployment-CA,tabpfn_temp,2,0.2,lac,predclass,marginal,0.8,0.8158333333333333,1.0,0.11361393900918615,0.7610619469026548,0.0
ACSEmployment-CA,tabpfn_temp,2,0.2,lac,sex,marginal,0.8,0.8158333333333333,1.0,0.05109870763563773,0.7900923593618808,0.0
ACSEmployment-CA,tabpfn_temp,2,0.2,lac,age,marginal,0.8,0.8158333333333333,1.0,0.12519960527496188,0.7452229299363057,0.0
ACSEmployment-CA,tabpfn_temp,2,0.2,lac,race,marginal,0.8,0.8158333333333333,1.0,0.05450145404998685,0.801354401805869,0.0
ACSEmployment-CA,tabpfn_temp,2,0.2,lac,predclass,mondrian,0.8,0.8341666666666666,1.0345833333333334,0.07821570892069052,0.7964601769911505,0.0667739340305713
ACSEmployment-CA,tabpfn_temp,2,0.2,lac,sex,mondrian,0.8,0.8158333333333333,1.0,0.05109870763563773,0.7900923593618808,0.0
ACSEmployment-CA,tabpfn_temp,2,0.2,lac,age,mondrian,0.8,0.8279166666666666,1.0258333333333334,0.0798681204268733,0.7905544147843943,0.12420382165605104
ACSEmployment-CA,tabpfn_temp,2,0.2,lac,race,mondrian,0.8,0.8216666666666667,1.0129166666666667,0.04019929019929025,0.8156565656565656,0.06997742663656892
ACSEmployment-CA,tabpfn_temp,2,0.2,aps,predclass,marginal,0.8,1.0,1.9845833333333334,0.0,1.0,0.03197925669835788
ACSEmployment-CA,tabpfn_temp,2,0.2,aps,sex,marginal,0.8,1.0,1.9845833333333334,0.0,1.0,0.000602117202425978
ACSEmployment-CA,tabpfn_temp,2,0.2,aps,age,marginal,0.8,1.0,1.9845833333333334,0.0,1.0,0.05211267605633796
ACSEmployment-CA,tabpfn_temp,2,0.2,aps,race,marginal,0.8,1.0,1.9845833333333334,0.0,1.0,0.02483069977426644
ACSEmployment-CA,tabpfn_temp,2,0.2,aps,predclass,mondrian,0.8,1.0,1.9675,0.0,1.0,0.0674157303370786
ACSEmployment-CA,tabpfn_temp,2,0.2,aps,sex,mondrian,0.8,1.0,1.9820833333333334,0.0,1.0,0.017232219312336428
ACSEmployment-CA,tabpfn_temp,2,0.2,aps,age,mondrian,0.8,1.0,1.9666666666666666,0.0,1.0,0.08450704225352124
ACSEmployment-CA,tabpfn_temp,2,0.2,aps,race,mondrian,0.8,1.0,1.9779166666666668,0.0,1.0,0.10810810810810811
ACSEmployment-CA,tabpfn_temp,3,0.05,lac,predclass,marginal,0.95,0.9433333333333334,1.3508333333333333,0.04918556772103111,0.9200316706254948,0.17196982516394166
ACSEmployment-CA,tabpfn_temp,3,0.05,lac,sex,marginal,0.95,0.9433333333333334,1.3508333333333333,0.02732870771297069,0.9295892707460185,0.18757999404146375
ACSEmployment-CA,tabpfn_temp,3,0.05,lac,age,marginal,0.95,0.9433333333333334,1.3508333333333333,0.06595099049582054,0.9044715447154471,0.48239664524363013
ACSEmployment-CA,tabpfn_temp,3,0.05,lac,race,marginal,0.95,0.9433333333333334,1.3508333333333333,0.03676484883833964,0.9212598425196851,0.04881441101913553
ACSEmployment-CA,tabpfn_temp,3,0.05,lac,predclass,mondrian,0.95,0.9479166666666666,1.3575,0.02042086835172774,0.9382422802850356,0.30998355885074913
ACSEmployment-CA,tabpfn_temp,3,0.05,lac,sex,mondrian,0.95,0.9433333333333334,1.35125,0.02732870771297069,0.9295892707460185,0.18840849445571406
ACSEmployment-CA,tabpfn_temp,3,0.05,lac,age,mondrian,0.95,0.9408333333333333,1.3570833333333334,0.042959411314220985,0.923943661971831,0.6149414285063128
ACSEmployment-CA,tabpfn_temp,3,0.05,lac,race,mondrian,0.95,0.94625,1.3629166666666668,0.01784386012028283,0.942649967040211,0.15418265024564248
ACSEmployment-CA,tabpfn_temp,3,0.05,aps,predclass,marginal,0.95,1.0,2.0,0.0,1.0,0.0
ACSEmployment-CA,tabpfn_temp,3,0.05,aps,sex,marginal,0.95,1.0,2.0,0.0,1.0,0.0
ACSEmployment-CA,tabpfn_temp,3,0.05,aps,age,marginal,0.95,1.0,2.0,0.0,1.0,0.0
ACSEmployment-CA,tabpfn_temp,3,0.05,aps,race,marginal,0.95,1.0,2.0,0.0,1.0,0.0
ACSEmployment-CA,tabpfn_temp,3,0.05,aps,predclass,mondrian,0.95,1.0,2.0,0.0,1.0,0.0
ACSEmployment-CA,tabpfn_temp,3,0.05,aps,sex,mondrian,0.95,1.0,2.0,0.0,1.0,0.0
ACSEmployment-CA,tabpfn_temp,3,0.05,aps,age,mondrian,0.95,1.0,2.0,0.0,1.0,0.0
ACSEmployment-CA,tabpfn_temp,3,0.05,aps,race,mondrian,0.95,1.0,2.0,0.0,1.0,0.0
ACSEmployment-CA,tabpfn_temp,3,0.1,lac,predclass,marginal,0.9,0.8945833333333333,1.1825,0.0933552270111161,0.850356294536817,0.06434819304040085
ACSEmployment-CA,tabpfn_temp,3,0.1,lac,sex,marginal,0.9,0.8945833333333333,1.1825,0.01460396916283957,0.8873239436619719,0.07620675981335467
ACSEmployment-CA,tabpfn_temp,3,0.1,lac,age,marginal,0.9,0.8945833333333333,1.1825,0.10079010649261422,0.8414634146341463,0.31058094561528127
ACSEmployment-CA,tabpfn_temp,3,0.1,lac,race,marginal,0.9,0.8945833333333333,1.1825,0.03361823361823357,0.8774928774928775,0.09838556505223184
ACSEmployment-CA,tabpfn_temp,3,0.1,lac,predclass,mondrian,0.9,0.9004166666666666,1.2025,0.025447222239631362,0.8883610451306413,0.2561100700472343
ACSEmployment-CA,tabpfn_temp,3,0.1,lac,sex,mondrian,0.9,0.8958333333333334,1.1904166666666667,0.02121599971110122,0.8851634534786254,0.17528443676208427
ACSEmployment-CA,tabpfn_temp,3,0.1,lac,age,mondrian,0.9,0.9041666666666667,1.2158333333333333,0.03657310292012117,0.8901408450704226,0.5372168284789645
ACSEmployment-CA,tabpfn_temp,3,0.1,lac,race,mondrian,0.9,0.8991666666666667,1.1958333333333333,0.009666577146251965,0.8965062623599209,0.12257442178702016
ACSEmployment-CA,tabpfn_temp,3,0.1,aps,predclass,marginal,0.9,1.0,2.0,0.0,1.0,0.0
ACSEmployment-CA,tabpfn_temp,3,0.1,aps,sex,marginal,0.9,1.0,2.0,0.0,1.0,0.0
ACSEmployment-CA,tabpfn_temp,3,0.1,aps,age,marginal,0.9,1.0,2.0,0.0,1.0,0.0
ACSEmployment-CA,tabpfn_temp,3,0.1,aps,race,marginal,0.9,1.0,2.0,0.0,1.0,0.0
ACSEmployment-CA,tabpfn_temp,3,0.1,aps,predclass,mondrian,0.9,1.0,2.0,0.0,1.0,0.0
ACSEmployment-CA,tabpfn_temp,3,0.1,aps,sex,mondrian,0.9,1.0,2.0,0.0,1.0,0.0
ACSEmployment-CA,tabpfn_temp,3,0.1,aps,age,mondrian,0.9,1.0,1.9966666666666666,0.0,1.0,0.011267605633802802
ACSEmployment-CA,tabpfn_temp,3,0.1,aps,race,mondrian,0.9,1.0,2.0,0.0,1.0,0.0
ACSEmployment-CA,tabpfn_temp,3,0.2,lac,predclass,marginal,0.8,0.8233333333333334,1.0,0.11510057930504292,0.7688044338875692,0.0
ACSEmployment-CA,tabpfn_temp,3,0.2,lac,sex,marginal,0.8,0.8233333333333334,1.0,0.03627345652734015,0.8053024026512013,0.0
ACSEmployment-CA,tabpfn_temp,3,0.2,lac,age,marginal,0.8,0.8233333333333334,1.0,0.15551301335521217,0.7346278317152104,0.0
ACSEmployment-CA,tabpfn_temp,3,0.2,lac,race,marginal,0.8,0.8233333333333334,1.0,0.010162191264553533,0.8188976377952756,0.0
ACSEmployment-CA,tabpfn_temp,3,0.2,lac,predclass,mondrian,0.8,0.8304166666666667,1.0166666666666666,0.10164056346973016,0.782264449722882,0.031670625494853555
ACSEmployment-CA,tabpfn_temp,3,0.2,lac,sex,mondrian,0.8,0.8275,1.0075,0.027988452384838047,0.8135874067937034,0.014913007456503813
ACSEmployment-CA,tabpfn_temp,3,0.2,lac,age,mondrian,0.8,0.84,1.0408333333333333,0.102587197001753,0.7875536480686696,0.3074433656957929
ACSEmployment-CA,tabpfn_temp,3,0.2,lac,race,mondrian,0.8,0.8241666666666667,1.0008333333333332,0.01262853020102872,0.8220171390903098,0.015748031496062964
ACSEmployment-CA,tabpfn_temp,3,0.2,aps,predclass,marginal,0.8,1.0,1.9766666666666666,0.0,1.0,0.049252418645558516
ACSEmployment-CA,tabpfn_temp,3,0.2,aps,sex,marginal,0.8,1.0,1.9766666666666666,0.0,1.0,0.01027257177501184
ACSEmployment-CA,tabpfn_temp,3,0.2,aps,age,marginal,0.8,1.0,1.9766666666666666,0.0,1.0,0.07887323943661961
ACSEmployment-CA,tabpfn_temp,3,0.2,aps,race,marginal,0.8,1.0,1.9766666666666666,0.0,1.0,0.012982087778835805
ACSEmployment-CA,tabpfn_temp,3,0.2,aps,predclass,mondrian,0.8,1.0,1.9675,0.0,1.0,0.06860158311345654
ACSEmployment-CA,tabpfn_temp,3,0.2,aps,sex,mondrian,0.8,1.0,1.97,0.0,1.0,0.06035205364626983
ACSEmployment-CA,tabpfn_temp,3,0.2,aps,age,mondrian,0.8,1.0,1.9629166666666666,0.0,1.0,0.09436619718309869
ACSEmployment-CA,tabpfn_temp,3,0.2,aps,race,mondrian,0.8,1.0,1.9795833333333333,0.0,1.0,0.03988603988603989
ACSEmployment-CA,tabpfn_temp,4,0.05,lac,predclass,marginal,0.95,0.94625,1.40125,0.038787165562904735,0.9272281275551921,0.1938566320544144
ACSEmployment-CA,tabpfn_temp,4,0.05,lac,sex,marginal,0.95,0.94625,1.40125,0.019166137807401618,0.9363714531384351,0.20628569800039065
ACSEmployment-CA,tabpfn_temp,4,0.05,lac,age,marginal,0.95,0.94625,1.40125,0.07246376811594202,0.9166666666666666,0.38696210661528596
ACSEmployment-CA,tabpfn_temp,4,0.05,lac,race,marginal,0.95,0.94625,1.40125,0.030643946526077936,0.9361702127659575,0.09145972138098113
ACSEmployment-CA,tabpfn_temp,4,0.05,lac,predclass,mondrian,0.95,0.95,1.4195833333333334,0.013588325155560632,0.9430756159728122,0.4182362826343844
ACSEmployment-CA,tabpfn_temp,4,0.05,lac,sex,mondrian,0.95,0.9470833333333334,1.4066666666666667,0.007577342626427508,0.9434114793856103,0.12003634010389042
ACSEmployment-CA,tabpfn_temp,4,0.05,lac,age,mondrian,0.95,0.9545833333333333,1.4683333333333333,0.03911487262976443,0.938858695652174,0.5816354625550662
ACSEmployment-CA,tabpfn_temp,4,0.05,lac,race,mondrian,0.95,0.9479166666666666,1.4083333333333334,0.05055377693172969,0.9258241758241759,0.2293847884399065
ACSEmployment-CA,tabpfn_temp,4,0.05,aps,predclass,marginal,0.95,1.0,2.0,0.0,1.0,0.0
ACSEmployment-CA,tabpfn_temp,4,0.05,aps,sex,marginal,0.95,1.0,2.0,0.0,1.0,0.0
ACSEmployment-CA,tabpfn_temp,4,0.05,aps,age,marginal,0.95,1.0,2.0,0.0,1.0,0.0
ACSEmployment-CA,tabpfn_temp,4,0.05,aps,race,marginal,0.95,1.0,2.0,0.0,1.0,0.0
ACSEmployment-CA,tabpfn_temp,4,0.05,aps,predclass,mondrian,0.95,1.0,2.0,0.0,1.0,0.0
ACSEmployment-CA,tabpfn_temp,4,0.05,aps,sex,mondrian,0.95,1.0,2.0,0.0,1.0,0.0
ACSEmployment-CA,tabpfn_temp,4,0.05,aps,age,mondrian,0.95,1.0,2.0,0.0,1.0,0.0
ACSEmployment-CA,tabpfn_temp,4,0.05,aps,race,mondrian,0.95,1.0,2.0,0.0,1.0,0.0
ACSEmployment-CA,tabpfn_temp,4,0.1,lac,predclass,marginal,0.9,0.8933333333333333,1.20125,0.07593900814952159,0.8560915780866721,0.06647650421578488
ACSEmployment-CA,tabpfn_temp,4,0.1,lac,sex,marginal,0.9,0.8933333333333333,1.20125,0.018439752792759223,0.8843977364591754,0.09684832316278458
ACSEmployment-CA,tabpfn_temp,4,0.1,lac,age,marginal,0.9,0.8933333333333333,1.20125,0.08182367149758452,0.8611111111111112,0.2996876277223097
ACSEmployment-CA,tabpfn_temp,4,0.1,lac,race,marginal,0.9,0.8933333333333333,1.20125,0.01915346150075048,0.8874399450926561,0.03629834732196935
ACSEmployment-CA,tabpfn_temp,4,0.1,lac,predclass,mondrian,0.9,0.89875,1.2283333333333333,0.00862191735714024,0.8945216680294358,0.2696796253623728
ACSEmployment-CA,tabpfn_temp,4,0.1,lac,sex,mondrian,0.9,0.8941666666666667,1.205,0.01682293791806233,0.8860145513338723,0.10412399009892037
ACSEmployment-CA,tabpfn_temp,4,0.1,lac,age,mondrian,0.9,0.8958333333333334,1.24125,0.03994086381919171,0.876358695652174,0.4236931389796432
ACSEmployment-CA,tabpfn_temp,4,0.1,lac,race,mondrian,0.9,0.8941666666666667,1.2025,0.019182145288340058,0.8901098901098901,0.0685354468540309
ACSEmployment-CA,tabpfn_temp,4,0.1,aps,predclass,marginal,0.9,1.0,2.0,0.0,1.0,0.0
ACSEmployment-CA,tabpfn_temp,4,0.1,aps,sex,marginal,0.9,1.0,2.0,0.0,1.0,0.0
ACSEmployment-CA,tabpfn_temp,4,0.1,aps,age,marginal,0.9,1.0,2.0,0.0,1.0,0.0
ACSEmployment-CA,tabpfn_temp,4,0.1,aps,race,marginal,0.9,1.0,2.0,0.0,1.0,0.0
ACSEmployment-CA,tabpfn_temp,4,0.1,aps,predclass,mondrian,0.9,1.0,2.0,0.0,1.0,0.0
ACSEmployment-CA,tabpfn_temp,4,0.1,aps,sex,mondrian,0.9,1.0,2.0,0.0,1.0,0.0
ACSEmployment-CA,tabpfn_temp,4,0.1,aps,age,mondrian,0.9,1.0,2.0,0.0,1.0,0.0
ACSEmployment-CA,tabpfn_temp,4,0.1,aps,race,mondrian,0.9,1.0,2.0,0.0,1.0,0.0
ACSEmployment-CA,tabpfn_temp,4,0.2,lac,predclass,marginal,0.8,0.8075,1.0,0.09765670861031583,0.759607522485691,0.0
ACSEmployment-CA,tabpfn_temp,4,0.2,lac,sex,marginal,0.8,0.8075,1.0,0.06652574565680847,0.7752627324171383,0.0
ACSEmployment-CA,tabpfn_temp,4,0.2,lac,age,marginal,0.8,0.8075,1.0,0.16759864287509418,0.6965317919075145,0.0
ACSEmployment-CA,tabpfn_temp,4,0.2,lac,race,marginal,0.8,0.8075,1.0,0.043664300301468506,0.7942477876106194,0.0
ACSEmployment-CA,tabpfn_temp,4,0.2,lac,predclass,mondrian,0.8,0.8154166666666667,1.0195833333333333,0.0821211403355816,0.7751430907604252,0.038430089942763646
ACSEmployment-CA,tabpfn_temp,4,0.2,lac,sex,mondrian,0.8,0.8075,1.0,0.06652574565680847,0.7752627324171383,0.0
ACSEmployment-CA,tabpfn_temp,4,0.2,lac,age,mondrian,0.8,0.8241666666666667,1.0358333333333334,0.09245413420457393,0.7716763005780347,0.17630057803468202
ACSEmployment-CA,tabpfn_temp,4,0.2,lac,race,mondrian,0.8,0.8075,1.0,0.043664300301468506,0.7942477876106194,0.0
ACSEmployment-CA,tabpfn_temp,4,0.2,aps,predclass,marginal,0.8,1.0,1.97125,0.0,1.0,0.05862361937128302
ACSEmployment-CA,tabpfn_temp,4,0.2,aps,sex,marginal,0.8,1.0,1.97125,0.0,1.0,0.005732533220818903
ACSEmployment-CA,tabpfn_temp,4,0.2,aps,age,marginal,0.8,1.0,1.97125,0.0,1.0,0.09375
ACSEmployment-CA,tabpfn_temp,4,0.2,aps,race,marginal,0.8,1.0,1.97125,0.0,1.0,0.027764271127103113
ACSEmployment-CA,tabpfn_temp,4,0.2,aps,predclass,mondrian,0.8,1.0,1.9666666666666666,0.0,1.0,0.06796941376380627
ACSEmployment-CA,tabpfn_temp,4,0.2,aps,sex,mondrian,0.8,1.0,1.9783333333333333,0.0,1.0,0.0263611725313857
ACSEmployment-CA,tabpfn_temp,4,0.2,aps,age,mondrian,0.8,1.0,1.9633333333333334,0.0,1.0,0.10869565217391308
ACSEmployment-CA,tabpfn_temp,4,0.2,aps,race,mondrian,0.8,1.0,1.98125,0.0,1.0,0.023047748711465532
ACSEmployment-CA,xgboost,0,0.05,lac,predclass,marginal,0.95,0.9479166666666666,1.4375,0.04192940574880988,0.9274061990212071,0.21947803274314892
ACSEmployment-CA,xgboost,0,0.05,lac,sex,marginal,0.95,0.9479166666666666,1.4375,0.01180608027023422,0.9420529801324503,0.16917418551935648
ACSEmployment-CA,xgboost,0,0.05,lac,age,marginal,0.95,0.9479166666666666,1.4375,0.04491142196060227,0.9250585480093677,0.4946300767626417
ACSEmployment-CA,xgboost,0,0.05,lac,race,marginal,0.95,0.9479166666666666,1.4375,0.04100953301410182,0.9298642533936652,0.17783244739269866
ACSEmployment-CA,xgboost,0,0.05,lac,predclass,mondrian,0.95,0.9554166666666667,1.4645833333333333,0.00223577179286949,0.9543230016313213,0.40922683148478045
ACSEmployment-CA,xgboost,0,0.05,lac,sex,mondrian,0.95,0.95,1.445,0.007667007422552108,0.9461920529801324,0.15094004177963471
ACSEmployment-CA,xgboost,0,0.05,lac,age,mondrian,0.95,0.9541666666666667,1.47375,0.026358466376656065,0.9337175792507204,0.53764138778548
ACSEmployment-CA,xgboost,0,0.05,lac,race,mondrian,0.95,0.9541666666666667,1.4541666666666666,0.041381539353141816,0.9389140271493213,0.1401600427969596
ACSEmployment-CA,xgboost,0,0.05,aps,predclass,marginal,0.95,1.0,2.0,0.0,1.0,0.0
ACSEmployment-CA,xgboost,0,0.05,aps,sex,marginal,0.95,1.0,2.0,0.0,1.0,0.0
ACSEmployment-CA,xgboost,0,0.05,aps,age,marginal,0.95,1.0,2.0,0.0,1.0,0.0
ACSEmployment-CA,xgboost,0,0.05,aps,race,marginal,0.95,1.0,2.0,0.0,1.0,0.0
ACSEmployment-CA,xgboost,0,0.05,aps,predclass,mondrian,0.95,1.0,2.0,0.0,1.0,0.0
ACSEmployment-CA,xgboost,0,0.05,aps,sex,mondrian,0.95,1.0,2.0,0.0,1.0,0.0
ACSEmployment-CA,xgboost,0,0.05,aps,age,mondrian,0.95,1.0,2.0,0.0,1.0,0.0
ACSEmployment-CA,xgboost,0,0.05,aps,race,mondrian,0.95,1.0,2.0,0.0,1.0,0.0
ACSEmployment-CA,xgboost,0,0.1,lac,predclass,marginal,0.9,0.89875,1.24625,0.07314683837690472,0.8629690048939641,0.10187699225469737
ACSEmployment-CA,xgboost,0,0.1,lac,sex,marginal,0.9,0.89875,1.24625,0.003850171118716439,0.8968120805369127,0.11912196097604344
ACSEmployment-CA,xgboost,0,0.1,lac,age,marginal,0.9,0.89875,1.24625,0.08727747920831497,0.861671469740634,0.3167086394752101
ACSEmployment-CA,xgboost,0,0.1,lac,race,marginal,0.9,0.89875,1.24625,0.035452269033080075,0.8868778280542986,0.15626235557703305
ACSEmployment-CA,xgboost,0,0.1,lac,predclass,mondrian,0.9,0.8983333333333333,1.2620833333333332,0.002262173075693874,0.8972267536704731,0.3146240874188162
ACSEmployment-CA,xgboost,0,0.1,lac,sex,mondrian,0.9,0.89875,1.2454166666666666,0.017817458553713528,0.8899006622516556,0.20744810880483588
ACSEmployment-CA,xgboost,0,0.1,lac,age,mondrian,0.9,0.9025,1.2691666666666668,0.04124982193927307,0.8731988472622478,0.43111266886483035
ACSEmployment-CA,xgboost,0,0.1,lac,race,mondrian,0.9,0.90625,1.27,0.07428722048939074,0.8868778280542986,0.2510872907788957
ACSEmployment-CA,xgboost,0,0.1,aps,predclass,marginal,0.9,1.0,2.0,0.0,1.0,0.0
ACSEmployment-CA,xgboost,0,0.1,aps,sex,marginal,0.9,1.0,2.0,0.0,1.0,0.0
ACSEmployment-CA,xgboost,0,0.1,aps,age,marginal,0.9,1.0,2.0,0.0,1.0,0.0
ACSEmployment-CA,xgboost,0,0.1,aps,race,marginal,0.9,1.0,2.0,0.0,1.0,0.0
ACSEmployment-CA,xgboost,0,0.1,aps,predclass,mondrian,0.9,1.0,2.0,0.0,1.0,0.0
ACSEmployment-CA,xgboost,0,0.1,aps,sex,mondrian,0.9,1.0,2.0,0.0,1.0,0.0
ACSEmployment-CA,xgboost,0,0.1,aps,age,mondrian,0.9,1.0,2.0,0.0,1.0,0.0
ACSEmployment-CA,xgboost,0,0.1,aps,race,mondrian,0.9,1.0,2.0,0.0,1.0,0.0
ACSEmployment-CA,xgboost,0,0.2,lac,predclass,marginal,0.8,0.8075,1.0,0.08669903371304866,0.765089722675367,0.0
ACSEmployment-CA,xgboost,0,0.2,lac,sex,marginal,0.8,0.8075,1.0,0.049235521578736785,0.7827181208053692,0.0
ACSEmployment-CA,xgboost,0,0.2,lac,age,marginal,0.8,0.8075,1.0,0.1996434474820642,0.6772334293948127,0.0
ACSEmployment-CA,xgboost,0,0.2,lac,race,marginal,0.8,0.8075,1.0,0.013987027171611377,0.8004926108374384,0.0
ACSEmployment-CA,xgboost,0,0.2,lac,predclass,mondrian,0.8,0.8304166666666667,1.0620833333333333,0.04183769602952492,0.8099510603588908,0.12153344208809136
ACSEmployment-CA,xgboost,0,0.2,lac,sex,mondrian,0.8,0.8245833333333333,1.0366666666666666,0.014839548424374405,0.8171140939597316,0.0738255033557047
ACSEmployment-CA,xgboost,0,0.2,lac,age,mondrian,0.8,0.8291666666666667,1.0570833333333334,0.1333610267327846,0.7435158501440923,0.19020172910662825
ACSEmployment-CA,xgboost,0,0.2,lac,race,mondrian,0.8,0.8133333333333334,1.01625,0.05662425375384428,0.8074534161490683,0.16504854368932032
ACSEmployment-CA,xgboost,0,0.2,aps,predclass,marginal,0.8,1.0,1.9975,0.0,1.0,0.005110732538330387
ACSEmployment-CA,xgboost,0,0.2,aps,sex,marginal,0.8,1.0,1.9975,0.0,1.0,3.3334814880658925e-05
ACSEmployment-CA,xgboost,0,0.2,aps,age,marginal,0.8,1.0,1.9975,0.0,1.0,0.009009009009008917
ACSEmployment-CA,xgboost,0,0.2,aps,race,marginal,0.8,1.0,1.9975,0.0,1.0,0.018727344603241658
ACSEmployment-CA,xgboost,0,0.2,aps,predclass,mondrian,0.8,1.0,1.9775,0.0,1.0,0.04599659284497437
ACSEmployment-CA,xgboost,0,0.2,aps,sex,mondrian,0.8,1.0,1.9820833333333334,0.0,1.0,0.035596026490066324
ACSEmployment-CA,xgboost,0,0.2,aps,age,mondrian,0.8,1.0,1.9804166666666667,0.0,1.0,0.06306306306306309
ACSEmployment-CA,xgboost,0,0.2,aps,race,mondrian,0.8,1.0,1.9895833333333333,0.0,1.0,0.03619909502262453
ACSEmployment-CA,xgboost,1,0.05,lac,predclass,marginal,0.95,0.9554166666666667,1.4616666666666667,0.037556157782963284,0.9362786745964317,0.21277538762503712
ACSEmployment-CA,xgboost,1,0.05,lac,sex,marginal,0.95,0.9554166666666667,1.4616666666666667,0.006375861339626643,0.9520905923344948,0.12689383397713483
ACSEmployment-CA,xgboost,1,0.05,lac,age,marginal,0.95,0.9554166666666667,1.4616666666666667,0.040417968889741696,0.9370932754880694,0.47787984460808275
ACSEmployment-CA,xgboost,1,0.05,lac,race,marginal,0.95,0.9554166666666667,1.4616666666666667,0.02313533461074435,0.9393939393939394,0.08203818039883615
ACSEmployment-CA,xgboost,1,0.05,lac,predclass,mondrian,0.95,0.9516666666666667,1.4604166666666667,0.01852625026832766,0.9422259983007647,0.27191586353597974
ACSEmployment-CA,xgboost,1,0.05,lac,sex,mondrian,0.95,0.9558333333333333,1.4675,0.005504781200253772,0.9529616724738676,0.1146987120259153
ACSEmployment-CA,xgboost,1,0.05,lac,age,mondrian,0.95,0.9575,1.4879166666666668,0.03936750215072493,0.9436008676789588,0.6261648181434145
ACSEmployment-CA,xgboost,1,0.05,lac,race,mondrian,0.95,0.9575,1.4775,0.058122205663189264,0.9090909090909091,0.07575757575757569
ACSEmployment-CA,xgboost,1,0.05,aps,predclass,marginal,0.95,1.0,2.0,0.0,1.0,0.0
ACSEmployment-CA,xgboost,1,0.05,aps,sex,marginal,0.95,1.0,2.0,0.0,1.0,0.0
ACSEmployment-CA,xgboost,1,0.05,aps,age,marginal,0.95,1.0,2.0,0.0,1.0,0.0
ACSEmployment-CA,xgboost,1,0.05,aps,race,marginal,0.95,1.0,2.0,0.0,1.0,0.0
ACSEmployment-CA,xgboost,1,0.05,aps,predclass,mondrian,0.95,1.0,2.0,0.0,1.0,0.0
ACSEmployment-CA,xgboost,1,0.05,aps,sex,mondrian,0.95,1.0,2.0,0.0,1.0,0.0
ACSEmployment-CA,xgboost,1,0.05,aps,age,mondrian,0.95,1.0,2.0,0.0,1.0,0.0
ACSEmployment-CA,xgboost,1,0.05,aps,race,mondrian,0.95,1.0,2.0,0.0,1.0,0.0
ACSEmployment-CA,xgboost,1,0.1,lac,predclass,marginal,0.9,0.8983333333333333,1.2558333333333334,0.053917029241992376,0.8708581138487681,0.06983259822532029
ACSEmployment-CA,xgboost,1,0.1,lac,sex,marginal,0.9,0.8983333333333333,1.2558333333333334,0.014549543030802248,0.8913738019169329,0.12138905277688106
ACSEmployment-CA,xgboost,1,0.1,lac,age,marginal,0.9,0.8983333333333333,1.2558333333333334,0.106011911171486,0.8370165745856354,0.25717942133905414
ACSEmployment-CA,xgboost,1,0.1,lac,race,marginal,0.9,0.8983333333333333,1.2558333333333334,0.05476308754997283,0.8585858585858586,0.06810493695739606
ACSEmployment-CA,xgboost,1,0.1,lac,predclass,mondrian,0.9,0.9025,1.2833333333333334,0.0012629639638450652,0.901880621422731,0.24261690579386452
ACSEmployment-CA,xgboost,1,0.1,lac,sex,mondrian,0.9,0.9008333333333334,1.2591666666666668,0.008087408578330346,0.896964856230032,0.13445803787111354
ACSEmployment-CA,xgboost,1,0.1,lac,age,mondrian,0.9,0.90125,1.2779166666666666,0.04298836284282237,0.8828633405639913,0.546418779560496
ACSEmployment-CA,xgboost,1,0.1,lac,race,mondrian,0.9,0.90375,1.2704166666666667,0.07496510775199305,0.8383838383838383,0.08578170463416357
ACSEmployment-CA,xgboost,1,0.1,aps,predclass,marginal,0.9,1.0,2.0,0.0,1.0,0.0
ACSEmployment-CA,xgboost,1,0.1,aps,sex,marginal,0.9,1.0,2.0,0.0,1.0,0.0
ACSEmployment-CA,xgboost,1,0.1,aps,age,marginal,0.9,1.0,2.0,0.0,1.0,0.0
ACSEmployment-CA,xgboost,1,0.1,aps,race,marginal,0.9,1.0,2.0,0.0,1.0,0.0
ACSEmployment-CA,xgboost,1,0.1,aps,predclass,mondrian,0.9,1.0,2.0,0.0,1.0,0.0
ACSEmployment-CA,xgboost,1,0.1,aps,sex,mondrian,0.9,1.0,2.0,0.0,1.0,0.0
ACSEmployment-CA,xgboost,1,0.1,aps,age,mondrian,0.9,1.0,2.0,0.0,1.0,0.0
ACSEmployment-CA,xgboost,1,0.1,aps,race,mondrian,0.9,1.0,2.0,0.0,1.0,0.0
ACSEmployment-CA,xgboost,1,0.2,lac,predclass,marginal,0.8,0.79625,1.0104166666666667,0.06533441799105366,0.7629566694987255,0.00043418728129984707
ACSEmployment-CA,xgboost,1,0.2,lac,sex,marginal,0.8,0.79625,1.0104166666666667,0.07331266489296573,0.7611821086261981,6.957509100402604e-05
ACSEmployment-CA,xgboost,1,0.2,lac,age,marginal,0.8,0.79625,1.0104166666666667,0.20358329122731456,0.6629834254143646,0.015173900111658867
ACSEmployment-CA,xgboost,1,0.2,lac,race,marginal,0.8,0.79625,1.0104166666666667,0.08464031414851092,0.7373737373737373,0.022860540451880018
ACSEmployment-CA,xgboost,1,0.2,lac,predclass,mondrian,0.8,0.81875,1.0620833333333333,0.012785947059718472,0.8122344944774851,0.1265930331350893
ACSEmployment-CA,xgboost,1,0.2,lac,sex,mondrian,0.8,0.8179166666666666,1.0491666666666666,0.025099909830682,0.8059105431309904,0.09424920127795522
ACSEmployment-CA,xgboost,1,0.2,lac,age,mondrian,0.8,0.8304166666666667,1.0883333333333334,0.08182784963266732,0.7787418655097614,0.3950276243093922
ACSEmployment-CA,xgboost,1,0.2,lac,race,mondrian,0.8,0.8033333333333333,1.0204166666666667,0.09005748350010645,0.7272727272727273,0.033152909336941816
ACSEmployment-CA,xgboost,1,0.2,aps,predclass,marginal,0.8,1.0,2.0,0.0,1.0,0.0
ACSEmployment-CA,xgboost,1,0.2,aps,sex,marginal,0.8,1.0,2.0,0.0,1.0,0.0
ACSEmployment-CA,xgboost,1,0.2,aps,age,marginal,0.8,1.0,2.0,0.0,1.0,0.0
ACSEmployment-CA,xgboost,1,0.2,aps,race,marginal,0.8,1.0,2.0,0.0,1.0,0.0
ACSEmployment-CA,xgboost,1,0.2,aps,predclass,mondrian,0.8,1.0,1.9895833333333333,0.0,1.0,0.02044153720359776
ACSEmployment-CA,xgboost,1,0.2,aps,sex,mondrian,0.8,1.0,1.9816666666666667,0.0,1.0,0.03832752613240409
ACSEmployment-CA,xgboost,1,0.2,aps,age,mondrian,0.8,1.0,1.9808333333333332,0.0,1.0,0.052473763118440875
ACSEmployment-CA,xgboost,1,0.2,aps,race,mondrian,0.8,1.0,1.9975,0.0,1.0,0.04040404040404044
ACSEmployment-CA,xgboost,2,0.05,lac,predclass,marginal,0.95,0.9508333333333333,1.46375,0.0299180763319975,0.9358867610324729,0.29339395374580124
ACSEmployment-CA,xgboost,2,0.05,lac,sex,marginal,0.95,0.9508333333333333,1.46375,0.01426330231075501,0.9437551695616212,0.1311302927456337
ACSEmployment-CA,xgboost,2,0.05,lac,age,marginal,0.95,0.9508333333333333,1.46375,0.04685565623037591,0.9235668789808917,0.41637211805867036
ACSEmployment-CA,xgboost,2,0.05,lac,race,marginal,0.95,0.9508333333333333,1.46375,0.027095277095277148,0.9368686868686869,0.0982042991072336
ACSEmployment-CA,xgboost,2,0.05,lac,predclass,mondrian,0.95,0.9558333333333333,1.4745833333333334,0.014926399254443945,0.948376353039134,0.33170925813142915
ACSEmployment-CA,xgboost,2,0.05,lac,sex,mondrian,0.95,0.9525,1.47875,0.014046623455902685,0.945424013434089,0.01634883628870809
ACSEmployment-CA,xgboost,2,0.05,lac,age,mondrian,0.95,0.9591666666666666,1.5079166666666666,0.036836062436784056,0.9331210191082803,0.5077739537843076
ACSEmployment-CA,xgboost,2,0.05,lac,race,mondrian,0.95,0.9575,1.4845833333333334,0.011657196232583433,0.9544827586206897,0.053737145723601554
ACSEmployment-CA,xgboost,2,0.05,aps,predclass,marginal,0.95,1.0,2.0,0.0,1.0,0.0
ACSEmployment-CA,xgboost,2,0.05,aps,sex,marginal,0.95,1.0,2.0,0.0,1.0,0.0
ACSEmployment-CA,xgboost,2,0.05,aps,age,marginal,0.95,1.0,2.0,0.0,1.0,0.0
ACSEmployment-CA,xgboost,2,0.05,aps,race,marginal,0.95,1.0,2.0,0.0,1.0,0.0
ACSEmployment-CA,xgboost,2,0.05,aps,predclass,mondrian,0.95,1.0,2.0,0.0,1.0,0.0
ACSEmployment-CA,xgboost,2,0.05,aps,sex,mondrian,0.95,1.0,2.0,0.0,1.0,0.0
ACSEmployment-CA,xgboost,2,0.05,aps,age,mondrian,0.95,1.0,2.0,0.0,1.0,0.0
ACSEmployment-CA,xgboost,2,0.05,aps,race,mondrian,0.95,1.0,2.0,0.0,1.0,0.0
ACSEmployment-CA,xgboost,2,0.1,lac,predclass,marginal,0.9,0.9083333333333333,1.27625,0.06984727072727137,0.8734388009991674,0.10703965766642898
ACSEmployment-CA,xgboost,2,0.1,lac,sex,marginal,0.9,0.9083333333333333,1.27625,0.013042400301683577,0.9017632241813602,0.11665031158002637
ACSEmployment-CA,xgboost,2,0.1,lac,age,marginal,0.9,0.9083333333333333,1.27625,0.06956358272840324,0.8726899383983573,0.2450614515116174
ACSEmployment-CA,xgboost,2,0.1,lac,race,marginal,0.9,0.9083333333333333,1.27625,0.0182417180159844,0.9006772009029346,0.06251398124987295
ACSEmployment-CA,xgboost,2,0.1,lac,predclass,mondrian,0.9,0.9108333333333334,1.2991666666666666,0.02651807397088468,0.8975853455453788,0.272834911690911
ACSEmployment-CA,xgboost,2,0.1,lac,sex,mondrian,0.9,0.9129166666666667,1.3004166666666668,0.03047463086465274,0.8975650713685979,0.04200861298448033
ACSEmployment-CA,xgboost,2,0.1,lac,age,mondrian,0.9,0.91125,1.30875,0.036537621779524465,0.8949044585987261,0.4560958105319819
ACSEmployment-CA,xgboost,2,0.1,lac,race,mondrian,0.9,0.9108333333333334,1.2858333333333334,0.011839339923717551,0.906896551724138,0.03924378924378935
ACSEmployment-CA,xgboost,2,0.1,aps,predclass,marginal,0.9,1.0,2.0,0.0,1.0,0.0
ACSEmployment-CA,xgboost,2,0.1,aps,sex,marginal,0.9,1.0,2.0,0.0,1.0,0.0
ACSEmployment-CA,xgboost,2,0.1,aps,age,marginal,0.9,1.0,2.0,0.0,1.0,0.0
ACSEmployment-CA,xgboost,2,0.1,aps,race,marginal,0.9,1.0,2.0,0.0,1.0,0.0
ACSEmployment-CA,xgboost,2,0.1,aps,predclass,mondrian,0.9,1.0,2.0,0.0,1.0,0.0
ACSEmployment-CA,xgboost,2,0.1,aps,sex,mondrian,0.9,1.0,2.0,0.0,1.0,0.0
ACSEmployment-CA,xgboost,2,0.1,aps,age,mondrian,0.9,1.0,2.0,0.0,1.0,0.0
ACSEmployment-CA,xgboost,2,0.1,aps,race,mondrian,0.9,1.0,2.0,0.0,1.0,0.0
ACSEmployment-CA,xgboost,2,0.2,lac,predclass,marginal,0.8,0.8058333333333333,1.0,0.09134311898827707,0.7601998334721066,0.0
ACSEmployment-CA,xgboost,2,0.2,lac,sex,marginal,0.8,0.8058333333333333,1.0,0.0645827994491357,0.7732997481108312,0.0
ACSEmployment-CA,xgboost,2,0.2,lac,age,marginal,0.8,0.8058333333333333,1.0,0.12942495738763793,0.7452229299363057,0.0
ACSEmployment-CA,xgboost,2,0.2,lac,race,marginal,0.8,0.8058333333333333,1.0,0.01932776036224315,0.8013793103448276,0.0
ACSEmployment-CA,xgboost,2,0.2,lac,predclass,mondrian,0.8,0.8258333333333333,1.0475,0.051376424566961565,0.8001665278934221,0.09492089925062452
ACSEmployment-CA,xgboost,2,0.2,lac,sex,mondrian,0.8,0.81875,1.0270833333333333,0.03855425201000895,0.799328295549958,0.054575986565911005
ACSEmployment-CA,xgboost,2,0.2,lac,age,mondrian,0.8,0.8329166666666666,1.065,0.07559351380148494,0.7990543735224587,0.15605095541401282
ACSEmployment-CA,xgboost,2,0.2,lac,race,mondrian,0.8,0.8120833333333334,1.0170833333333333,0.03157780026465329,0.8013793103448276,0.07223476297968401
ACSEmployment-CA,xgboost,2,0.2,aps,predclass,marginal,0.8,1.0,1.9975,0.0,1.0,0.005004170141784892
ACSEmployment-CA,xgboost,2,0.2,aps,sex,marginal,0.8,1.0,1.9975,0.0,1.0,0.005037783375314797
ACSEmployment-CA,xgboost,2,0.2,aps,age,marginal,0.8,1.0,1.9975,0.0,1.0,0.008450704225352101
ACSEmployment-CA,xgboost,2,0.2,aps,race,marginal,0.8,1.0,1.9975,0.0,1.0,0.01732836284560424
ACSEmployment-CA,xgboost,2,0.2,aps,predclass,mondrian,0.8,1.0,1.98125,0.0,1.0,0.03753127606338613
ACSEmployment-CA,xgboost,2,0.2,aps,sex,mondrian,0.8,1.0,1.9875,0.0,1.0,0.02481389578163773
ACSEmployment-CA,xgboost,2,0.2,aps,age,mondrian,0.8,1.0,1.9758333333333333,0.0,1.0,0.07183098591549286
ACSEmployment-CA,xgboost,2,0.2,aps,race,mondrian,0.8,1.0,1.9920833333333334,0.0,1.0,0.013103448275862073
ACSEmployment-CA,xgboost,3,0.05,lac,predclass,marginal,0.95,0.9520833333333333,1.4333333333333333,0.03440357413751427,0.9351395730706076,0.24705558750718914
ACSEmployment-CA,xgboost,3,0.05,lac,sex,marginal,0.95,0.9520833333333333,1.4333333333333333,0.0113927487810348,0.9463537300922046,0.18328401452549414
ACSEmployment-CA,xgboost,3,0.05,lac,age,marginal,0.95,0.9520833333333333,1.4333333333333333,0.04218481621435932,0.926829268292683,0.48731026938329003
ACSEmployment-CA,xgboost,3,0.05,lac,race,marginal,0.95,0.9520833333333333,1.4333333333333333,0.025294060464664092,0.9432098765432099,0.11147895863343016
ACSEmployment-CA,xgboost,3,0.05,lac,predclass,mondrian,0.95,0.9533333333333334,1.44,0.011936018937594328,0.9474548440065681,0.3452110058096405
ACSEmployment-CA,xgboost,3,0.05,lac,sex,mondrian,0.95,0.9529166666666666,1.4391666666666667,0.009716302846416225,0.9480301760268232,0.1715488929831639
ACSEmployment-CA,xgboost,3,0.05,lac,age,mondrian,0.95,0.9466666666666667,1.4525,0.06410046036738226,0.9197183098591549,0.7603901727517206
ACSEmployment-CA,xgboost,3,0.05,lac,race,mondrian,0.95,0.9554166666666667,1.4475,0.02647683212307761,0.9499011206328279,0.07477398658501011
ACSEmployment-CA,xgboost,3,0.05,aps,predclass,marginal,0.95,1.0,2.0,0.0,1.0,0.0
ACSEmployment-CA,xgboost,3,0.05,aps,sex,marginal,0.95,1.0,2.0,0.0,1.0,0.0
ACSEmployment-CA,xgboost,3,0.05,aps,age,marginal,0.95,1.0,2.0,0.0,1.0,0.0
ACSEmployment-CA,xgboost,3,0.05,aps,race,marginal,0.95,1.0,2.0,0.0,1.0,0.0
ACSEmployment-CA,xgboost,3,0.05,aps,predclass,mondrian,0.95,1.0,2.0,0.0,1.0,0.0
ACSEmployment-CA,xgboost,3,0.05,aps,sex,mondrian,0.95,1.0,2.0,0.0,1.0,0.0
ACSEmployment-CA,xgboost,3,0.05,aps,age,mondrian,0.95,1.0,2.0,0.0,1.0,0.0
ACSEmployment-CA,xgboost,3,0.05,aps,race,mondrian,0.95,1.0,2.0,0.0,1.0,0.0
ACSEmployment-CA,xgboost,3,0.1,lac,predclass,marginal,0.9,0.89375,1.2354166666666666,0.06766105707117442,0.8604269293924466,0.1004601035232926
ACSEmployment-CA,xgboost,3,0.1,lac,sex,marginal,0.9,0.89375,1.2354166666666666,0.019594416754459054,0.884009942004971,0.13309133435790543
ACSEmployment-CA,xgboost,3,0.1,lac,age,marginal,0.9,0.89375,1.2354166666666666,0.06716477728157566,0.8638211382113821,0.24918182232553887
ACSEmployment-CA,xgboost,3,0.1,lac,race,marginal,0.9,0.89375,1.2354166666666666,0.02694214505238124,0.8818897637795275,0.07965991430558361
ACSEmployment-CA,xgboost,3,0.1,lac,predclass,mondrian,0.9,0.8995833333333333,1.2558333333333334,0.019491885674276732,0.8899835796387521,0.2590499529060706
ACSEmployment-CA,xgboost,3,0.1,lac,sex,mondrian,0.9,0.8991666666666667,1.2504166666666667,0.012843492591067318,0.892707460184409,0.23625317805953117
ACSEmployment-CA,xgboost,3,0.1,lac,age,mondrian,0.9,0.8970833333333333,1.2766666666666666,0.0840010939422946,0.8577464788732394,0.6666666666666667
ACSEmployment-CA,xgboost,3,0.1,lac,race,mondrian,0.9,0.8941666666666667,1.2416666666666667,0.019943019943019946,0.8888888888888888,0.041215574548907785
ACSEmployment-CA,xgboost,3,0.1,aps,predclass,marginal,0.9,1.0,2.0,0.0,1.0,0.0
ACSEmployment-CA,xgboost,3,0.1,aps,sex,marginal,0.9,1.0,2.0,0.0,1.0,0.0
ACSEmployment-CA,xgboost,3,0.1,aps,age,marginal,0.9,1.0,2.0,0.0,1.0,0.0
ACSEmployment-CA,xgboost,3,0.1,aps,race,marginal,0.9,1.0,2.0,0.0,1.0,0.0
ACSEmployment-CA,xgboost,3,0.1,aps,predclass,mondrian,0.9,1.0,2.0,0.0,1.0,0.0
ACSEmployment-CA,xgboost,3,0.1,aps,sex,mondrian,0.9,1.0,2.0,0.0,1.0,0.0
ACSEmployment-CA,xgboost,3,0.1,aps,age,mondrian,0.9,1.0,1.9945833333333334,0.0,1.0,0.018309859154929553
ACSEmployment-CA,xgboost,3,0.1,aps,race,mondrian,0.9,1.0,2.0,0.0,1.0,0.0
ACSEmployment-CA,xgboost,3,0.2,lac,predclass,marginal,0.8,0.79625,1.0,0.08974102506397275,0.7520525451559934,0.0
ACSEmployment-CA,xgboost,3,0.2,lac,sex,marginal,0.8,0.79625,1.0,0.0851258133089251,0.7539353769676885,0.0
ACSEmployment-CA,xgboost,3,0.2,lac,age,marginal,0.8,0.79625,1.0,0.14900861479556948,0.7087378640776699,0.0
ACSEmployment-CA,xgboost,3,0.2,lac,race,marginal,0.8,0.79625,1.0,0.03664819675318365,0.7901234567901234,0.0
ACSEmployment-CA,xgboost,3,0.2,lac,predclass,mondrian,0.8,0.80875,1.0329166666666667,0.06511048319205148,0.7766830870279147,0.06486042692939242
ACSEmployment-CA,xgboost,3,0.2,lac,sex,mondrian,0.8,0.8216666666666667,1.0454166666666667,0.03458728803966249,0.8044739022369511,0.09030654515327252
ACSEmployment-CA,xgboost,3,0.2,lac,age,mondrian,0.8,0.8258333333333333,1.0695833333333333,0.09555135692201988,0.7621951219512195,0.3721682847896439
ACSEmployment-CA,xgboost,3,0.2,lac,race,mondrian,0.8,0.7975,1.0045833333333334,0.03664819675318365,0.7901234567901234,0.028490028490028463
ACSEmployment-CA,xgboost,3,0.2,aps,predclass,marginal,0.8,1.0,1.9791666666666667,0.0,1.0,0.04230118443316422
ACSEmployment-CA,xgboost,3,0.2,aps,sex,marginal,0.8,1.0,1.9791666666666667,0.0,1.0,0.025243914549870183
ACSEmployment-CA,xgboost,3,0.2,aps,age,marginal,0.8,1.0,1.9791666666666667,0.0,1.0,0.06901408450704216
ACSEmployment-CA,xgboost,3,0.2,aps,race,marginal,0.8,1.0,1.9791666666666667,0.0,1.0,0.1312214845919475
ACSEmployment-CA,xgboost,3,0.2,aps,predclass,mondrian,0.8,1.0,1.9758333333333333,0.0,1.0,0.04906937394247035
ACSEmployment-CA,xgboost,3,0.2,aps,sex,mondrian,0.8,1.0,1.975,0.0,1.0,0.050293378038558156
ACSEmployment-CA,xgboost,3,0.2,aps,age,mondrian,0.8,1.0,1.9675,0.0,1.0,0.10140845070422544
ACSEmployment-CA,xgboost,3,0.2,aps,race,mondrian,0.8,1.0,1.9875,0.0,1.0,0.016479894528675043
ACSEmployment-CA,xgboost,4,0.05,lac,predclass,marginal,0.95,0.9479166666666666,1.4370833333333333,0.03776065267074591,0.9289891395154553,0.24135359179328209
ACSEmployment-CA,xgboost,4,0.05,lac,sex,marginal,0.95,0.9479166666666666,1.4370833333333333,0.012390251565550958,0.9415305245055889,0.18071833569553286
ACSEmployment-CA,xgboost,4,0.05,lac,age,marginal,0.95,0.9479166666666666,1.4370833333333333,0.061117362574219514,0.9185022026431718,0.3979643126413672
ACSEmployment-CA,xgboost,4,0.05,lac,race,marginal,0.95,0.9479166666666666,1.4370833333333333,0.014384894446665242,0.9444063143445436,0.07140425945735673
ACSEmployment-CA,xgboost,4,0.05,lac,predclass,mondrian,0.95,0.9466666666666667,1.4458333333333333,0.006933376666937496,0.9431913116123642,0.36556478477990484
ACSEmployment-CA,xgboost,4,0.05,lac,sex,mondrian,0.95,0.9470833333333334,1.4420833333333334,0.0025725846308052303,0.9458367016976557,0.12535737100062505
ACSEmployment-CA,xgboost,4,0.05,lac,age,mondrian,0.95,0.9520833333333333,1.4825,0.03869621066152862,0.9335260115606936,0.5017199673284745
ACSEmployment-CA,xgboost,4,0.05,lac,race,mondrian,0.95,0.9525,1.4575,0.021352255470468373,0.9471516815374056,0.10849064251319973
ACSEmployment-CA,xgboost,4,0.05,aps,predclass,marginal,0.95,1.0,2.0,0.0,1.0,0.0
ACSEmployment-CA,xgboost,4,0.05,aps,sex,marginal,0.95,1.0,2.0,0.0,1.0,0.0
ACSEmployment-CA,xgboost,4,0.05,aps,age,marginal,0.95,1.0,2.0,0.0,1.0,0.0
ACSEmployment-CA,xgboost,4,0.05,aps,race,marginal,0.95,1.0,2.0,0.0,1.0,0.0
ACSEmployment-CA,xgboost,4,0.05,aps,predclass,mondrian,0.95,1.0,2.0,0.0,1.0,0.0
ACSEmployment-CA,xgboost,4,0.05,aps,sex,mondrian,0.95,1.0,2.0,0.0,1.0,0.0
ACSEmployment-CA,xgboost,4,0.05,aps,age,mondrian,0.95,1.0,2.0,0.0,1.0,0.0
ACSEmployment-CA,xgboost,4,0.05,aps,race,mondrian,0.95,1.0,2.0,0.0,1.0,0.0
ACSEmployment-CA,xgboost,4,0.1,lac,predclass,marginal,0.9,0.8870833333333333,1.2358333333333333,0.07306503998983327,0.8504594820384294,0.09784644487361382
ACSEmployment-CA,xgboost,4,0.1,lac,sex,marginal,0.9,0.8870833333333333,1.2358333333333333,0.018888095696533713,0.8779304769603881,0.12390807649772606
ACSEmployment-CA,xgboost,4,0.1,lac,age,marginal,0.9,0.8870833333333333,1.2358333333333333,0.08676498755027773,0.8480176211453745,0.26290360249897815
ACSEmployment-CA,xgboost,4,0.1,lac,race,marginal,0.9,0.8870833333333333,1.2358333333333333,0.0322099160681838,0.8661417322834646,0.05864411179371798
ACSEmployment-CA,xgboost,4,0.1,lac,predclass,mondrian,0.9,0.8916666666666667,1.2579166666666666,0.010541732552495131,0.8863826232247285,0.2604578778617366
ACSEmployment-CA,xgboost,4,0.1,lac,sex,mondrian,0.9,0.8866666666666667,1.23375,0.024701261129504326,0.8746968472109944,0.11152477598494692
ACSEmployment-CA,xgboost,4,0.1,lac,age,mondrian,0.9,0.8925,1.27,0.04856169283482059,0.8766519823788547,0.4905362528273436
ACSEmployment-CA,xgboost,4,0.1,lac,race,mondrian,0.9,0.8929166666666667,1.2479166666666666,0.051525743891254305,0.8798901853122855,0.1432753688327939
ACSEmployment-CA,xgboost,4,0.1,aps,predclass,marginal,0.9,1.0,2.0,0.0,1.0,0.0
ACSEmployment-CA,xgboost,4,0.1,aps,sex,marginal,0.9,1.0,2.0,0.0,1.0,0.0
ACSEmployment-CA,xgboost,4,0.1,aps,age,marginal,0.9,1.0,2.0,0.0,1.0,0.0
ACSEmployment-CA,xgboost,4,0.1,aps,race,marginal,0.9,1.0,2.0,0.0,1.0,0.0
ACSEmployment-CA,xgboost,4,0.1,aps,predclass,mondrian,0.9,1.0,2.0,0.0,1.0,0.0
ACSEmployment-CA,xgboost,4,0.1,aps,sex,mondrian,0.9,1.0,2.0,0.0,1.0,0.0
ACSEmployment-CA,xgboost,4,0.1,aps,age,mondrian,0.9,1.0,2.0,0.0,1.0,0.0
ACSEmployment-CA,xgboost,4,0.1,aps,race,mondrian,0.9,1.0,2.0,0.0,1.0,0.0
ACSEmployment-CA,xgboost,4,0.2,lac,predclass,marginal,0.8,0.7904166666666667,1.0070833333333333,0.08354843884440943,0.7485380116959064,0.004202109596518344
ACSEmployment-CA,xgboost,4,0.2,lac,sex,marginal,0.8,0.7904166666666667,1.0070833333333333,0.07965141860560487,0.751818916734034,0.0037334104436788085
ACSEmployment-CA,xgboost,4,0.2,lac,age,marginal,0.8,0.7904166666666667,1.0070833333333333,0.18392655189746165,0.6734104046242775,0.014623649158079788
ACSEmployment-CA,xgboost,4,0.2,lac,race,marginal,0.8,0.7904166666666667,1.0070833333333333,0.022517290533762724,0.785175017158545,0.013736263736263687
ACSEmployment-CA,xgboost,4,0.2,lac,predclass,mondrian,0.8,0.81,1.04875,0.0376169017723027,0.7911445279866333,0.09774436090225569
ACSEmployment-CA,xgboost,4,0.2,lac,sex,mondrian,0.8,0.8029166666666666,1.0266666666666666,0.05206269015473741,0.7776879547291835,0.051738075990299004
ACSEmployment-CA,xgboost,4,0.2,lac,age,mondrian,0.8,0.8154166666666667,1.0533333333333332,0.08725579390921279,0.7687224669603524,0.2341040462427746
ACSEmployment-CA,xgboost,4,0.2,lac,race,mondrian,0.8,0.7954166666666667,1.0175,0.05453987767324053,0.7817433081674674,0.09070796460176989
ACSEmployment-CA,xgboost,4,0.2,aps,predclass,marginal,0.8,1.0,2.0,0.0,1.0,0.0
ACSEmployment-CA,xgboost,4,0.2,aps,sex,marginal,0.8,1.0,2.0,0.0,1.0,0.0
ACSEmployment-CA,xgboost,4,0.2,aps,age,marginal,0.8,1.0,2.0,0.0,1.0,0.0
ACSEmployment-CA,xgboost,4,0.2,aps,race,marginal,0.8,1.0,2.0,0.0,1.0,0.0
ACSEmployment-CA,xgboost,4,0.2,aps,predclass,mondrian,0.8,1.0,1.9958333333333333,0.0,1.0,0.00831255195344971
ACSEmployment-CA,xgboost,4,0.2,aps,sex,mondrian,0.8,1.0,1.9954166666666666,0.0,1.0,0.009458297506448776
ACSEmployment-CA,xgboost,4,0.2,aps,age,mondrian,0.8,1.0,1.9908333333333332,0.0,1.0,0.029891304347826164
ACSEmployment-CA,xgboost,4,0.2,aps,race,mondrian,0.8,1.0,1.9979166666666666,0.0,1.0,0.008241758241758212
ACSEmployment-CA,lightgbm,0,0.05,lac,predclass,marginal,0.95,0.9475,1.4075,0.036797483162812394,0.9296685529506872,0.2584498735255949
ACSEmployment-CA,lightgbm,0,0.05,lac,sex,marginal,0.95,0.9475,1.4075,0.024301080048002133,0.9354304635761589,0.19044179741321843
ACSEmployment-CA,lightgbm,0,0.05,lac,age,marginal,0.95,0.9475,1.4075,0.032540737458770175,0.9344262295081968,0.5093551765021505
ACSEmployment-CA,lightgbm,0,0.05,lac,race,marginal,0.95,0.9475,1.4075,0.03648464613627378,0.9343891402714932,0.12184246364714668
ACSEmployment-CA,lightgbm,0,0.05,lac,predclass,mondrian,0.95,0.9508333333333333,1.4304166666666667,0.008039587635745304,0.9466895958727429,0.444713759122388
ACSEmployment-CA,lightgbm,0,0.05,lac,sex,mondrian,0.95,0.95125,1.4216666666666666,0.01518400817814125,0.9437086092715232,0.15729587981688065
ACSEmployment-CA,lightgbm,0,0.05,lac,age,mondrian,0.95,0.95125,1.4604166666666667,0.04670712758469575,0.9164265129682997,0.49765904232763036
ACSEmployment-CA,lightgbm,0,0.05,lac,race,mondrian,0.95,0.9541666666666667,1.4316666666666666,0.048369480418161914,0.9343891402714932,0.19073624144618062
ACSEmployment-CA,lightgbm,0,0.05,aps,predclass,marginal,0.95,1.0,2.0,0.0,1.0,0.0
ACSEmployment-CA,lightgbm,0,0.05,aps,sex,marginal,0.95,1.0,2.0,0.0,1.0,0.0
ACSEmployment-CA,lightgbm,0,0.05,aps,age,marginal,0.95,1.0,2.0,0.0,1.0,0.0
ACSEmployment-CA,lightgbm,0,0.05,aps,race,marginal,0.95,1.0,2.0,0.0,1.0,0.0
ACSEmployment-CA,lightgbm,0,0.05,aps,predclass,mondrian,0.95,1.0,2.0,0.0,1.0,0.0
ACSEmployment-CA,lightgbm,0,0.05,aps,sex,mondrian,0.95,1.0,2.0,0.0,1.0,0.0
ACSEmployment-CA,lightgbm,0,0.05,aps,age,mondrian,0.95,1.0,2.0,0.0,1.0,0.0
ACSEmployment-CA,lightgbm,0,0.05,aps,race,mondrian,0.95,1.0,2.0,0.0,1.0,0.0
ACSEmployment-CA,lightgbm,0,0.1,lac,predclass,marginal,0.9,0.89375,1.21125,0.0810249466332923,0.8544866612772838,0.08788980635062082
ACSEmployment-CA,lightgbm,0,0.1,lac,sex,marginal,0.9,0.89375,1.21125,0.0022501000044445885,0.8926174496644296,0.11865527356771421
ACSEmployment-CA,lightgbm,0,0.1,lac,age,marginal,0.9,0.89375,1.21125,0.0939368763576256,0.8414985590778098,0.28309577589116497
ACSEmployment-CA,lightgbm,0,0.1,lac,race,marginal,0.9,0.89375,1.21125,0.03253086148574447,0.8800904977375565,0.09150814918947425
ACSEmployment-CA,lightgbm,0,0.1,lac,predclass,mondrian,0.9,0.8945833333333333,1.2495833333333333,0.004336761824262125,0.8924818108326596,0.31240603045534243
ACSEmployment-CA,lightgbm,0,0.1,lac,sex,mondrian,0.9,0.8933333333333333,1.2195833333333332,0.013578381261389438,0.8865894039735099,0.18210253789057274
ACSEmployment-CA,lightgbm,0,0.1,lac,age,mondrian,0.9,0.8983333333333333,1.2470833333333333,0.07324798470099203,0.8414985590778098,0.3653148826059489
ACSEmployment-CA,lightgbm,0,0.1,lac,race,mondrian,0.9,0.8975,1.2233333333333334,0.09012432456178887,0.8710407239819005,0.25005491367570176
ACSEmployment-CA,lightgbm,0,0.1,aps,predclass,marginal,0.9,1.0,2.0,0.0,1.0,0.0
ACSEmployment-CA,lightgbm,0,0.1,aps,sex,marginal,0.9,1.0,2.0,0.0,1.0,0.0
ACSEmployment-CA,lightgbm,0,0.1,aps,age,marginal,0.9,1.0,2.0,0.0,1.0,0.0
ACSEmployment-CA,lightgbm,0,0.1,aps,race,marginal,0.9,1.0,2.0,0.0,1.0,0.0
ACSEmployment-CA,lightgbm,0,0.1,aps,predclass,mondrian,0.9,1.0,2.0,0.0,1.0,0.0
ACSEmployment-CA,lightgbm,0,0.1,aps,sex,mondrian,0.9,1.0,2.0,0.0,1.0,0.0
ACSEmployment-CA,lightgbm,0,0.1,aps,age,mondrian,0.9,1.0,2.0,0.0,1.0,0.0
ACSEmployment-CA,lightgbm,0,0.1,aps,race,mondrian,0.9,1.0,2.0,0.0,1.0,0.0
ACSEmployment-CA,lightgbm,0,0.2,lac,predclass,marginal,0.8,0.8079166666666666,1.0,0.0924093808627785,0.7631366208569119,0.0
ACSEmployment-CA,lightgbm,0,0.2,lac,sex,marginal,0.8,0.8079166666666666,1.0,0.043396373172140956,0.7860738255033557,0.0
ACSEmployment-CA,lightgbm,0,0.2,lac,age,marginal,0.8,0.8079166666666666,1.0,0.19952228885946466,0.6743515850144092,0.0
ACSEmployment-CA,lightgbm,0,0.2,lac,race,marginal,0.8,0.8079166666666666,1.0,0.03364579845999327,0.7766990291262136,0.0
ACSEmployment-CA,lightgbm,0,0.2,lac,predclass,mondrian,0.8,0.8245833333333333,1.0441666666666667,0.06007308336884154,0.7954729183508489,0.08569118835893286
ACSEmployment-CA,lightgbm,0,0.2,lac,sex,mondrian,0.8,0.8220833333333334,1.0295833333333333,0.014872883239255064,0.8145973154362416,0.059563758389261645
ACSEmployment-CA,lightgbm,0,0.2,lac,age,mondrian,0.8,0.8258333333333333,1.0370833333333334,0.14476724563179888,0.729106628242075,0.10951008645533133
ACSEmployment-CA,lightgbm,0,0.2,lac,race,mondrian,0.8,0.8095833333333333,1.0045833333333334,0.007841672890216533,0.8076923076923077,0.07766990291262132
ACSEmployment-CA,lightgbm,0,0.2,aps,predclass,marginal,0.8,1.0,1.9904166666666667,0.0,1.0,0.019776440240756754
ACSEmployment-CA,lightgbm,0,0.2,aps,sex,marginal,0.8,1.0,1.9904166666666667,0.0,1.0,0.01096159829325738
ACSEmployment-CA,lightgbm,0,0.2,aps,age,marginal,0.8,1.0,1.9904166666666667,0.0,1.0,0.03453453453453448
ACSEmployment-CA,lightgbm,0,0.2,aps,race,marginal,0.8,1.0,1.9904166666666667,0.0,1.0,0.029126213592232997
ACSEmployment-CA,lightgbm,0,0.2,aps,predclass,mondrian,0.8,1.0,1.9783333333333333,0.0,1.0,0.044711951848667164
ACSEmployment-CA,lightgbm,0,0.2,aps,sex,mondrian,0.8,1.0,1.98125,0.0,1.0,0.037251655629139124
ACSEmployment-CA,lightgbm,0,0.2,aps,age,mondrian,0.8,1.0,1.9791666666666667,0.0,1.0,0.06606606606606613
ACSEmployment-CA,lightgbm,0,0.2,aps,race,mondrian,0.8,1.0,1.9895833333333333,0.0,1.0,0.015873015873015817
ACSEmployment-CA,lightgbm,1,0.05,lac,predclass,marginal,0.95,0.9495833333333333,1.4104166666666667,0.0384275345358881,0.9301934398654331,0.18503985404329115
ACSEmployment-CA,lightgbm,1,0.05,lac,sex,marginal,0.95,0.9495833333333333,1.4104166666666667,0.011891774554441126,0.9433797909407665,0.17559361467644807
ACSEmployment-CA,lightgbm,1,0.05,lac,age,marginal,0.95,0.9495833333333333,1.4104166666666667,0.05659463086136485,0.925414364640884,0.40329420924896664
ACSEmployment-CA,lightgbm,1,0.05,lac,race,marginal,0.95,0.9495833333333333,1.4104166666666667,0.018451493861329826,0.9393939393939394,0.08525536394388866
ACSEmployment-CA,lightgbm,1,0.05,lac,predclass,mondrian,0.95,0.95,1.4283333333333332,0.022585231120115012,0.9386038687973086,0.2712089001923077
ACSEmployment-CA,lightgbm,1,0.05,lac,sex,mondrian,0.95,0.9570833333333333,1.4558333333333333,0.00879707450657341,0.9528753993610224,0.06561765982789902
ACSEmployment-CA,lightgbm,1,0.05,lac,age,mondrian,0.95,0.95875,1.4683333333333333,0.03233212470510005,0.9457700650759219,0.5770788638829756
ACSEmployment-CA,lightgbm,1,0.05,lac,race,mondrian,0.95,0.9504166666666667,1.425,0.05885553426537027,0.898989898989899,0.07828282828282829
ACSEmployment-CA,lightgbm,1,0.05,aps,predclass,marginal,0.95,1.0,2.0,0.0,1.0,0.0
ACSEmployment-CA,lightgbm,1,0.05,aps,sex,marginal,0.95,1.0,2.0,0.0,1.0,0.0
ACSEmployment-CA,lightgbm,1,0.05,aps,age,marginal,0.95,1.0,2.0,0.0,1.0,0.0
ACSEmployment-CA,lightgbm,1,0.05,aps,race,marginal,0.95,1.0,2.0,0.0,1.0,0.0
ACSEmployment-CA,lightgbm,1,0.05,aps,predclass,mondrian,0.95,1.0,2.0,0.0,1.0,0.0
ACSEmployment-CA,lightgbm,1,0.05,aps,sex,mondrian,0.95,1.0,2.0,0.0,1.0,0.0
ACSEmployment-CA,lightgbm,1,0.05,aps,age,mondrian,0.95,1.0,2.0,0.0,1.0,0.0
ACSEmployment-CA,lightgbm,1,0.05,aps,race,mondrian,0.95,1.0,2.0,0.0,1.0,0.0
ACSEmployment-CA,lightgbm,1,0.1,lac,predclass,marginal,0.9,0.9045833333333333,1.2491666666666668,0.06425470473560624,0.872161480235492,0.059573061347516054
ACSEmployment-CA,lightgbm,1,0.1,lac,sex,marginal,0.9,0.9045833333333333,1.2491666666666668,0.01592712983268585,0.896964856230032,0.11027930224532745
ACSEmployment-CA,lightgbm,1,0.1,lac,age,marginal,0.9,0.9045833333333333,1.2491666666666668,0.10143132853462777,0.8535911602209945,0.24826675060259928
ACSEmployment-CA,lightgbm,1,0.1,lac,race,marginal,0.9,0.9045833333333333,1.2491666666666668,0.03456106734795261,0.8787878787878788,0.06415442481016242
ACSEmployment-CA,lightgbm,1,0.1,lac,predclass,mondrian,0.9,0.9041666666666667,1.2433333333333334,0.023425579510500505,0.8923465096719932,0.18447661227089207
ACSEmployment-CA,lightgbm,1,0.1,lac,sex,mondrian,0.9,0.9058333333333334,1.24375,0.004836860326613346,0.9033101045296167,0.17336721176431302
ACSEmployment-CA,lightgbm,1,0.1,lac,age,mondrian,0.9,0.90375,1.2545833333333334,0.025734809020905525,0.8915401301518439,0.518405162059854
ACSEmployment-CA,lightgbm,1,0.1,lac,race,mondrian,0.9,0.90375,1.245,0.1241645138803461,0.7878787878787878,0.1669195336313063
ACSEmployment-CA,lightgbm,1,0.1,aps,predclass,marginal,0.9,1.0,2.0,0.0,1.0,0.0
ACSEmployment-CA,lightgbm,1,0.1,aps,sex,marginal,0.9,1.0,2.0,0.0,1.0,0.0
ACSEmployment-CA,lightgbm,1,0.1,aps,age,marginal,0.9,1.0,2.0,0.0,1.0,0.0
ACSEmployment-CA,lightgbm,1,0.1,aps,race,marginal,0.9,1.0,2.0,0.0,1.0,0.0
ACSEmployment-CA,lightgbm,1,0.1,aps,predclass,mondrian,0.9,1.0,2.0,0.0,1.0,0.0
ACSEmployment-CA,lightgbm,1,0.1,aps,sex,mondrian,0.9,1.0,2.0,0.0,1.0,0.0
ACSEmployment-CA,lightgbm,1,0.1,aps,age,mondrian,0.9,1.0,2.0,0.0,1.0,0.0
ACSEmployment-CA,lightgbm,1,0.1,aps,race,mondrian,0.9,1.0,2.0,0.0,1.0,0.0
ACSEmployment-CA,lightgbm,1,0.2,lac,predclass,marginal,0.8,0.7995833333333333,1.0,0.0711802866768666,0.7636669470142977,0.0
ACSEmployment-CA,lightgbm,1,0.2,lac,sex,marginal,0.8,0.7995833333333333,1.0,0.05857387761463195,0.7715654952076677,0.0
ACSEmployment-CA,lightgbm,1,0.2,lac,age,marginal,0.8,0.7995833333333333,1.0,0.22465562798711136,0.6464088397790055,0.0
ACSEmployment-CA,lightgbm,1,0.2,lac,race,marginal,0.8,0.7995833333333333,1.0,0.06604688571901696,0.7676767676767676,0.0
ACSEmployment-CA,lightgbm,1,0.2,lac,predclass,mondrian,0.8,0.8195833333333333,1.0454166666666667,0.03081022780386411,0.8040370058873002,0.0916736753574432
ACSEmployment-CA,lightgbm,1,0.2,lac,sex,mondrian,0.8,0.8279166666666666,1.0620833333333333,0.004260778573098367,0.8258785942492013,0.1190095846645367
ACSEmployment-CA,lightgbm,1,0.2,lac,age,mondrian,0.8,0.8341666666666666,1.0704166666666666,0.07496902308065057,0.7960954446854663,0.350828729281768
ACSEmployment-CA,lightgbm,1,0.2,lac,race,mondrian,0.8,0.8070833333333334,1.0104166666666667,0.06604688571901696,0.7676767676767676,0.01691474966170503
ACSEmployment-CA,lightgbm,1,0.2,aps,predclass,marginal,0.8,1.0,1.9954166666666666,0.0,1.0,0.009083402146985886
ACSEmployment-CA,lightgbm,1,0.2,aps,sex,marginal,0.8,1.0,1.9954166666666666,0.0,1.0,0.0012328706125948052
ACSEmployment-CA,lightgbm,1,0.2,aps,age,marginal,0.8,1.0,1.9954166666666666,0.0,1.0,0.016491754122938573
ACSEmployment-CA,lightgbm,1,0.2,aps,race,marginal,0.8,1.0,1.9954166666666666,0.0,1.0,0.006765899864682012
ACSEmployment-CA,lightgbm,1,0.2,aps,predclass,mondrian,0.8,1.0,1.9795833333333333,0.0,1.0,0.040462427745664664
ACSEmployment-CA,lightgbm,1,0.2,aps,sex,mondrian,0.8,1.0,1.97875,0.0,1.0,0.04442508710801385
ACSEmployment-CA,lightgbm,1,0.2,aps,age,mondrian,0.8,1.0,1.9716666666666667,0.0,1.0,0.08395802098950522
ACSEmployment-CA,lightgbm,1,0.2,aps,race,mondrian,0.8,1.0,1.9929166666666667,0.0,1.0,0.030303030303030276
ACSEmployment-CA,lightgbm,2,0.05,lac,predclass,marginal,0.95,0.9575,1.4604166666666667,0.02552836484983312,0.9451612903225807,0.31382091212458274
ACSEmployment-CA,lightgbm,2,0.05,lac,sex,marginal,0.95,0.9575,1.4604166666666667,0.011029787092190602,0.9520264681555004,0.1494146545743198
ACSEmployment-CA,lightgbm,2,0.05,lac,age,marginal,0.95,0.9575,1.4604166666666667,0.0453451716458918,0.9363449691991786,0.4239077778774558
ACSEmployment-CA,lightgbm,2,0.05,lac,race,marginal,0.95,0.9575,1.4604166666666667,0.016994266994266982,0.946969696969697,0.1003802899965427
ACSEmployment-CA,lightgbm,2,0.05,lac,predclass,mondrian,0.95,0.9570833333333333,1.4558333333333333,0.01632369299221359,0.9491935483870968,0.3600111234705228
ACSEmployment-CA,lightgbm,2,0.05,lac,sex,mondrian,0.95,0.955,1.4604166666666667,0.019009402612230275,0.945424013434089,0.02274086250684948
ACSEmployment-CA,lightgbm,2,0.05,lac,age,mondrian,0.95,0.9625,1.5058333333333334,0.030661837072210485,0.9527896995708155,0.5757244101551988
ACSEmployment-CA,lightgbm,2,0.05,lac,race,mondrian,0.95,0.9595833333333333,1.4625,0.021159678044553876,0.9494949494949495,0.026144765455110353
ACSEmployment-CA,lightgbm,2,0.05,aps,predclass,marginal,0.95,1.0,2.0,0.0,1.0,0.0
ACSEmployment-CA,lightgbm,2,0.05,aps,sex,marginal,0.95,1.0,2.0,0.0,1.0,0.0
ACSEmployment-CA,lightgbm,2,0.05,aps,age,marginal,0.95,1.0,2.0,0.0,1.0,0.0
ACSEmployment-CA,lightgbm,2,0.05,aps,race,marginal,0.95,1.0,2.0,0.0,1.0,0.0
ACSEmployment-CA,lightgbm,2,0.05,aps,predclass,mondrian,0.95,1.0,2.0,0.0,1.0,0.0
ACSEmployment-CA,lightgbm,2,0.05,aps,sex,mondrian,0.95,1.0,2.0,0.0,1.0,0.0
ACSEmployment-CA,lightgbm,2,0.05,aps,age,mondrian,0.95,1.0,2.0,0.0,1.0,0.0
ACSEmployment-CA,lightgbm,2,0.05,aps,race,mondrian,0.95,1.0,2.0,0.0,1.0,0.0
ACSEmployment-CA,lightgbm,2,0.1,lac,predclass,marginal,0.9,0.90375,1.2575,0.0728309232480534,0.8685483870967742,0.12296996662958848
ACSEmployment-CA,lightgbm,2,0.1,lac,sex,marginal,0.9,0.90375,1.2575,0.008944253114237743,0.8992443324937027,0.12553622807949605
ACSEmployment-CA,lightgbm,2,0.1,lac,age,marginal,0.9,0.90375,1.2575,0.07149839488677445,0.86652977412731,0.2142549564905356
ACSEmployment-CA,lightgbm,2,0.1,lac,race,marginal,0.9,0.90375,1.2575,0.04980375409269311,0.8871331828442438,0.14139873507819334
ACSEmployment-CA,lightgbm,2,0.1,lac,predclass,mondrian,0.9,0.9066666666666666,1.2695833333333333,0.02547274749721906,0.8943548387096775,0.29485539488320356
ACSEmployment-CA,lightgbm,2,0.1,lac,sex,mondrian,0.9,0.90375,1.265,0.023945096911701214,0.8916876574307305,0.06731211964006323
ACSEmployment-CA,lightgbm,2,0.1,lac,age,mondrian,0.9,0.9058333333333334,1.28,0.01756302153873035,0.8973305954825462,0.43178433659280513
ACSEmployment-CA,lightgbm,2,0.1,lac,race,mondrian,0.9,0.91,1.27625,0.03176539971122361,0.8961625282167043,0.08954100827689992
ACSEmployment-CA,lightgbm,2,0.1,aps,predclass,marginal,0.9,1.0,2.0,0.0,1.0,0.0
ACSEmployment-CA,lightgbm,2,0.1,aps,sex,marginal,0.9,1.0,2.0,0.0,1.0,0.0
ACSEmployment-CA,lightgbm,2,0.1,aps,age,marginal,0.9,1.0,2.0,0.0,1.0,0.0
ACSEmployment-CA,lightgbm,2,0.1,aps,race,marginal,0.9,1.0,2.0,0.0,1.0,0.0
ACSEmployment-CA,lightgbm,2,0.1,aps,predclass,mondrian,0.9,1.0,2.0,0.0,1.0,0.0
ACSEmployment-CA,lightgbm,2,0.1,aps,sex,mondrian,0.9,1.0,2.0,0.0,1.0,0.0
ACSEmployment-CA,lightgbm,2,0.1,aps,age,mondrian,0.9,1.0,2.0,0.0,1.0,0.0
ACSEmployment-CA,lightgbm,2,0.1,aps,race,mondrian,0.9,1.0,2.0,0.0,1.0,0.0
ACSEmployment-CA,lightgbm,2,0.2,lac,predclass,marginal,0.8,0.8104166666666667,1.0,0.11165183537263623,0.7564516129032258,0.0
ACSEmployment-CA,lightgbm,2,0.2,lac,sex,marginal,0.8,0.8104166666666667,1.0,0.06368066537076034,0.7783375314861462,0.0
ACSEmployment-CA,lightgbm,2,0.2,lac,age,marginal,0.8,0.8104166666666667,1.0,0.13438593343500493,0.7388535031847133,0.0
ACSEmployment-CA,lightgbm,2,0.2,lac,race,marginal,0.8,0.8104166666666667,1.0,0.04325544506131418,0.7945823927765236,0.0
ACSEmployment-CA,lightgbm,2,0.2,lac,predclass,mondrian,0.8,0.8320833333333333,1.05,0.06971635150166855,0.7983870967741935,0.09677419354838701
ACSEmployment-CA,lightgbm,2,0.2,lac,sex,mondrian,0.8,0.82,1.0179166666666666,0.044369162432053466,0.797649034424853,0.03610411418975645
ACSEmployment-CA,lightgbm,2,0.2,lac,age,mondrian,0.8,0.835,1.05125,0.07241808138357864,0.8008213552361396,0.16560509554140124
ACSEmployment-CA,lightgbm,2,0.2,lac,race,mondrian,0.8,0.8145833333333333,1.01,0.03228228228228225,0.8055555555555556,0.05417607223476306
ACSEmployment-CA,lightgbm,2,0.2,aps,predclass,marginal,0.8,1.0,1.9975,0.0,1.0,0.005172413793103514
ACSEmployment-CA,lightgbm,2,0.2,aps,sex,marginal,0.8,1.0,1.9975,0.0,1.0,0.005037783375314797
ACSEmployment-CA,lightgbm,2,0.2,aps,age,marginal,0.8,1.0,1.9975,0.0,1.0,0.008450704225352101
ACSEmployment-CA,lightgbm,2,0.2,aps,race,marginal,0.8,1.0,1.9975,0.0,1.0,0.006940043491767467
ACSEmployment-CA,lightgbm,2,0.2,aps,predclass,mondrian,0.8,1.0,1.97875,0.0,1.0,0.043965517241379315
ACSEmployment-CA,lightgbm,2,0.2,aps,sex,mondrian,0.8,1.0,1.9875,0.0,1.0,0.02481389578163773
ACSEmployment-CA,lightgbm,2,0.2,aps,age,mondrian,0.8,1.0,1.9733333333333334,0.0,1.0,0.07183098591549286
ACSEmployment-CA,lightgbm,2,0.2,aps,race,mondrian,0.8,1.0,1.9904166666666667,0.0,1.0,0.014482758620689706
ACSEmployment-CA,lightgbm,3,0.05,lac,predclass,marginal,0.95,0.94875,1.4045833333333333,0.03770876618118191,0.9304769603880356,0.24278150547291144
ACSEmployment-CA,lightgbm,3,0.05,lac,sex,marginal,0.95,0.94875,1.4045833333333333,0.01476508575639024,0.9413243922883487,0.20945365502020552
ACSEmployment-CA,lightgbm,3,0.05,lac,age,marginal,0.95,0.94875,1.4045833333333333,0.05226892694458851,0.9146341463414634,0.5339076530379689
ACSEmployment-CA,lightgbm,3,0.05,lac,race,marginal,0.95,0.94875,1.4045833333333333,0.0066850618031720765,0.9448818897637795,0.08279824539987146
ACSEmployment-CA,lightgbm,3,0.05,lac,predclass,mondrian,0.95,0.9475,1.41125,0.016778451180323506,0.9393694421988682,0.3357921524004419
ACSEmployment-CA,lightgbm,3,0.05,lac,sex,mondrian,0.95,0.9516666666666667,1.4229166666666666,0.008897524985225114,0.9471919530595139,0.17590529122171517
ACSEmployment-CA,lightgbm,3,0.05,lac,age,mondrian,0.95,0.9441666666666667,1.4304166666666667,0.06188333727997475,0.9186991869918699,0.7072017867724143
ACSEmployment-CA,lightgbm,3,0.05,lac,race,mondrian,0.95,0.95375,1.42,0.044202450962581574,0.9479235332893869,0.1320307183824243
ACSEmployment-CA,lightgbm,3,0.05,aps,predclass,marginal,0.95,1.0,2.0,0.0,1.0,0.0
ACSEmployment-CA,lightgbm,3,0.05,aps,sex,marginal,0.95,1.0,2.0,0.0,1.0,0.0
ACSEmployment-CA,lightgbm,3,0.05,aps,age,marginal,0.95,1.0,2.0,0.0,1.0,0.0
ACSEmployment-CA,lightgbm,3,0.05,aps,race,marginal,0.95,1.0,2.0,0.0,1.0,0.0
ACSEmployment-CA,lightgbm,3,0.05,aps,predclass,mondrian,0.95,1.0,2.0,0.0,1.0,0.0
ACSEmployment-CA,lightgbm,3,0.05,aps,sex,mondrian,0.95,1.0,2.0,0.0,1.0,0.0
ACSEmployment-CA,lightgbm,3,0.05,aps,age,mondrian,0.95,1.0,2.0,0.0,1.0,0.0
ACSEmployment-CA,lightgbm,3,0.05,aps,race,mondrian,0.95,1.0,2.0,0.0,1.0,0.0
ACSEmployment-CA,lightgbm,3,0.1,lac,predclass,marginal,0.9,0.8933333333333333,1.2166666666666666,0.08183335407064074,0.8536782538399353,0.07838007105366152
ACSEmployment-CA,lightgbm,3,0.1,lac,sex,marginal,0.9,0.8933333333333333,1.2166666666666666,0.012089300260911595,0.8873239436619719,0.11914294305847917
ACSEmployment-CA,lightgbm,3,0.1,lac,age,marginal,0.9,0.8933333333333333,1.2166666666666666,0.07732737890759189,0.8536585365853658,0.2928118875062673
ACSEmployment-CA,lightgbm,3,0.1,lac,race,marginal,0.9,0.8933333333333333,1.2166666666666666,0.013105413105413022,0.8831908831908832,0.05780076511783827
ACSEmployment-CA,lightgbm,3,0.1,lac,predclass,mondrian,0.9,0.8991666666666667,1.24,0.023804575321955457,0.8876313662085691,0.248769837435729
ACSEmployment-CA,lightgbm,3,0.1,lac,sex,mondrian,0.9,0.8883333333333333,1.2083333333333333,0.01130316239927609,0.8826487845766974,0.19590944414080758
ACSEmployment-CA,lightgbm,3,0.1,lac,age,mondrian,0.9,0.8983333333333333,1.2495833333333333,0.06949724235379917,0.8690140845070422,0.6407766990291262
ACSEmployment-CA,lightgbm,3,0.1,lac,race,mondrian,0.9,0.89625,1.2229166666666667,0.0373959665298248,0.8917378917378918,0.08470736029791137
ACSEmployment-CA,lightgbm,3,0.1,aps,predclass,marginal,0.9,1.0,2.0,0.0,1.0,0.0
ACSEmployment-CA,lightgbm,3,0.1,aps,sex,marginal,0.9,1.0,2.0,0.0,1.0,0.0
ACSEmployment-CA,lightgbm,3,0.1,aps,age,marginal,0.9,1.0,2.0,0.0,1.0,0.0
ACSEmployment-CA,lightgbm,3,0.1,aps,race,marginal,0.9,1.0,2.0,0.0,1.0,0.0
ACSEmployment-CA,lightgbm,3,0.1,aps,predclass,mondrian,0.9,1.0,2.0,0.0,1.0,0.0
ACSEmployment-CA,lightgbm,3,0.1,aps,sex,mondrian,0.9,1.0,2.0,0.0,1.0,0.0
ACSEmployment-CA,lightgbm,3,0.1,aps,age,mondrian,0.9,1.0,1.9945833333333334,0.0,1.0,0.018309859154929553
ACSEmployment-CA,lightgbm,3,0.1,aps,race,mondrian,0.9,1.0,2.0,0.0,1.0,0.0
ACSEmployment-CA,lightgbm,3,0.2,lac,predclass,marginal,0.8,0.8066666666666666,1.0,0.099839361170446,0.7582861762328214,0.0
ACSEmployment-CA,lightgbm,3,0.2,lac,sex,marginal,0.8,0.8066666666666666,1.0,0.04607934575551531,0.7837613918806959,0.0
ACSEmployment-CA,lightgbm,3,0.2,lac,age,marginal,0.8,0.8066666666666666,1.0,0.17969369615752762,0.6893203883495146,0.0
ACSEmployment-CA,lightgbm,3,0.2,lac,race,marginal,0.8,0.8066666666666666,1.0,0.018171016545000307,0.8015820698747528,0.0
ACSEmployment-CA,lightgbm,3,0.2,lac,predclass,mondrian,0.8,0.8129166666666666,1.02125,0.08771324961021965,0.7704122877930477,0.04122877930476965
ACSEmployment-CA,lightgbm,3,0.2,lac,sex,mondrian,0.8,0.8116666666666666,1.0191666666666668,0.036137340784512806,0.7937033968516984,0.03811101905550962
ACSEmployment-CA,lightgbm,3,0.2,lac,age,mondrian,0.8,0.83,1.0504166666666668,0.08575228193193496,0.7832618025751072,0.3236245954692556
ACSEmployment-CA,lightgbm,3,0.2,lac,race,mondrian,0.8,0.8066666666666666,1.0,0.018171016545000307,0.8015820698747528,0.0
ACSEmployment-CA,lightgbm,3,0.2,aps,predclass,marginal,0.8,1.0,1.97875,0.0,1.0,0.043852106620808184
ACSEmployment-CA,lightgbm,3,0.2,aps,sex,marginal,0.8,1.0,1.97875,0.0,1.0,0.016081797227822214
ACSEmployment-CA,lightgbm,3,0.2,aps,age,marginal,0.8,1.0,1.97875,0.0,1.0,0.07183098591549286
ACSEmployment-CA,lightgbm,3,0.2,aps,race,marginal,0.8,1.0,1.97875,0.0,1.0,0.11811023622047245
ACSEmployment-CA,lightgbm,3,0.2,aps,predclass,mondrian,0.8,1.0,1.9716666666666667,0.0,1.0,0.05846947549441106
ACSEmployment-CA,lightgbm,3,0.2,aps,sex,mondrian,0.8,1.0,1.9716666666666667,0.0,1.0,0.05699916177703268
ACSEmployment-CA,lightgbm,3,0.2,aps,age,mondrian,0.8,1.0,1.9666666666666666,0.0,1.0,0.10140845070422544
ACSEmployment-CA,lightgbm,3,0.2,aps,race,mondrian,0.8,1.0,1.9795833333333333,0.0,1.0,0.02570863546473312
ACSEmployment-CA,lightgbm,4,0.05,lac,predclass,marginal,0.95,0.9466666666666667,1.4275,0.055517626721469426,0.9192085737840066,0.2290977204963638
ACSEmployment-CA,lightgbm,4,0.05,lac,sex,marginal,0.95,0.9466666666666667,1.4275,0.02164279790995749,0.9355116079105761,0.2004947759362894
ACSEmployment-CA,lightgbm,4,0.05,lac,age,marginal,0.95,0.9466666666666667,1.4275,0.06190311636089463,0.9190751445086706,0.3994957903995979
ACSEmployment-CA,lightgbm,4,0.05,lac,race,marginal,0.95,0.9466666666666667,1.4275,0.017818488992133452,0.9437199725463281,0.05606340562092793
ACSEmployment-CA,lightgbm,4,0.05,lac,predclass,mondrian,0.95,0.9541666666666667,1.4683333333333333,0.00734113934204772,0.9505358615004122,0.39989971045212935
ACSEmployment-CA,lightgbm,4,0.05,lac,sex,mondrian,0.95,0.94875,1.4358333333333333,0.010670561109832888,0.943250214961307,0.1499328180749615
ACSEmployment-CA,lightgbm,4,0.05,lac,age,mondrian,0.95,0.94,1.44625,0.04636034255599475,0.9157608695652174,0.5516461422467958
ACSEmployment-CA,lightgbm,4,0.05,lac,race,mondrian,0.95,0.9479166666666666,1.4279166666666667,0.015770676805898942,0.9444063143445436,0.07502674316833624
ACSEmployment-CA,lightgbm,4,0.05,aps,predclass,marginal,0.95,1.0,2.0,0.0,1.0,0.0
ACSEmployment-CA,lightgbm,4,0.05,aps,sex,marginal,0.95,1.0,2.0,0.0,1.0,0.0
ACSEmployment-CA,lightgbm,4,0.05,aps,age,marginal,0.95,1.0,2.0,0.0,1.0,0.0
ACSEmployment-CA,lightgbm,4,0.05,aps,race,marginal,0.95,1.0,2.0,0.0,1.0,0.0
ACSEmployment-CA,lightgbm,4,0.05,aps,predclass,mondrian,0.95,1.0,2.0,0.0,1.0,0.0
ACSEmployment-CA,lightgbm,4,0.05,aps,sex,mondrian,0.95,1.0,2.0,0.0,1.0,0.0
ACSEmployment-CA,lightgbm,4,0.05,aps,age,mondrian,0.95,1.0,2.0,0.0,1.0,0.0
ACSEmployment-CA,lightgbm,4,0.05,aps,race,mondrian,0.95,1.0,2.0,0.0,1.0,0.0
ACSEmployment-CA,lightgbm,4,0.1,lac,predclass,marginal,0.9,0.8908333333333334,1.2354166666666666,0.06764266084005688,0.8573784006595219,0.09907760007945376
ACSEmployment-CA,lightgbm,4,0.1,lac,sex,marginal,0.9,0.8908333333333334,1.2354166666666666,0.0017335925612613767,0.8899398108340498,0.11809491106475534
ACSEmployment-CA,lightgbm,4,0.1,lac,age,marginal,0.9,0.8908333333333334,1.2354166666666666,0.08015705803485929,0.8546255506607929,0.25622800955013836
ACSEmployment-CA,lightgbm,4,0.1,lac,race,marginal,0.9,0.8908333333333334,1.2354166666666666,0.0238500437615482,0.8827433628318584,0.01843077137481708
ACSEmployment-CA,lightgbm,4,0.1,lac,predclass,mondrian,0.9,0.89,1.2554166666666666,0.009284422963528272,0.8854080791426217,0.2836659302376461
ACSEmployment-CA,lightgbm,4,0.1,lac,sex,mondrian,0.9,0.8945833333333333,1.245,0.009341519819884292,0.8900565885206144,0.08830895483275425
ACSEmployment-CA,lightgbm,4,0.1,lac,age,mondrian,0.9,0.9,1.2816666666666667,0.04415640649120833,0.8810572687224669,0.4835699924604173
ACSEmployment-CA,lightgbm,4,0.1,lac,race,mondrian,0.9,0.8975,1.2525,0.06026650514839493,0.8846153846153846,0.27098295405382
ACSEmployment-CA,lightgbm,4,0.1,aps,predclass,marginal,0.9,1.0,2.0,0.0,1.0,0.0
ACSEmployment-CA,lightgbm,4,0.1,aps,sex,marginal,0.9,1.0,2.0,0.0,1.0,0.0
ACSEmployment-CA,lightgbm,4,0.1,aps,age,marginal,0.9,1.0,2.0,0.0,1.0,0.0
ACSEmployment-CA,lightgbm,4,0.1,aps,race,marginal,0.9,1.0,2.0,0.0,1.0,0.0
ACSEmployment-CA,lightgbm,4,0.1,aps,predclass,mondrian,0.9,1.0,2.0,0.0,1.0,0.0
ACSEmployment-CA,lightgbm,4,0.1,aps,sex,mondrian,0.9,1.0,2.0,0.0,1.0,0.0
ACSEmployment-CA,lightgbm,4,0.1,aps,age,mondrian,0.9,1.0,2.0,0.0,1.0,0.0
ACSEmployment-CA,lightgbm,4,0.1,aps,race,mondrian,0.9,1.0,2.0,0.0,1.0,0.0
ACSEmployment-CA,lightgbm,4,0.2,lac,predclass,marginal,0.8,0.7995833333333333,1.0020833333333334,0.09316857325616679,0.7535037098103875,0.002545437624276836
ACSEmployment-CA,lightgbm,4,0.2,lac,sex,marginal,0.8,0.7995833333333333,1.0020833333333334,0.06186645498393961,0.7696038803556993,0.0007055318563273794
ACSEmployment-CA,lightgbm,4,0.2,lac,age,marginal,0.8,0.7995833333333333,1.0020833333333334,0.18340820557929127,0.6820809248554913,0.0028901734104045396
ACSEmployment-CA,lightgbm,4,0.2,lac,race,marginal,0.8,0.7995833333333333,1.0020833333333334,0.024583858145972082,0.7940974605353466,0.004424778761061843
ACSEmployment-CA,lightgbm,4,0.2,lac,predclass,mondrian,0.8,0.8170833333333334,1.045,0.05520995172350085,0.7897774113767518,0.089035449299258
ACSEmployment-CA,lightgbm,4,0.2,lac,sex,mondrian,0.8,0.80625,1.0204166666666667,0.045595430655950064,0.7841552142279709,0.039611964430072755
ACSEmployment-CA,lightgbm,4,0.2,lac,age,mondrian,0.8,0.8291666666666667,1.07,0.06541491093660223,0.7973568281938326,0.2947976878612717
ACSEmployment-CA,lightgbm,4,0.2,lac,race,mondrian,0.8,0.80625,1.015,0.047983187662854254,0.7927247769389156,0.07079646017699126
ACSEmployment-CA,lightgbm,4,0.2,aps,predclass,marginal,0.8,1.0,2.0,0.0,1.0,0.0
ACSEmployment-CA,lightgbm,4,0.2,aps,sex,marginal,0.8,1.0,2.0,0.0,1.0,0.0
ACSEmployment-CA,lightgbm,4,0.2,aps,age,marginal,0.8,1.0,2.0,0.0,1.0,0.0
ACSEmployment-CA,lightgbm,4,0.2,aps,race,marginal,0.8,1.0,2.0,0.0,1.0,0.0
ACSEmployment-CA,lightgbm,4,0.2,aps,predclass,mondrian,0.8,1.0,1.9845833333333334,0.0,1.0,0.031171019376579512
ACSEmployment-CA,lightgbm,4,0.2,aps,sex,mondrian,0.8,1.0,1.9920833333333334,0.0,1.0,0.016337059329320613
ACSEmployment-CA,lightgbm,4,0.2,aps,age,mondrian,0.8,1.0,1.98125,0.0,1.0,0.061141304347826164
ACSEmployment-CA,lightgbm,4,0.2,aps,race,mondrian,0.8,1.0,1.9970833333333333,0.0,1.0,0.013736263736263687
ACSEmployment-CA,mlp,0,0.05,lac,predclass,marginal,0.95,0.9391666666666667,1.4020833333333333,0.04678318580372298,0.9170616113744076,0.17881173884333434
ACSEmployment-CA,mlp,0,0.05,lac,sex,marginal,0.95,0.9391666666666667,1.4020833333333333,0.025856704742433068,0.9263245033112583,0.1512011644961997
ACSEmployment-CA,mlp,0,0.05,lac,age,marginal,0.95,0.9391666666666667,1.4020833333333333,0.04461115107502944,0.9163498098859315,0.4512076918416976
ACSEmployment-CA,mlp,0,0.05,lac,race,marginal,0.95,0.9391666666666667,1.4020833333333333,0.029723825869870546,0.918552036199095,0.06371620266143596
ACSEmployment-CA,mlp,0,0.05,lac,predclass,mondrian,0.95,0.93875,1.40125,0.012466878975567752,0.9328593996840442,0.3042829559417237
ACSEmployment-CA,mlp,0,0.05,lac,sex,mondrian,0.95,0.94,1.4083333333333334,0.019200853371260984,0.9304635761589404,0.12878350148895512
ACSEmployment-CA,mlp,0,0.05,lac,age,mondrian,0.95,0.9320833333333334,1.4108333333333334,0.06169404640167864,0.899135446685879,0.4743143720088965
ACSEmployment-CA,mlp,0,0.05,lac,race,mondrian,0.95,0.9425,1.4133333333333333,0.04579367736381457,0.9320388349514563,0.14959187073130087
ACSEmployment-CA,mlp,0,0.05,aps,predclass,marginal,0.95,1.0,2.0,0.0,1.0,0.0
ACSEmployment-CA,mlp,0,0.05,aps,sex,marginal,0.95,1.0,2.0,0.0,1.0,0.0
ACSEmployment-CA,mlp,0,0.05,aps,age,marginal,0.95,1.0,2.0,0.0,1.0,0.0
ACSEmployment-CA,mlp,0,0.05,aps,race,marginal,0.95,1.0,2.0,0.0,1.0,0.0
ACSEmployment-CA,mlp,0,0.05,aps,predclass,mondrian,0.95,1.0,2.0,0.0,1.0,0.0
ACSEmployment-CA,mlp,0,0.05,aps,sex,mondrian,0.95,1.0,2.0,0.0,1.0,0.0
ACSEmployment-CA,mlp,0,0.05,aps,age,mondrian,0.95,1.0,2.0,0.0,1.0,0.0
ACSEmployment-CA,mlp,0,0.05,aps,race,mondrian,0.95,1.0,2.0,0.0,1.0,0.0
ACSEmployment-CA,mlp,0,0.1,lac,predclass,marginal,0.9,0.8875,1.2270833333333333,0.0929060407733393,0.8436018957345972,0.04766502001889039
ACSEmployment-CA,mlp,0,0.1,lac,sex,marginal,0.9,0.8875,1.2270833333333333,0.004833548157695877,0.8850671140939598,0.09386528290146234
ACSEmployment-CA,mlp,0,0.1,lac,age,marginal,0.9,0.8875,1.2270833333333333,0.0634385239438594,0.8536121673003803,0.3475132192711443
ACSEmployment-CA,mlp,0,0.1,lac,race,marginal,0.9,0.8875,1.2270833333333333,0.025439607281039445,0.8710407239819005,0.05625356938892079
ACSEmployment-CA,mlp,0,0.1,lac,predclass,mondrian,0.9,0.8925,1.2470833333333333,0.01990186982288078,0.8830963665086888,0.26779758770280093
ACSEmployment-CA,mlp,0,0.1,lac,sex,mondrian,0.9,0.8875,1.2279166666666668,0.008500377794568692,0.8832781456953642,0.13054469087514997
ACSEmployment-CA,mlp,0,0.1,lac,age,mondrian,0.9,0.89875,1.25875,0.0628693608148847,0.8587896253602305,0.4597623560159583
ACSEmployment-CA,mlp,0,0.1,lac,race,mondrian,0.9,0.8870833333333333,1.2245833333333334,0.025228370558132873,0.8737864077669902,0.10548297279931451
ACSEmployment-CA,mlp,0,0.1,aps,predclass,marginal,0.9,1.0,2.0,0.0,1.0,0.0
ACSEmployment-CA,mlp,0,0.1,aps,sex,marginal,0.9,1.0,2.0,0.0,1.0,0.0
ACSEmployment-CA,mlp,0,0.1,aps,age,marginal,0.9,1.0,2.0,0.0,1.0,0.0
ACSEmployment-CA,mlp,0,0.1,aps,race,marginal,0.9,1.0,2.0,0.0,1.0,0.0
ACSEmployment-CA,mlp,0,0.1,aps,predclass,mondrian,0.9,1.0,2.0,0.0,1.0,0.0
ACSEmployment-CA,mlp,0,0.1,aps,sex,mondrian,0.9,1.0,2.0,0.0,1.0,0.0
ACSEmployment-CA,mlp,0,0.1,aps,age,mondrian,0.9,1.0,2.0,0.0,1.0,0.0
ACSEmployment-CA,mlp,0,0.1,aps,race,mondrian,0.9,1.0,2.0,0.0,1.0,0.0
ACSEmployment-CA,mlp,0,0.2,lac,predclass,marginal,0.8,0.7991666666666667,1.0,0.10656402283574484,0.7488151658767772,0.0
ACSEmployment-CA,mlp,0,0.2,lac,sex,marginal,0.8,0.7991666666666667,1.0,0.03434597093204139,0.7818791946308725,0.0
ACSEmployment-CA,mlp,0,0.2,lac,age,marginal,0.8,0.7991666666666667,1.0,0.21381035213888244,0.6570605187319885,0.0
ACSEmployment-CA,mlp,0,0.2,lac,race,marginal,0.8,0.7991666666666667,1.0,0.047357273744080386,0.7635467980295566,0.0
ACSEmployment-CA,mlp,0,0.2,lac,predclass,mondrian,0.8,0.8125,1.0354166666666667,0.08128756154032613,0.7740916271721959,0.06714060031595581
ACSEmployment-CA,mlp,0,0.2,lac,sex,mondrian,0.8,0.80625,1.0154166666666666,0.020084225965598446,0.7961409395973155,0.031040268456375752
ACSEmployment-CA,mlp,0,0.2,lac,age,mondrian,0.8,0.8220833333333334,1.0479166666666666,0.14176424262879594,0.729106628242075,0.17002881844380413
ACSEmployment-CA,mlp,0,0.2,lac,race,mondrian,0.8,0.8083333333333333,1.0220833333333332,0.04748934674691385,0.7669902912621359,0.08866995073891615
ACSEmployment-CA,mlp,0,0.2,aps,predclass,marginal,0.8,1.0,1.9954166666666666,0.0,1.0,0.00970017636684295
ACSEmployment-CA,mlp,0,0.2,aps,sex,marginal,0.8,1.0,1.9954166666666666,0.0,1.0,0.004227965687364055
ACSEmployment-CA,mlp,0,0.2,aps,age,marginal,0.8,1.0,1.9954166666666666,0.0,1.0,0.016516516516516422
ACSEmployment-CA,mlp,0,0.2,aps,race,marginal,0.8,1.0,1.9954166666666666,0.0,1.0,0.014456841822570565
ACSEmployment-CA,mlp,0,0.2,aps,predclass,mondrian,0.8,1.0,1.9741666666666666,0.0,1.0,0.05467372134038806
ACSEmployment-CA,mlp,0,0.2,aps,sex,mondrian,0.8,1.0,1.9795833333333333,0.0,1.0,0.040562913907284726
ACSEmployment-CA,mlp,0,0.2,aps,age,mondrian,0.8,1.0,1.97,0.0,1.0,0.0930930930930931
ACSEmployment-CA,mlp,0,0.2,aps,race,mondrian,0.8,1.0,1.9825,0.0,1.0,0.028295376121463045
ACSEmployment-CA,mlp,1,0.05,lac,predclass,marginal,0.95,0.9508333333333333,1.4229166666666666,0.03897270428794819,0.9329221279876638,0.22560256565293657
ACSEmployment-CA,mlp,1,0.05,lac,sex,marginal,0.95,0.9508333333333333,1.4229166666666666,0.004079883336487455,0.9488817891373802,0.127753782101947
ACSEmployment-CA,mlp,1,0.05,lac,age,marginal,0.95,0.9508333333333333,1.4229166666666666,0.07761303729913793,0.9088937093275488,0.36684006063266716
ACSEmployment-CA,mlp,1,0.05,lac,race,marginal,0.95,0.9508333333333333,1.4229166666666666,0.03016109573486614,0.9393939393939394,0.056418990845220396
ACSEmployment-CA,mlp,1,0.05,lac,predclass,mondrian,0.95,0.9554166666666667,1.4329166666666666,0.017070567338952847,0.9475713184271396,0.3279882230490756
ACSEmployment-CA,mlp,1,0.05,lac,sex,mondrian,0.95,0.9516666666666667,1.4258333333333333,0.005822043615233086,0.9488817891373802,0.12332602331043852
ACSEmployment-CA,mlp,1,0.05,lac,age,mondrian,0.95,0.9625,1.4775,0.014213887531372427,0.9558011049723757,0.561142080893255
ACSEmployment-CA,mlp,1,0.05,lac,race,mondrian,0.95,0.9525,1.4283333333333332,0.040262105835876305,0.9292929292929293,0.101010101010101
ACSEmployment-CA,mlp,1,0.05,aps,predclass,marginal,0.95,1.0,2.0,0.0,1.0,0.0
ACSEmployment-CA,mlp,1,0.05,aps,sex,marginal,0.95,1.0,2.0,0.0,1.0,0.0
ACSEmployment-CA,mlp,1,0.05,aps,age,marginal,0.95,1.0,2.0,0.0,1.0,0.0
ACSEmployment-CA,mlp,1,0.05,aps,race,marginal,0.95,1.0,2.0,0.0,1.0,0.0
ACSEmployment-CA,mlp,1,0.05,aps,predclass,mondrian,0.95,1.0,2.0,0.0,1.0,0.0
ACSEmployment-CA,mlp,1,0.05,aps,sex,mondrian,0.95,1.0,2.0,0.0,1.0,0.0
ACSEmployment-CA,mlp,1,0.05,aps,age,mondrian,0.95,1.0,2.0,0.0,1.0,0.0
ACSEmployment-CA,mlp,1,0.05,aps,race,mondrian,0.95,1.0,2.0,0.0,1.0,0.0
ACSEmployment-CA,mlp,1,0.1,lac,predclass,marginal,0.9,0.9008333333333334,1.2470833333333333,0.08787557030625803,0.8604471858134156,0.09148596628945649
ACSEmployment-CA,mlp,1,0.1,lac,sex,marginal,0.9,0.9008333333333334,1.2470833333333333,0.01977602386703914,0.8913738019169329,0.0895876701806726
ACSEmployment-CA,mlp,1,0.1,lac,age,marginal,0.9,0.9008333333333334,1.2470833333333333,0.12400291566923716,0.8370165745856354,0.23016862214019485
ACSEmployment-CA,mlp,1,0.1,lac,race,marginal,0.9,0.9008333333333334,1.2470833333333333,0.04392874884678166,0.8787878787878788,0.04944054124381991
ACSEmployment-CA,mlp,1,0.1,lac,predclass,mondrian,0.9,0.90375,1.2591666666666668,0.027116765029278067,0.8912875867386276,0.2681870639476973
ACSEmployment-CA,mlp,1,0.1,lac,sex,mondrian,0.9,0.9,1.2520833333333334,0.0036735648050227887,0.8980836236933798,0.1542758067927552
ACSEmployment-CA,mlp,1,0.1,lac,age,mondrian,0.9,0.9033333333333333,1.27,0.04749194701767967,0.8763557483731019,0.5309541361915728
ACSEmployment-CA,mlp,1,0.1,lac,race,mondrian,0.9,0.9045833333333333,1.2658333333333334,0.05303030303030298,0.8686868686868687,0.16666666666666652
ACSEmployment-CA,mlp,1,0.1,aps,predclass,marginal,0.9,1.0,2.0,0.0,1.0,0.0
ACSEmployment-CA,mlp,1,0.1,aps,sex,marginal,0.9,1.0,2.0,0.0,1.0,0.0
ACSEmployment-CA,mlp,1,0.1,aps,age,marginal,0.9,1.0,2.0,0.0,1.0,0.0
ACSEmployment-CA,mlp,1,0.1,aps,race,marginal,0.9,1.0,2.0,0.0,1.0,0.0
ACSEmployment-CA,mlp,1,0.1,aps,predclass,mondrian,0.9,1.0,2.0,0.0,1.0,0.0
ACSEmployment-CA,mlp,1,0.1,aps,sex,mondrian,0.9,1.0,2.0,0.0,1.0,0.0
ACSEmployment-CA,mlp,1,0.1,aps,age,mondrian,0.9,1.0,2.0,0.0,1.0,0.0
ACSEmployment-CA,mlp,1,0.1,aps,race,mondrian,0.9,1.0,2.0,0.0,1.0,0.0
ACSEmployment-CA,mlp,1,0.2,lac,predclass,marginal,0.8,0.7958333333333333,1.0029166666666667,0.12615066081081172,0.7378565921356978,0.0020418134882715933
ACSEmployment-CA,mlp,1,0.2,lac,sex,marginal,0.8,0.7958333333333333,1.0029166666666667,0.06242277164898535,0.7659744408945687,0.0010881544233058982
ACSEmployment-CA,mlp,1,0.2,lac,age,marginal,0.8,0.7958333333333333,1.0029166666666667,0.20232011066290057,0.6657458563535912,0.008287292817679592
ACSEmployment-CA,mlp,1,0.2,lac,race,marginal,0.8,0.7958333333333333,1.0029166666666667,0.022608993920469334,0.7853535353535354,0.0047361299052774974
ACSEmployment-CA,mlp,1,0.2,lac,predclass,mondrian,0.8,0.82125,1.05875,0.07744142106304319,0.7856592135697764,0.10871241326137238
ACSEmployment-CA,mlp,1,0.2,lac,sex,mondrian,0.8,0.8120833333333334,1.035,0.03127261190457642,0.7971246006389776,0.06709265175718859
ACSEmployment-CA,mlp,1,0.2,lac,age,mondrian,0.8,0.8270833333333333,1.0670833333333334,0.07264046935317592,0.7939262472885033,0.3287292817679559
ACSEmployment-CA,mlp,1,0.2,lac,race,mondrian,0.8,0.79875,1.0095833333333333,0.02729283466988386,0.7853535353535354,0.012178619756427533
ACSEmployment-CA,mlp,1,0.2,aps,predclass,marginal,0.8,1.0,2.0,0.0,1.0,0.0
ACSEmployment-CA,mlp,1,0.2,aps,sex,marginal,0.8,1.0,2.0,0.0,1.0,0.0
ACSEmployment-CA,mlp,1,0.2,aps,age,marginal,0.8,1.0,2.0,0.0,1.0,0.0
ACSEmployment-CA,mlp,1,0.2,aps,race,marginal,0.8,1.0,2.0,0.0,1.0,0.0
ACSEmployment-CA,mlp,1,0.2,aps,predclass,mondrian,0.8,1.0,1.9766666666666666,0.0,1.0,0.050770625566636474
ACSEmployment-CA,mlp,1,0.2,aps,sex,mondrian,0.8,1.0,1.98375,0.0,1.0,0.03397212543554007
ACSEmployment-CA,mlp,1,0.2,aps,age,mondrian,0.8,0.9995833333333334,1.9795833333333333,0.002169197396963085,0.9978308026030369,0.05697151424287861
ACSEmployment-CA,mlp,1,0.2,aps,race,mondrian,0.8,1.0,1.9958333333333333,0.0,1.0,0.05050505050505061
ACSEmployment-CA,mlp,2,0.05,lac,predclass,marginal,0.95,0.9475,1.42375,0.050438375666244206,0.9221757322175732,0.18770117536762787
ACSEmployment-CA,mlp,2,0.05,lac,sex,marginal,0.95,0.9475,1.42375,0.012546539076156327,0.9412737799834574,0.14219758194731802
ACSEmployment-CA,mlp,2,0.05,lac,age,marginal,0.95,0.9475,1.42375,0.040119154351158315,0.9260780287474333,0.4252534314165246
ACSEmployment-CA,mlp,2,0.05,lac,race,marginal,0.95,0.9475,1.42375,0.02940638155085118,0.9435665914221218,0.038769804287045684
ACSEmployment-CA,mlp,2,0.05,lac,predclass,mondrian,0.95,0.95125,1.4366666666666668,0.01457316967308464,0.9439330543933054,0.3186444209100854
ACSEmployment-CA,mlp,2,0.05,lac,sex,mondrian,0.95,0.9520833333333333,1.4445833333333333,0.0015521706429320048,0.9513014273719563,0.07250616180493474
ACSEmployment-CA,mlp,2,0.05,lac,age,mondrian,0.95,0.9533333333333334,1.4720833333333334,0.034055871874271615,0.9352112676056338,0.507248587063784
ACSEmployment-CA,mlp,2,0.05,lac,race,mondrian,0.95,0.9495833333333333,1.4383333333333332,0.02940638155085118,0.9435665914221218,0.08026208026208015
ACSEmployment-CA,mlp,2,0.05,aps,predclass,marginal,0.95,1.0,2.0,0.0,1.0,0.0
ACSEmployment-CA,mlp,2,0.05,aps,sex,marginal,0.95,1.0,2.0,0.0,1.0,0.0
ACSEmployment-CA,mlp,2,0.05,aps,age,marginal,0.95,1.0,2.0,0.0,1.0,0.0
ACSEmployment-CA,mlp,2,0.05,aps,race,marginal,0.95,1.0,2.0,0.0,1.0,0.0
ACSEmployment-CA,mlp,2,0.05,aps,predclass,mondrian,0.95,1.0,2.0,0.0,1.0,0.0
ACSEmployment-CA,mlp,2,0.05,aps,sex,mondrian,0.95,1.0,2.0,0.0,1.0,0.0
ACSEmployment-CA,mlp,2,0.05,aps,age,mondrian,0.95,1.0,2.0,0.0,1.0,0.0
ACSEmployment-CA,mlp,2,0.05,aps,race,mondrian,0.95,1.0,2.0,0.0,1.0,0.0
ACSEmployment-CA,mlp,2,0.1,lac,predclass,marginal,0.9,0.9025,1.2729166666666667,0.08414729422385803,0.8602510460251046,0.07144221253841199
ACSEmployment-CA,mlp,2,0.1,lac,sex,marginal,0.9,0.9025,1.2729166666666667,0.006462863536073948,0.8992443324937027,0.08159833990661958
ACSEmployment-CA,mlp,2,0.1,lac,age,marginal,0.9,0.9025,1.2729166666666667,0.06544157649761229,0.8669527896995708,0.33343500493406286
ACSEmployment-CA,mlp,2,0.1,lac,race,marginal,0.9,0.9025,1.2729166666666667,0.04552279552279548,0.8914141414141414,0.11145236145236148
ACSEmployment-CA,mlp,2,0.1,lac,predclass,mondrian,0.9,0.89625,1.2683333333333333,0.02169829337314888,0.8853556485355648,0.26724075070747766
ACSEmployment-CA,mlp,2,0.1,lac,sex,mondrian,0.9,0.9025,1.2716666666666667,0.0014625822702526436,0.9017632241813602,0.09741381286030659
ACSEmployment-CA,mlp,2,0.1,lac,age,mondrian,0.9,0.9095833333333333,1.2966666666666666,0.02770960527111166,0.8971830985915493,0.47238718937830826
ACSEmployment-CA,mlp,2,0.1,lac,race,mondrian,0.9,0.9016666666666666,1.2766666666666666,0.04552279552279548,0.8914141414141414,0.09377559377559375
ACSEmployment-CA,mlp,2,0.1,aps,predclass,marginal,0.9,1.0,2.0,0.0,1.0,0.0
ACSEmployment-CA,mlp,2,0.1,aps,sex,marginal,0.9,1.0,2.0,0.0,1.0,0.0
ACSEmployment-CA,mlp,2,0.1,aps,age,marginal,0.9,1.0,2.0,0.0,1.0,0.0
ACSEmployment-CA,mlp,2,0.1,aps,race,marginal,0.9,1.0,2.0,0.0,1.0,0.0
ACSEmployment-CA,mlp,2,0.1,aps,predclass,mondrian,0.9,1.0,2.0,0.0,1.0,0.0
ACSEmployment-CA,mlp,2,0.1,aps,sex,mondrian,0.9,1.0,2.0,0.0,1.0,0.0
ACSEmployment-CA,mlp,2,0.1,aps,age,mondrian,0.9,1.0,2.0,0.0,1.0,0.0
ACSEmployment-CA,mlp,2,0.1,aps,race,mondrian,0.9,1.0,2.0,0.0,1.0,0.0
ACSEmployment-CA,mlp,2,0.2,lac,predclass,marginal,0.8,0.8016666666666666,1.0054166666666666,0.09165436899946178,0.7556485355648536,0.0008784874737408632
ACSEmployment-CA,mlp,2,0.2,lac,sex,marginal,0.8,0.8016666666666666,1.0054166666666666,0.022976292416448385,0.7900923593618808,0.00424815562542058
ACSEmployment-CA,mlp,2,0.2,lac,age,marginal,0.8,0.8016666666666666,1.0054166666666666,0.1577823629676146,0.7070063694267515,0.01273885350318471
ACSEmployment-CA,mlp,2,0.2,lac,race,marginal,0.8,0.8016666666666666,1.0054166666666666,0.0342667724157566,0.7855530474040632,0.008761429190323078
ACSEmployment-CA,mlp,2,0.2,lac,predclass,mondrian,0.8,0.815,1.0504166666666668,0.05820934391222066,0.7857740585774059,0.10125523012552295
ACSEmployment-CA,mlp,2,0.2,lac,sex,mondrian,0.8,0.805,1.0116666666666667,0.014592487494088258,0.797649034424853,0.02350965575146935
ACSEmployment-CA,mlp,2,0.2,lac,age,mondrian,0.8,0.83125,1.0779166666666666,0.07497981519691388,0.7898089171974523,0.21019108280254772
ACSEmployment-CA,mlp,2,0.2,lac,race,mondrian,0.8,0.8041666666666667,1.0108333333333333,0.01846541801395074,0.801354401805869,0.05643340857787815
ACSEmployment-CA,mlp,2,0.2,aps,predclass,marginal,0.8,1.0,2.0,0.0,1.0,0.0
ACSEmployment-CA,mlp,2,0.2,aps,sex,marginal,0.8,1.0,2.0,0.0,1.0,0.0
ACSEmployment-CA,mlp,2,0.2,aps,age,marginal,0.8,1.0,2.0,0.0,1.0,0.0
ACSEmployment-CA,mlp,2,0.2,aps,race,marginal,0.8,1.0,2.0,0.0,1.0,0.0
ACSEmployment-CA,mlp,2,0.2,aps,predclass,mondrian,0.8,1.0,1.98375,0.0,1.0,0.032365145228215875
ACSEmployment-CA,mlp,2,0.2,aps,sex,mondrian,0.8,1.0,1.9970833333333333,0.0,1.0,0.005789909015715411
ACSEmployment-CA,mlp,2,0.2,aps,age,mondrian,0.8,1.0,1.9725,0.0,1.0,0.07183098591549286
ACSEmployment-CA,mlp,2,0.2,aps,race,mondrian,0.8,1.0,1.9995833333333333,0.0,1.0,0.0006896551724138167
ACSEmployment-CA,mlp,3,0.05,lac,predclass,marginal,0.95,0.9416666666666667,1.3933333333333333,0.05096073517126154,0.9174603174603174,0.176106934001671
ACSEmployment-CA,mlp,3,0.05,lac,sex,marginal,0.95,0.9416666666666667,1.3933333333333333,0.015681089148172456,0.9337803855825649,0.15208295282270012
ACSEmployment-CA,mlp,3,0.05,lac,age,marginal,0.95,0.9416666666666667,1.3933333333333333,0.08644698149109142,0.8922764227642277,0.4999863257213182
ACSEmployment-CA,mlp,3,0.05,lac,race,marginal,0.95,0.9416666666666667,1.3933333333333333,0.022049320301672837,0.9212598425196851,0.0402659069325737
ACSEmployment-CA,mlp,3,0.05,lac,predclass,mondrian,0.95,0.9425,1.40875,0.0042606516290727425,0.9404761904761905,0.35417710944026726
ACSEmployment-CA,mlp,3,0.05,lac,sex,mondrian,0.95,0.9420833333333334,1.39375,0.021509759707101117,0.9312657166806371,0.16457851690786707
ACSEmployment-CA,mlp,3,0.05,lac,age,mondrian,0.95,0.94125,1.41875,0.044820697233043605,0.9197183098591549,0.6155977938830393
ACSEmployment-CA,mlp,3,0.05,lac,race,mondrian,0.95,0.945,1.4166666666666667,0.05211280033634558,0.9400131839156229,0.3426987579090517
ACSEmployment-CA,mlp,3,0.05,aps,predclass,marginal,0.95,1.0,2.0,0.0,1.0,0.0
ACSEmployment-CA,mlp,3,0.05,aps,sex,marginal,0.95,1.0,2.0,0.0,1.0,0.0
ACSEmployment-CA,mlp,3,0.05,aps,age,marginal,0.95,1.0,2.0,0.0,1.0,0.0
ACSEmployment-CA,mlp,3,0.05,aps,race,marginal,0.95,1.0,2.0,0.0,1.0,0.0
ACSEmployment-CA,mlp,3,0.05,aps,predclass,mondrian,0.95,1.0,2.0,0.0,1.0,0.0
ACSEmployment-CA,mlp,3,0.05,aps,sex,mondrian,0.95,1.0,2.0,0.0,1.0,0.0
ACSEmployment-CA,mlp,3,0.05,aps,age,mondrian,0.95,1.0,2.0,0.0,1.0,0.0
ACSEmployment-CA,mlp,3,0.05,aps,race,mondrian,0.95,1.0,2.0,0.0,1.0,0.0
ACSEmployment-CA,mlp,3,0.1,lac,predclass,marginal,0.9,0.89125,1.2175,0.07848788638262327,0.8539682539682539,0.08178780284043441
ACSEmployment-CA,mlp,3,0.1,lac,sex,marginal,0.9,0.89125,1.2175,0.008769048391229939,0.8868398994132439,0.1007992633082655
ACSEmployment-CA,mlp,3,0.1,lac,age,marginal,0.9,0.89125,1.2175,0.08558207922504757,0.8434959349593496,0.3305392223893522
ACSEmployment-CA,mlp,3,0.1,lac,race,marginal,0.9,0.89125,1.2175,0.045435987168270575,0.8582677165354331,0.05868945868945863
ACSEmployment-CA,mlp,3,0.1,lac,predclass,mondrian,0.9,0.89375,1.2391666666666667,0.0014619883040936088,0.8929824561403509,0.29515455304928984
ACSEmployment-CA,mlp,3,0.1,lac,sex,mondrian,0.9,0.8908333333333334,1.22,0.02127433502945586,0.8801341156747695,0.14410490356963535
ACSEmployment-CA,mlp,3,0.1,lac,age,mondrian,0.9,0.8933333333333333,1.25125,0.06615056770885364,0.8605633802816901,0.513842928118875
ACSEmployment-CA,mlp,3,0.1,lac,race,mondrian,0.9,0.8975,1.2345833333333334,0.06679677565024211,0.8859591298615689,0.2542834749479652
ACSEmployment-CA,mlp,3,0.1,aps,predclass,marginal,0.9,1.0,2.0,0.0,1.0,0.0
ACSEmployment-CA,mlp,3,0.1,aps,sex,marginal,0.9,1.0,2.0,0.0,1.0,0.0
ACSEmployment-CA,mlp,3,0.1,aps,age,marginal,0.9,1.0,2.0,0.0,1.0,0.0
ACSEmployment-CA,mlp,3,0.1,aps,race,marginal,0.9,1.0,2.0,0.0,1.0,0.0
ACSEmployment-CA,mlp,3,0.1,aps,predclass,mondrian,0.9,1.0,2.0,0.0,1.0,0.0
ACSEmployment-CA,mlp,3,0.1,aps,sex,mondrian,0.9,1.0,2.0,0.0,1.0,0.0
ACSEmployment-CA,mlp,3,0.1,aps,age,mondrian,0.9,1.0,2.0,0.0,1.0,0.0
ACSEmployment-CA,mlp,3,0.1,aps,race,mondrian,0.9,1.0,2.0,0.0,1.0,0.0
ACSEmployment-CA,mlp,3,0.2,lac,predclass,marginal,0.8,0.7929166666666667,1.0,0.11040100250626561,0.7404761904761905,0.0
ACSEmployment-CA,mlp,3,0.2,lac,sex,marginal,0.8,0.7929166666666667,1.0,0.03008505150522478,0.7779618889809445,0.0
ACSEmployment-CA,mlp,3,0.2,lac,age,marginal,0.8,0.7929166666666667,1.0,0.17250102557090108,0.6796116504854369,0.0
ACSEmployment-CA,mlp,3,0.2,lac,race,marginal,0.8,0.7929166666666667,1.0,0.027735052125296034,0.7870797626895187,0.0
ACSEmployment-CA,mlp,3,0.2,lac,predclass,mondrian,0.8,0.8158333333333333,1.0495833333333333,0.066750208855472,0.7841269841269841,0.09444444444444455
ACSEmployment-CA,mlp,3,0.2,lac,sex,mondrian,0.8,0.8054166666666667,1.0245833333333334,0.0052300390777185735,0.8028169014084507,0.048881524440762325
ACSEmployment-CA,mlp,3,0.2,lac,age,mondrian,0.8,0.81875,1.0575,0.07743456446835517,0.7746781115879828,0.28478964401294493
ACSEmployment-CA,mlp,3,0.2,lac,race,mondrian,0.8,0.7941666666666667,1.0045833333333334,0.027735052125296034,0.7870797626895187,0.03937007874015741
ACSEmployment-CA,mlp,3,0.2,aps,predclass,marginal,0.8,1.0,1.9975,0.0,1.0,0.0052631578947368585
ACSEmployment-CA,mlp,3,0.2,aps,sex,marginal,0.8,1.0,1.9975,0.0,1.0,0.0016375557223822224
ACSEmployment-CA,mlp,3,0.2,aps,age,marginal,0.8,1.0,1.9975,0.0,1.0,0.008450704225352101
ACSEmployment-CA,mlp,3,0.2,aps,race,marginal,0.8,1.0,1.9975,0.0,1.0,0.006555624185737408
ACSEmployment-CA,mlp,3,0.2,aps,predclass,mondrian,0.8,1.0,1.975,0.0,1.0,0.05263157894736836
ACSEmployment-CA,mlp,3,0.2,aps,sex,mondrian,0.8,1.0,1.98625,0.0,1.0,0.027661357921207053
ACSEmployment-CA,mlp,3,0.2,aps,age,mondrian,0.8,1.0,1.9725,0.0,1.0,0.09295774647887334
ACSEmployment-CA,mlp,3,0.2,aps,race,mondrian,0.8,1.0,1.99875,0.0,1.0,0.0019775873434411118
ACSEmployment-CA,mlp,4,0.05,lac,predclass,marginal,0.95,0.9404166666666667,1.4883333333333333,0.044174649642555464,0.9205748865355522,0.2634283805669151
ACSEmployment-CA,mlp,4,0.05,lac,sex,marginal,0.95,0.9404166666666667,1.4883333333333333,0.013838850963172611,0.9337105901374293,0.1183319419642701
ACSEmployment-CA,mlp,4,0.05,lac,age,marginal,0.95,0.9404166666666667,1.4883333333333333,0.08552485204467586,0.8942731277533039,0.5617696029153052
ACSEmployment-CA,mlp,4,0.05,lac,race,marginal,0.95,0.9404166666666667,1.4883333333333333,0.023825731790333537,0.9230769230769231,0.04913449382475932
ACSEmployment-CA,mlp,4,0.05,lac,predclass,mondrian,0.95,0.9516666666666667,1.5170833333333333,0.006562272825510362,0.948051948051948,0.4587682686883032
ACSEmployment-CA,mlp,4,0.05,lac,sex,mondrian,0.95,0.9416666666666667,1.495,0.014750133981542124,0.9345189975747777,0.10624267098373386
ACSEmployment-CA,mlp,4,0.05,lac,age,mondrian,0.95,0.9475,1.5058333333333334,0.05219312692138778,0.9225543478260869,0.5836106588776098
ACSEmployment-CA,mlp,4,0.05,lac,race,mondrian,0.95,0.9408333333333333,1.4895833333333333,0.025449327611304362,0.9203296703296703,0.09145704132116217
ACSEmployment-CA,mlp,4,0.05,aps,predclass,marginal,0.95,1.0,2.0,0.0,1.0,0.0
ACSEmployment-CA,mlp,4,0.05,aps,sex,marginal,0.95,1.0,2.0,0.0,1.0,0.0
ACSEmployment-CA,mlp,4,0.05,aps,age,marginal,0.95,1.0,2.0,0.0,1.0,0.0
ACSEmployment-CA,mlp,4,0.05,aps,race,marginal,0.95,1.0,2.0,0.0,1.0,0.0
ACSEmployment-CA,mlp,4,0.05,aps,predclass,mondrian,0.95,1.0,2.0,0.0,1.0,0.0
ACSEmployment-CA,mlp,4,0.05,aps,sex,mondrian,0.95,1.0,2.0,0.0,1.0,0.0
ACSEmployment-CA,mlp,4,0.05,aps,age,mondrian,0.95,1.0,2.0,0.0,1.0,0.0
ACSEmployment-CA,mlp,4,0.05,aps,race,mondrian,0.95,1.0,2.0,0.0,1.0,0.0
ACSEmployment-CA,mlp,4,0.1,lac,predclass,marginal,0.9,0.895,1.30875,0.08957586610493462,0.8547655068078669,0.10076232390907114
ACSEmployment-CA,mlp,4,0.1,lac,sex,marginal,0.9,0.895,1.30875,0.020210881038987716,0.8852061438965239,0.1252461541562777
ACSEmployment-CA,mlp,4,0.1,lac,age,marginal,0.9,0.895,1.30875,0.12984470253192715,0.8348017621145375,0.40375251319426986
ACSEmployment-CA,mlp,4,0.1,lac,race,marginal,0.9,0.895,1.30875,0.024791269128949356,0.8791208791208791,0.03459041186581713
ACSEmployment-CA,mlp,4,0.1,lac,predclass,mondrian,0.9,0.8975,1.32125,0.009253983535375432,0.8933434190620272,0.37101400868420553
ACSEmployment-CA,mlp,4,0.1,lac,sex,mondrian,0.9,0.89625,1.31,0.007776142735698044,0.8924818108326596,0.16770944043330083
ACSEmployment-CA,mlp,4,0.1,lac,age,mondrian,0.9,0.9016666666666666,1.3516666666666666,0.07555425205899247,0.8627717391304348,0.5037229457958246
ACSEmployment-CA,mlp,4,0.1,lac,race,mondrian,0.9,0.8975,1.315,0.03646285080739442,0.8736263736263736,0.07493880625117688
ACSEmployment-CA,mlp,4,0.1,aps,predclass,marginal,0.9,1.0,2.0,0.0,1.0,0.0
ACSEmployment-CA,mlp,4,0.1,aps,sex,marginal,0.9,1.0,2.0,0.0,1.0,0.0
ACSEmployment-CA,mlp,4,0.1,aps,age,marginal,0.9,1.0,2.0,0.0,1.0,0.0
ACSEmployment-CA,mlp,4,0.1,aps,race,marginal,0.9,1.0,2.0,0.0,1.0,0.0
ACSEmployment-CA,mlp,4,0.1,aps,predclass,mondrian,0.9,1.0,2.0,0.0,1.0,0.0
ACSEmployment-CA,mlp,4,0.1,aps,sex,mondrian,0.9,1.0,2.0,0.0,1.0,0.0
ACSEmployment-CA,mlp,4,0.1,aps,age,mondrian,0.9,1.0,2.0,0.0,1.0,0.0
ACSEmployment-CA,mlp,4,0.1,aps,race,mondrian,0.9,1.0,2.0,0.0,1.0,0.0
ACSEmployment-CA,mlp,4,0.2,lac,predclass,marginal,0.8,0.78,1.0104166666666667,0.14173162044352883,0.716338880484115,0.008034433688205
ACSEmployment-CA,mlp,4,0.2,lac,sex,marginal,0.8,0.78,1.0104166666666667,0.03479975059622653,0.7631366208569119,0.010200669942466156
ACSEmployment-CA,mlp,4,0.2,lac,age,marginal,0.8,0.78,1.0104166666666667,0.13039551394822824,0.7052023121387283,0.030303030303030276
ACSEmployment-CA,mlp,4,0.2,lac,race,marginal,0.8,0.78,1.0104166666666667,0.03270121433859885,0.7559055118110236,0.019230769230769162
ACSEmployment-CA,mlp,4,0.2,lac,predclass,mondrian,0.8,0.8191666666666667,1.0916666666666666,0.06220686596740199,0.7912254160363086,0.16641452344931928
ACSEmployment-CA,mlp,4,0.2,lac,sex,mondrian,0.8,0.7908333333333334,1.0379166666666666,0.005439893899130577,0.788197251414713,0.07356507679870661
ACSEmployment-CA,mlp,4,0.2,lac,age,mondrian,0.8,0.8145833333333333,1.0825,0.04349023175636846,0.7907488986784141,0.2398843930635839
ACSEmployment-CA,mlp,4,0.2,lac,race,mondrian,0.8,0.7891666666666667,1.0291666666666666,0.042309999513616026,0.7559055118110236,0.06194690265486735
ACSEmployment-CA,mlp,4,0.2,aps,predclass,marginal,0.8,1.0,2.0,0.0,1.0,0.0
ACSEmployment-CA,mlp,4,0.2,aps,sex,marginal,0.8,1.0,2.0,0.0,1.0,0.0
ACSEmployment-CA,mlp,4,0.2,aps,age,marginal,0.8,1.0,2.0,0.0,1.0,0.0
ACSEmployment-CA,mlp,4,0.2,aps,race,marginal,0.8,1.0,2.0,0.0,1.0,0.0
ACSEmployment-CA,mlp,4,0.2,aps,predclass,mondrian,0.8,1.0,1.9745833333333334,0.0,1.0,0.05658627087198509
ACSEmployment-CA,mlp,4,0.2,aps,sex,mondrian,0.8,1.0,1.99375,0.0,1.0,0.012897678417884695
ACSEmployment-CA,mlp,4,0.2,aps,age,mondrian,0.8,1.0,1.9775,0.0,1.0,0.07336956521739135
ACSEmployment-CA,mlp,4,0.2,aps,race,mondrian,0.8,1.0,1.9979166666666666,0.0,1.0,0.013736263736263687
